2026-08-19 14:24:30,051:WARNING:
'cuml' is a soft dependency and not included in the pycaret installation. Please run: `pip install cuml` to install.
2026-08-19 14:24:30,052:WARNING:
'cuml' is a soft dependency and not included in the pycaret installation. Please run: `pip install cuml` to install.
2026-08-19 14:24:30,052:WARNING:
'cuml' is a soft dependency and not included in the pycaret installation. Please run: `pip install cuml` to install.
2026-08-19 14:24:30,052:WARNING:
'cuml' is a soft dependency and not included in the pycaret installation. Please run: `pip install cuml` to install.
2026-08-19 14:24:30,214:INFO:PyCaret RegressionExperiment
2026-08-19 14:24:30,215:INFO:Logging name: reg-default-name
2026-08-19 14:24:30,215:INFO:ML Usecase: MLUsecase.REGRESSION
2026-08-19 14:24:30,216:INFO:version 3.3.2
2026-08-19 14:24:30,216:INFO:Initializing setup()
2026-08-19 14:24:30,216:INFO:self.USI: 00d2
2026-08-19 14:24:30,216:INFO:self._variable_keys: {'exp_name_log', 'y_test', 'target_param', '_available_plots', 'idx', 'X_train', 'exp_id', 'gpu_n_jobs_param', 'data', 'seed', 'n_jobs_param', 'memory', 'USI', 'X_test', 'y', 'y_train', '_ml_usecase', 'transform_target_param', 'X', 'html_param', 'fold_groups_param', 'logging_param', 'fold_generator', 'log_plots_param', 'gpu_param', 'fold_shuffle_param', 'pipeline'}
2026-08-19 14:24:30,216:INFO:Checking environment
2026-08-19 14:24:30,217:INFO:python_version: 3.11.0
2026-08-19 14:24:30,217:INFO:python_build: ('main', 'Oct 24 2022 18:26:48')
2026-08-19 14:24:30,217:INFO:machine: AMD64
2026-08-19 14:24:30,287:INFO:platform: Windows-10-10.0.26200-SP0
2026-08-19 14:24:30,287:INFO:Memory: svmem(total=12581920768, available=391118848, percent=96.9, used=12190801920, free=391118848)
2026-08-19 14:24:30,287:INFO:Physical Core: 10
2026-08-19 14:24:30,287:INFO:Logical Core: 12
2026-08-19 14:24:30,287:INFO:Checking libraries
2026-08-19 14:24:30,288:INFO:System:
2026-08-19 14:24:30,288:INFO:    python: 3.11.0 (main, Oct 24 2022, 18:26:48) [MSC v.1933 64 bit (AMD64)]
2026-08-19 14:24:30,288:INFO:executable: C:\Users\knish\PycharmProjects\AutoML-Smart-Prediction\.venv\Scripts\python.exe
2026-08-19 14:24:30,288:INFO:   machine: Windows-10-10.0.26200-SP0
2026-08-19 14:24:30,288:INFO:PyCaret required dependencies:
2026-08-19 14:24:30,294:WARNING:C:\Users\knish\PycharmProjects\AutoML-Smart-Prediction\.venv\Lib\site-packages\_distutils_hack\__init__.py:30: UserWarning: Setuptools is replacing distutils. Support for replacing an already imported distutils is deprecated. In the future, this condition will fail. Register concerns at https://github.com/pypa/setuptools/issues/new?template=distutils-deprecation.yml
  warnings.warn(

2026-08-19 14:24:30,544:INFO:                 pip: 26.0.1
2026-08-19 14:24:30,544:INFO:          setuptools: 82.0.0
2026-08-19 14:24:30,544:INFO:             pycaret: 3.3.2
2026-08-19 14:24:30,544:INFO:             IPython: 9.16.1
2026-08-19 14:24:30,544:INFO:          ipywidgets: 8.1.8
2026-08-19 14:24:30,544:INFO:                tqdm: 4.70.0
2026-08-19 14:24:30,544:INFO:               numpy: 1.26.4
2026-08-19 14:24:30,544:INFO:              pandas: 2.1.4
2026-08-19 14:24:30,544:INFO:              jinja2: 3.1.6
2026-08-19 14:24:30,544:INFO:               scipy: 1.11.4
2026-08-19 14:24:30,545:INFO:              joblib: 1.3.2
2026-08-19 14:24:30,545:INFO:             sklearn: 1.4.2
2026-08-19 14:24:30,545:INFO:                pyod: 3.4.0
2026-08-19 14:24:30,545:INFO:            imblearn: 0.14.2
2026-08-19 14:24:30,545:INFO:   category_encoders: 2.7.0
2026-08-19 14:24:30,545:INFO:            lightgbm: 4.7.0
2026-08-19 14:24:30,545:INFO:               numba: 0.67.0
2026-08-19 14:24:30,545:INFO:            requests: 2.34.2
2026-08-19 14:24:30,545:INFO:          matplotlib: 3.7.5
2026-08-19 14:24:30,545:INFO:          scikitplot: 0.3.7
2026-08-19 14:24:30,545:INFO:         yellowbrick: 1.5
2026-08-19 14:24:30,545:INFO:              plotly: 6.9.0
2026-08-19 14:24:30,545:INFO:    plotly-resampler: Not installed
2026-08-19 14:24:30,545:INFO:             kaleido: 1.3.0
2026-08-19 14:24:30,545:INFO:           schemdraw: 0.15
2026-08-19 14:24:30,545:INFO:         statsmodels: 0.14.6
2026-08-19 14:24:30,545:INFO:              sktime: 0.26.0
2026-08-19 14:24:30,545:INFO:               tbats: 1.1.3
2026-08-19 14:24:30,545:INFO:            pmdarima: 2.0.4
2026-08-19 14:24:30,545:INFO:              psutil: 7.2.2
2026-08-19 14:24:30,545:INFO:          markupsafe: 3.0.3
2026-08-19 14:24:30,545:INFO:             pickle5: Not installed
2026-08-19 14:24:30,545:INFO:         cloudpickle: 3.1.2
2026-08-19 14:24:30,545:INFO:         deprecation: 2.1.0
2026-08-19 14:24:30,545:INFO:              xxhash: 4.0.0
2026-08-19 14:24:30,545:INFO:           wurlitzer: Not installed
2026-08-19 14:24:30,545:INFO:PyCaret optional dependencies:
2026-08-19 14:24:33,483:INFO:                shap: Not installed
2026-08-19 14:24:33,484:INFO:           interpret: Not installed
2026-08-19 14:24:33,484:INFO:                umap: Not installed
2026-08-19 14:24:33,484:INFO:     ydata_profiling: Not installed
2026-08-19 14:24:33,484:INFO:  explainerdashboard: Not installed
2026-08-19 14:24:33,484:INFO:             autoviz: Not installed
2026-08-19 14:24:33,484:INFO:           fairlearn: Not installed
2026-08-19 14:24:33,484:INFO:          deepchecks: Not installed
2026-08-19 14:24:33,484:INFO:             xgboost: Not installed
2026-08-19 14:24:33,484:INFO:            catboost: Not installed
2026-08-19 14:24:33,484:INFO:              kmodes: Not installed
2026-08-19 14:24:33,485:INFO:             mlxtend: Not installed
2026-08-19 14:24:33,485:INFO:       statsforecast: Not installed
2026-08-19 14:24:33,485:INFO:        tune_sklearn: Not installed
2026-08-19 14:24:33,485:INFO:                 ray: Not installed
2026-08-19 14:24:33,485:INFO:            hyperopt: Not installed
2026-08-19 14:24:33,485:INFO:              optuna: Not installed
2026-08-19 14:24:33,485:INFO:               skopt: Not installed
2026-08-19 14:24:33,485:INFO:              mlflow: Not installed
2026-08-19 14:24:33,485:INFO:              gradio: Not installed
2026-08-19 14:24:33,485:INFO:             fastapi: 0.141.1
2026-08-19 14:24:33,485:INFO:             uvicorn: 0.52.3
2026-08-19 14:24:33,485:INFO:              m2cgen: Not installed
2026-08-19 14:24:33,485:INFO:           evidently: Not installed
2026-08-19 14:24:33,486:INFO:               fugue: Not installed
2026-08-19 14:24:33,486:INFO:           streamlit: 1.61.1
2026-08-19 14:24:33,486:INFO:             prophet: Not installed
2026-08-19 14:24:33,486:INFO:None
2026-08-19 14:24:33,486:INFO:Set up data.
2026-08-19 14:24:33,957:INFO:Set up folding strategy.
2026-08-19 14:24:33,957:INFO:Set up train/test split.
2026-08-19 14:24:34,009:INFO:Set up index.
2026-08-19 14:24:34,011:INFO:Assigning column types.
2026-08-19 14:24:34,023:INFO:Engine successfully changes for model 'lr' to 'sklearn'.
2026-08-19 14:24:34,023:INFO:Engine for model 'lasso' has not been set explicitly, hence returning None.
2026-08-19 14:24:34,034:INFO:Engine for model 'ridge' has not been set explicitly, hence returning None.
2026-08-19 14:24:34,043:INFO:Engine for model 'en' has not been set explicitly, hence returning None.
2026-08-19 14:24:34,395:INFO:Engine for model 'svm' has not been set explicitly, hence returning None.
2026-08-19 14:24:34,506:INFO:Engine for model 'knn' has not been set explicitly, hence returning None.
2026-08-19 14:24:34,507:WARNING:
'xgboost' is a soft dependency and not included in the pycaret installation. Please run: `pip install xgboost` to install.
Alternately, you can install this by running `pip install pycaret[models]`
2026-08-19 14:24:34,508:WARNING:
'catboost' is a soft dependency and not included in the pycaret installation. Please run: `pip install catboost` to install.
Alternately, you can install this by running `pip install pycaret[models]`
2026-08-19 14:24:34,509:INFO:Engine for model 'lasso' has not been set explicitly, hence returning None.
2026-08-19 14:24:34,526:INFO:Engine for model 'ridge' has not been set explicitly, hence returning None.
2026-08-19 14:24:34,538:INFO:Engine for model 'en' has not been set explicitly, hence returning None.
2026-08-19 14:24:34,680:INFO:Engine for model 'svm' has not been set explicitly, hence returning None.
2026-08-19 14:24:34,750:INFO:Engine for model 'knn' has not been set explicitly, hence returning None.
2026-08-19 14:24:34,751:WARNING:
'xgboost' is a soft dependency and not included in the pycaret installation. Please run: `pip install xgboost` to install.
Alternately, you can install this by running `pip install pycaret[models]`
2026-08-19 14:24:34,751:WARNING:
'catboost' is a soft dependency and not included in the pycaret installation. Please run: `pip install catboost` to install.
Alternately, you can install this by running `pip install pycaret[models]`
2026-08-19 14:24:34,751:INFO:Engine successfully changes for model 'lasso' to 'sklearn'.
2026-08-19 14:24:34,759:INFO:Engine for model 'ridge' has not been set explicitly, hence returning None.
2026-08-19 14:24:34,771:INFO:Engine for model 'en' has not been set explicitly, hence returning None.
2026-08-19 14:24:34,881:INFO:Engine for model 'svm' has not been set explicitly, hence returning None.
2026-08-19 14:24:34,976:INFO:Engine for model 'knn' has not been set explicitly, hence returning None.
2026-08-19 14:24:34,977:WARNING:
'xgboost' is a soft dependency and not included in the pycaret installation. Please run: `pip install xgboost` to install.
Alternately, you can install this by running `pip install pycaret[models]`
2026-08-19 14:24:34,977:WARNING:
'catboost' is a soft dependency and not included in the pycaret installation. Please run: `pip install catboost` to install.
Alternately, you can install this by running `pip install pycaret[models]`
2026-08-19 14:24:34,985:INFO:Engine for model 'ridge' has not been set explicitly, hence returning None.
2026-08-19 14:24:34,991:INFO:Engine for model 'en' has not been set explicitly, hence returning None.
2026-08-19 14:24:35,141:INFO:Engine for model 'svm' has not been set explicitly, hence returning None.
2026-08-19 14:24:35,273:INFO:Engine for model 'knn' has not been set explicitly, hence returning None.
2026-08-19 14:24:35,274:WARNING:
'xgboost' is a soft dependency and not included in the pycaret installation. Please run: `pip install xgboost` to install.
Alternately, you can install this by running `pip install pycaret[models]`
2026-08-19 14:24:35,274:WARNING:
'catboost' is a soft dependency and not included in the pycaret installation. Please run: `pip install catboost` to install.
Alternately, you can install this by running `pip install pycaret[models]`
2026-08-19 14:24:35,275:INFO:Engine successfully changes for model 'ridge' to 'sklearn'.
2026-08-19 14:24:35,317:INFO:Engine for model 'en' has not been set explicitly, hence returning None.
2026-08-19 14:24:35,732:INFO:Engine for model 'svm' has not been set explicitly, hence returning None.
2026-08-19 14:24:35,810:INFO:Engine for model 'knn' has not been set explicitly, hence returning None.
2026-08-19 14:24:35,811:WARNING:
'xgboost' is a soft dependency and not included in the pycaret installation. Please run: `pip install xgboost` to install.
Alternately, you can install this by running `pip install pycaret[models]`
2026-08-19 14:24:35,811:WARNING:
'catboost' is a soft dependency and not included in the pycaret installation. Please run: `pip install catboost` to install.
Alternately, you can install this by running `pip install pycaret[models]`
2026-08-19 14:24:35,820:INFO:Engine for model 'en' has not been set explicitly, hence returning None.
2026-08-19 14:24:35,893:INFO:Engine for model 'svm' has not been set explicitly, hence returning None.
2026-08-19 14:24:35,957:INFO:Engine for model 'knn' has not been set explicitly, hence returning None.
2026-08-19 14:24:35,958:WARNING:
'xgboost' is a soft dependency and not included in the pycaret installation. Please run: `pip install xgboost` to install.
Alternately, you can install this by running `pip install pycaret[models]`
2026-08-19 14:24:35,958:WARNING:
'catboost' is a soft dependency and not included in the pycaret installation. Please run: `pip install catboost` to install.
Alternately, you can install this by running `pip install pycaret[models]`
2026-08-19 14:24:35,959:INFO:Engine successfully changes for model 'en' to 'sklearn'.
2026-08-19 14:24:36,061:INFO:Engine for model 'svm' has not been set explicitly, hence returning None.
2026-08-19 14:24:36,118:INFO:Engine for model 'knn' has not been set explicitly, hence returning None.
2026-08-19 14:24:36,118:WARNING:
'xgboost' is a soft dependency and not included in the pycaret installation. Please run: `pip install xgboost` to install.
Alternately, you can install this by running `pip install pycaret[models]`
2026-08-19 14:24:36,118:WARNING:
'catboost' is a soft dependency and not included in the pycaret installation. Please run: `pip install catboost` to install.
Alternately, you can install this by running `pip install pycaret[models]`
2026-08-19 14:24:36,220:INFO:Engine for model 'svm' has not been set explicitly, hence returning None.
2026-08-19 14:24:36,276:INFO:Engine for model 'knn' has not been set explicitly, hence returning None.
2026-08-19 14:24:36,277:WARNING:
'xgboost' is a soft dependency and not included in the pycaret installation. Please run: `pip install xgboost` to install.
Alternately, you can install this by running `pip install pycaret[models]`
2026-08-19 14:24:36,277:WARNING:
'catboost' is a soft dependency and not included in the pycaret installation. Please run: `pip install catboost` to install.
Alternately, you can install this by running `pip install pycaret[models]`
2026-08-19 14:24:36,278:INFO:Engine successfully changes for model 'knn' to 'sklearn'.
2026-08-19 14:24:36,370:INFO:Engine for model 'svm' has not been set explicitly, hence returning None.
2026-08-19 14:24:36,431:WARNING:
'xgboost' is a soft dependency and not included in the pycaret installation. Please run: `pip install xgboost` to install.
Alternately, you can install this by running `pip install pycaret[models]`
2026-08-19 14:24:36,431:WARNING:
'catboost' is a soft dependency and not included in the pycaret installation. Please run: `pip install catboost` to install.
Alternately, you can install this by running `pip install pycaret[models]`
2026-08-19 14:24:36,545:INFO:Engine for model 'svm' has not been set explicitly, hence returning None.
2026-08-19 14:24:36,615:WARNING:
'xgboost' is a soft dependency and not included in the pycaret installation. Please run: `pip install xgboost` to install.
Alternately, you can install this by running `pip install pycaret[models]`
2026-08-19 14:24:36,615:WARNING:
'catboost' is a soft dependency and not included in the pycaret installation. Please run: `pip install catboost` to install.
Alternately, you can install this by running `pip install pycaret[models]`
2026-08-19 14:24:36,616:INFO:Engine successfully changes for model 'svm' to 'sklearn'.
2026-08-19 14:24:36,767:WARNING:
'xgboost' is a soft dependency and not included in the pycaret installation. Please run: `pip install xgboost` to install.
Alternately, you can install this by running `pip install pycaret[models]`
2026-08-19 14:24:36,767:WARNING:
'catboost' is a soft dependency and not included in the pycaret installation. Please run: `pip install catboost` to install.
Alternately, you can install this by running `pip install pycaret[models]`
2026-08-19 14:24:36,922:WARNING:
'xgboost' is a soft dependency and not included in the pycaret installation. Please run: `pip install xgboost` to install.
Alternately, you can install this by running `pip install pycaret[models]`
2026-08-19 14:24:36,923:WARNING:
'catboost' is a soft dependency and not included in the pycaret installation. Please run: `pip install catboost` to install.
Alternately, you can install this by running `pip install pycaret[models]`
2026-08-19 14:24:36,930:INFO:Preparing preprocessing pipeline...
2026-08-19 14:24:36,931:INFO:Set up simple imputation.
2026-08-19 14:24:36,946:INFO:Set up encoding of ordinal features.
2026-08-19 14:24:36,971:INFO:Set up encoding of categorical features.
2026-08-19 14:24:36,971:INFO:Set up feature normalization.
2026-08-19 14:24:37,272:INFO:Finished creating preprocessing pipeline.
2026-08-19 14:24:37,481:INFO:Pipeline: Pipeline(memory=FastMemory(location=C:\Users\knish\AppData\Local\Temp\joblib),
         steps=[('numerical_imputer',
                 TransformerWrapper(include=['age', 'Medu', 'Fedu',
                                             'traveltime', 'studytime',
                                             'failures', 'famrel', 'freetime',
                                             'goout', 'Dalc', 'Walc', 'health',
                                             'absences'],
                                    transformer=SimpleImputer())),
                ('categorical_imputer',
                 TransformerWrapper(include=['school', 'sex', '...
dtype: int64},
                                                                        {'col': 'romantic',
                                                                         'data_type': dtype('O'),
                                                                         'mapping': no     0
yes    1
NaN   -1
dtype: int64}]))),
                ('onehot_encoding',
                 TransformerWrapper(include=['Mjob', 'Fjob', 'reason',
                                             'guardian'],
                                    transformer=OneHotEncoder(cols=['Mjob',
                                                                    'Fjob',
                                                                    'reason',
                                                                    'guardian'],
                                                              handle_missing='return_nan',
                                                              use_cat_names=True))),
                ('normalize',
                 TransformerWrapper(transformer=StandardScaler()))])
2026-08-19 14:24:37,481:INFO:Creating final display dataframe.
2026-08-19 14:24:38,743:INFO:Setup _display_container:                     Description             Value
0                    Session id                42
1                        Target                G3
2                   Target type        Regression
3           Original data shape         (395, 31)
4        Transformed data shape         (395, 44)
5   Transformed train set shape         (276, 44)
6    Transformed test set shape         (119, 44)
7              Numeric features                13
8          Categorical features                17
9                    Preprocess              True
10              Imputation type            simple
11           Numeric imputation              mean
12       Categorical imputation              mode
13     Maximum one-hot encoding                25
14              Encoding method              None
15                    Normalize              True
16             Normalize method            zscore
17               Fold Generator             KFold
18                  Fold Number                10
19                     CPU Jobs                -1
20                      Use GPU             False
21               Log Experiment             False
22              Experiment Name  reg-default-name
23                          USI              00d2
2026-08-19 14:24:38,902:WARNING:
'xgboost' is a soft dependency and not included in the pycaret installation. Please run: `pip install xgboost` to install.
Alternately, you can install this by running `pip install pycaret[models]`
2026-08-19 14:24:38,902:WARNING:
'catboost' is a soft dependency and not included in the pycaret installation. Please run: `pip install catboost` to install.
Alternately, you can install this by running `pip install pycaret[models]`
2026-08-19 14:24:39,110:WARNING:
'xgboost' is a soft dependency and not included in the pycaret installation. Please run: `pip install xgboost` to install.
Alternately, you can install this by running `pip install pycaret[models]`
2026-08-19 14:24:39,110:WARNING:
'catboost' is a soft dependency and not included in the pycaret installation. Please run: `pip install catboost` to install.
Alternately, you can install this by running `pip install pycaret[models]`
2026-08-19 14:24:39,111:INFO:setup() successfully completed in 8.9s...............
2026-08-19 14:24:39,112:INFO:Initializing compare_models()
2026-08-19 14:24:39,112:INFO:compare_models(self=<pycaret.regression.oop.RegressionExperiment object at 0x0000010FDDF42910>, include=None, exclude=None, fold=None, round=4, cross_validation=True, sort=RMSE, n_select=1, budget_time=None, turbo=True, errors=ignore, fit_kwargs=None, groups=None, experiment_custom_tags=None, probability_threshold=None, verbose=True, parallel=None, caller_params={'self': <pycaret.regression.oop.RegressionExperiment object at 0x0000010FDDF42910>, 'include': None, 'exclude': None, 'fold': None, 'round': 4, 'cross_validation': True, 'sort': 'RMSE', 'n_select': 1, 'budget_time': None, 'turbo': True, 'errors': 'ignore', 'fit_kwargs': None, 'groups': None, 'experiment_custom_tags': None, 'engine': None, 'verbose': True, 'parallel': None, '__class__': <class 'pycaret.regression.oop.RegressionExperiment'>})
2026-08-19 14:24:39,112:INFO:Checking exceptions
2026-08-19 14:24:39,116:INFO:Preparing display monitor
2026-08-19 14:24:39,122:INFO:Initializing Linear Regression
2026-08-19 14:24:39,122:INFO:Total runtime is 0.0 minutes
2026-08-19 14:24:39,122:INFO:SubProcess create_model() called ==================================
2026-08-19 14:24:39,122:INFO:Initializing create_model()
2026-08-19 14:24:39,122:INFO:create_model(self=<pycaret.regression.oop.RegressionExperiment object at 0x0000010FDDF42910>, estimator=lr, fold=KFold(n_splits=10, random_state=None, shuffle=False), round=4, cross_validation=True, predict=True, fit_kwargs={}, groups=None, refit=False, probability_threshold=None, experiment_custom_tags=None, verbose=False, system=False, add_to_model_list=True, metrics=None, display=<pycaret.internal.display.display.CommonDisplay object at 0x0000010FDFC35E50>, model_only=True, return_train_score=False, error_score=0.0, kwargs={})
2026-08-19 14:24:39,122:INFO:Checking exceptions
2026-08-19 14:24:39,122:INFO:Importing libraries
2026-08-19 14:24:39,123:INFO:Copying training dataset
2026-08-19 14:24:39,132:INFO:Defining folds
2026-08-19 14:24:39,132:INFO:Declaring metric variables
2026-08-19 14:24:39,132:INFO:Importing untrained model
2026-08-19 14:24:39,133:INFO:Linear Regression Imported successfully
2026-08-19 14:24:39,133:INFO:Starting cross validation
2026-08-19 14:24:39,166:INFO:Cross validating with KFold(n_splits=10, random_state=None, shuffle=False), n_jobs=-1
2026-08-19 14:24:55,246:WARNING:C:\Users\knish\PycharmProjects\AutoML-Smart-Prediction\.venv\Lib\site-packages\_distutils_hack\__init__.py:30: UserWarning: Setuptools is replacing distutils. Support for replacing an already imported distutils is deprecated. In the future, this condition will fail. Register concerns at https://github.com/pypa/setuptools/issues/new?template=distutils-deprecation.yml
  warnings.warn(

2026-08-19 14:24:55,246:WARNING:C:\Users\knish\PycharmProjects\AutoML-Smart-Prediction\.venv\Lib\site-packages\_distutils_hack\__init__.py:30: UserWarning: Setuptools is replacing distutils. Support for replacing an already imported distutils is deprecated. In the future, this condition will fail. Register concerns at https://github.com/pypa/setuptools/issues/new?template=distutils-deprecation.yml
  warnings.warn(

2026-08-19 14:24:55,246:WARNING:C:\Users\knish\PycharmProjects\AutoML-Smart-Prediction\.venv\Lib\site-packages\_distutils_hack\__init__.py:30: UserWarning: Setuptools is replacing distutils. Support for replacing an already imported distutils is deprecated. In the future, this condition will fail. Register concerns at https://github.com/pypa/setuptools/issues/new?template=distutils-deprecation.yml
  warnings.warn(

2026-08-19 14:24:55,247:WARNING:C:\Users\knish\PycharmProjects\AutoML-Smart-Prediction\.venv\Lib\site-packages\_distutils_hack\__init__.py:30: UserWarning: Setuptools is replacing distutils. Support for replacing an already imported distutils is deprecated. In the future, this condition will fail. Register concerns at https://github.com/pypa/setuptools/issues/new?template=distutils-deprecation.yml
  warnings.warn(

2026-08-19 14:24:55,247:WARNING:C:\Users\knish\PycharmProjects\AutoML-Smart-Prediction\.venv\Lib\site-packages\_distutils_hack\__init__.py:30: UserWarning: Setuptools is replacing distutils. Support for replacing an already imported distutils is deprecated. In the future, this condition will fail. Register concerns at https://github.com/pypa/setuptools/issues/new?template=distutils-deprecation.yml
  warnings.warn(

2026-08-19 14:24:55,247:WARNING:C:\Users\knish\PycharmProjects\AutoML-Smart-Prediction\.venv\Lib\site-packages\_distutils_hack\__init__.py:30: UserWarning: Setuptools is replacing distutils. Support for replacing an already imported distutils is deprecated. In the future, this condition will fail. Register concerns at https://github.com/pypa/setuptools/issues/new?template=distutils-deprecation.yml
  warnings.warn(

2026-08-19 14:24:55,250:WARNING:C:\Users\knish\PycharmProjects\AutoML-Smart-Prediction\.venv\Lib\site-packages\_distutils_hack\__init__.py:30: UserWarning: Setuptools is replacing distutils. Support for replacing an already imported distutils is deprecated. In the future, this condition will fail. Register concerns at https://github.com/pypa/setuptools/issues/new?template=distutils-deprecation.yml
  warnings.warn(

2026-08-19 14:24:55,274:WARNING:C:\Users\knish\PycharmProjects\AutoML-Smart-Prediction\.venv\Lib\site-packages\_distutils_hack\__init__.py:30: UserWarning: Setuptools is replacing distutils. Support for replacing an already imported distutils is deprecated. In the future, this condition will fail. Register concerns at https://github.com/pypa/setuptools/issues/new?template=distutils-deprecation.yml
  warnings.warn(

2026-08-19 14:24:55,925:INFO:Calculating mean and std
2026-08-19 14:24:55,936:INFO:Creating metrics dataframe
2026-08-19 14:24:55,973:INFO:Uploading results into container
2026-08-19 14:24:55,974:INFO:Uploading model into container now
2026-08-19 14:24:55,976:INFO:_master_model_container: 1
2026-08-19 14:24:55,976:INFO:_display_container: 2
2026-08-19 14:24:55,977:INFO:LinearRegression(n_jobs=-1)
2026-08-19 14:24:55,977:INFO:create_model() successfully completed......................................
2026-08-19 14:24:56,162:INFO:SubProcess create_model() end ==================================
2026-08-19 14:24:56,162:INFO:Creating metrics dataframe
2026-08-19 14:24:56,168:INFO:Initializing Lasso Regression
2026-08-19 14:24:56,168:INFO:Total runtime is 0.28409411509831745 minutes
2026-08-19 14:24:56,169:INFO:SubProcess create_model() called ==================================
2026-08-19 14:24:56,169:INFO:Initializing create_model()
2026-08-19 14:24:56,169:INFO:create_model(self=<pycaret.regression.oop.RegressionExperiment object at 0x0000010FDDF42910>, estimator=lasso, fold=KFold(n_splits=10, random_state=None, shuffle=False), round=4, cross_validation=True, predict=True, fit_kwargs={}, groups=None, refit=False, probability_threshold=None, experiment_custom_tags=None, verbose=False, system=False, add_to_model_list=True, metrics=None, display=<pycaret.internal.display.display.CommonDisplay object at 0x0000010FDFC35E50>, model_only=True, return_train_score=False, error_score=0.0, kwargs={})
2026-08-19 14:24:56,169:INFO:Checking exceptions
2026-08-19 14:24:56,169:INFO:Importing libraries
2026-08-19 14:24:56,169:INFO:Copying training dataset
2026-08-19 14:24:56,176:INFO:Defining folds
2026-08-19 14:24:56,177:INFO:Declaring metric variables
2026-08-19 14:24:56,177:INFO:Importing untrained model
2026-08-19 14:24:56,177:INFO:Lasso Regression Imported successfully
2026-08-19 14:24:56,177:INFO:Starting cross validation
2026-08-19 14:24:56,181:INFO:Cross validating with KFold(n_splits=10, random_state=None, shuffle=False), n_jobs=-1
2026-08-19 14:25:00,091:WARNING:C:\Users\knish\PycharmProjects\AutoML-Smart-Prediction\.venv\Lib\site-packages\_distutils_hack\__init__.py:30: UserWarning: Setuptools is replacing distutils. Support for replacing an already imported distutils is deprecated. In the future, this condition will fail. Register concerns at https://github.com/pypa/setuptools/issues/new?template=distutils-deprecation.yml
  warnings.warn(

2026-08-19 14:25:00,099:WARNING:C:\Users\knish\PycharmProjects\AutoML-Smart-Prediction\.venv\Lib\site-packages\_distutils_hack\__init__.py:30: UserWarning: Setuptools is replacing distutils. Support for replacing an already imported distutils is deprecated. In the future, this condition will fail. Register concerns at https://github.com/pypa/setuptools/issues/new?template=distutils-deprecation.yml
  warnings.warn(

2026-08-19 14:25:00,428:INFO:Calculating mean and std
2026-08-19 14:25:00,430:INFO:Creating metrics dataframe
2026-08-19 14:25:00,433:INFO:Uploading results into container
2026-08-19 14:25:00,433:INFO:Uploading model into container now
2026-08-19 14:25:00,434:INFO:_master_model_container: 2
2026-08-19 14:25:00,434:INFO:_display_container: 2
2026-08-19 14:25:00,435:INFO:Lasso(random_state=42)
2026-08-19 14:25:00,436:INFO:create_model() successfully completed......................................
2026-08-19 14:25:00,557:INFO:SubProcess create_model() end ==================================
2026-08-19 14:25:00,557:INFO:Creating metrics dataframe
2026-08-19 14:25:00,562:INFO:Initializing Ridge Regression
2026-08-19 14:25:00,562:INFO:Total runtime is 0.3573285579681396 minutes
2026-08-19 14:25:00,562:INFO:SubProcess create_model() called ==================================
2026-08-19 14:25:00,563:INFO:Initializing create_model()
2026-08-19 14:25:00,563:INFO:create_model(self=<pycaret.regression.oop.RegressionExperiment object at 0x0000010FDDF42910>, estimator=ridge, fold=KFold(n_splits=10, random_state=None, shuffle=False), round=4, cross_validation=True, predict=True, fit_kwargs={}, groups=None, refit=False, probability_threshold=None, experiment_custom_tags=None, verbose=False, system=False, add_to_model_list=True, metrics=None, display=<pycaret.internal.display.display.CommonDisplay object at 0x0000010FDFC35E50>, model_only=True, return_train_score=False, error_score=0.0, kwargs={})
2026-08-19 14:25:00,563:INFO:Checking exceptions
2026-08-19 14:25:00,563:INFO:Importing libraries
2026-08-19 14:25:00,563:INFO:Copying training dataset
2026-08-19 14:25:00,569:INFO:Defining folds
2026-08-19 14:25:00,569:INFO:Declaring metric variables
2026-08-19 14:25:00,569:INFO:Importing untrained model
2026-08-19 14:25:00,570:INFO:Ridge Regression Imported successfully
2026-08-19 14:25:00,570:INFO:Starting cross validation
2026-08-19 14:25:00,572:INFO:Cross validating with KFold(n_splits=10, random_state=None, shuffle=False), n_jobs=-1
2026-08-19 14:25:01,207:INFO:Calculating mean and std
2026-08-19 14:25:01,208:INFO:Creating metrics dataframe
2026-08-19 14:25:01,210:INFO:Uploading results into container
2026-08-19 14:25:01,210:INFO:Uploading model into container now
2026-08-19 14:25:01,210:INFO:_master_model_container: 3
2026-08-19 14:25:01,211:INFO:_display_container: 2
2026-08-19 14:25:01,211:INFO:Ridge(random_state=42)
2026-08-19 14:25:01,211:INFO:create_model() successfully completed......................................
2026-08-19 14:25:01,305:INFO:SubProcess create_model() end ==================================
2026-08-19 14:25:01,305:INFO:Creating metrics dataframe
2026-08-19 14:25:01,309:INFO:Initializing Elastic Net
2026-08-19 14:25:01,310:INFO:Total runtime is 0.36979593038558956 minutes
2026-08-19 14:25:01,310:INFO:SubProcess create_model() called ==================================
2026-08-19 14:25:01,310:INFO:Initializing create_model()
2026-08-19 14:25:01,310:INFO:create_model(self=<pycaret.regression.oop.RegressionExperiment object at 0x0000010FDDF42910>, estimator=en, fold=KFold(n_splits=10, random_state=None, shuffle=False), round=4, cross_validation=True, predict=True, fit_kwargs={}, groups=None, refit=False, probability_threshold=None, experiment_custom_tags=None, verbose=False, system=False, add_to_model_list=True, metrics=None, display=<pycaret.internal.display.display.CommonDisplay object at 0x0000010FDFC35E50>, model_only=True, return_train_score=False, error_score=0.0, kwargs={})
2026-08-19 14:25:01,310:INFO:Checking exceptions
2026-08-19 14:25:01,310:INFO:Importing libraries
2026-08-19 14:25:01,310:INFO:Copying training dataset
2026-08-19 14:25:01,317:INFO:Defining folds
2026-08-19 14:25:01,317:INFO:Declaring metric variables
2026-08-19 14:25:01,317:INFO:Importing untrained model
2026-08-19 14:25:01,318:INFO:Elastic Net Imported successfully
2026-08-19 14:25:01,318:INFO:Starting cross validation
2026-08-19 14:25:01,320:INFO:Cross validating with KFold(n_splits=10, random_state=None, shuffle=False), n_jobs=-1
2026-08-19 14:25:01,915:INFO:Calculating mean and std
2026-08-19 14:25:01,915:INFO:Creating metrics dataframe
2026-08-19 14:25:01,917:INFO:Uploading results into container
2026-08-19 14:25:01,917:INFO:Uploading model into container now
2026-08-19 14:25:01,918:INFO:_master_model_container: 4
2026-08-19 14:25:01,918:INFO:_display_container: 2
2026-08-19 14:25:01,918:INFO:ElasticNet(random_state=42)
2026-08-19 14:25:01,918:INFO:create_model() successfully completed......................................
2026-08-19 14:25:02,031:INFO:SubProcess create_model() end ==================================
2026-08-19 14:25:02,031:INFO:Creating metrics dataframe
2026-08-19 14:25:02,034:INFO:Initializing Least Angle Regression
2026-08-19 14:25:02,035:INFO:Total runtime is 0.38187791506449376 minutes
2026-08-19 14:25:02,035:INFO:SubProcess create_model() called ==================================
2026-08-19 14:25:02,035:INFO:Initializing create_model()
2026-08-19 14:25:02,035:INFO:create_model(self=<pycaret.regression.oop.RegressionExperiment object at 0x0000010FDDF42910>, estimator=lar, fold=KFold(n_splits=10, random_state=None, shuffle=False), round=4, cross_validation=True, predict=True, fit_kwargs={}, groups=None, refit=False, probability_threshold=None, experiment_custom_tags=None, verbose=False, system=False, add_to_model_list=True, metrics=None, display=<pycaret.internal.display.display.CommonDisplay object at 0x0000010FDFC35E50>, model_only=True, return_train_score=False, error_score=0.0, kwargs={})
2026-08-19 14:25:02,035:INFO:Checking exceptions
2026-08-19 14:25:02,035:INFO:Importing libraries
2026-08-19 14:25:02,035:INFO:Copying training dataset
2026-08-19 14:25:02,042:INFO:Defining folds
2026-08-19 14:25:02,042:INFO:Declaring metric variables
2026-08-19 14:25:02,042:INFO:Importing untrained model
2026-08-19 14:25:02,042:INFO:Least Angle Regression Imported successfully
2026-08-19 14:25:02,043:INFO:Starting cross validation
2026-08-19 14:25:02,045:INFO:Cross validating with KFold(n_splits=10, random_state=None, shuffle=False), n_jobs=-1
2026-08-19 14:25:02,484:WARNING:C:\Users\knish\PycharmProjects\AutoML-Smart-Prediction\.venv\Lib\site-packages\sklearn\linear_model\_least_angle.py:688: ConvergenceWarning: Regressors in active set degenerate. Dropping a regressor, after 44 iterations, i.e. alpha=5.894e-04, with an active set of 41 regressors, and the smallest cholesky pivot element being 2.220e-16. Reduce max_iter or increase eps parameters.
  warnings.warn(

2026-08-19 14:25:02,485:WARNING:C:\Users\knish\PycharmProjects\AutoML-Smart-Prediction\.venv\Lib\site-packages\sklearn\linear_model\_least_angle.py:688: ConvergenceWarning: Regressors in active set degenerate. Dropping a regressor, after 46 iterations, i.e. alpha=1.726e-04, with an active set of 42 regressors, and the smallest cholesky pivot element being 2.220e-16. Reduce max_iter or increase eps parameters.
  warnings.warn(

2026-08-19 14:25:02,648:INFO:Calculating mean and std
2026-08-19 14:25:02,649:INFO:Creating metrics dataframe
2026-08-19 14:25:02,652:INFO:Uploading results into container
2026-08-19 14:25:02,653:INFO:Uploading model into container now
2026-08-19 14:25:02,653:INFO:_master_model_container: 5
2026-08-19 14:25:02,653:INFO:_display_container: 2
2026-08-19 14:25:02,653:INFO:Lars(random_state=42)
2026-08-19 14:25:02,653:INFO:create_model() successfully completed......................................
2026-08-19 14:25:02,749:INFO:SubProcess create_model() end ==================================
2026-08-19 14:25:02,750:INFO:Creating metrics dataframe
2026-08-19 14:25:02,756:INFO:Initializing Lasso Least Angle Regression
2026-08-19 14:25:02,756:INFO:Total runtime is 0.39390642245610547 minutes
2026-08-19 14:25:02,756:INFO:SubProcess create_model() called ==================================
2026-08-19 14:25:02,756:INFO:Initializing create_model()
2026-08-19 14:25:02,756:INFO:create_model(self=<pycaret.regression.oop.RegressionExperiment object at 0x0000010FDDF42910>, estimator=llar, fold=KFold(n_splits=10, random_state=None, shuffle=False), round=4, cross_validation=True, predict=True, fit_kwargs={}, groups=None, refit=False, probability_threshold=None, experiment_custom_tags=None, verbose=False, system=False, add_to_model_list=True, metrics=None, display=<pycaret.internal.display.display.CommonDisplay object at 0x0000010FDFC35E50>, model_only=True, return_train_score=False, error_score=0.0, kwargs={})
2026-08-19 14:25:02,756:INFO:Checking exceptions
2026-08-19 14:25:02,756:INFO:Importing libraries
2026-08-19 14:25:02,756:INFO:Copying training dataset
2026-08-19 14:25:02,771:INFO:Defining folds
2026-08-19 14:25:02,771:INFO:Declaring metric variables
2026-08-19 14:25:02,771:INFO:Importing untrained model
2026-08-19 14:25:02,772:INFO:Lasso Least Angle Regression Imported successfully
2026-08-19 14:25:02,773:INFO:Starting cross validation
2026-08-19 14:25:02,779:INFO:Cross validating with KFold(n_splits=10, random_state=None, shuffle=False), n_jobs=-1
2026-08-19 14:25:03,643:INFO:Calculating mean and std
2026-08-19 14:25:03,645:INFO:Creating metrics dataframe
2026-08-19 14:25:03,647:INFO:Uploading results into container
2026-08-19 14:25:03,648:INFO:Uploading model into container now
2026-08-19 14:25:03,650:INFO:_master_model_container: 6
2026-08-19 14:25:03,650:INFO:_display_container: 2
2026-08-19 14:25:03,651:INFO:LassoLars(random_state=42)
2026-08-19 14:25:03,651:INFO:create_model() successfully completed......................................
2026-08-19 14:25:03,790:INFO:SubProcess create_model() end ==================================
2026-08-19 14:25:03,791:INFO:Creating metrics dataframe
2026-08-19 14:25:03,794:INFO:Initializing Orthogonal Matching Pursuit
2026-08-19 14:25:03,795:INFO:Total runtime is 0.41121289730072014 minutes
2026-08-19 14:25:03,795:INFO:SubProcess create_model() called ==================================
2026-08-19 14:25:03,795:INFO:Initializing create_model()
2026-08-19 14:25:03,795:INFO:create_model(self=<pycaret.regression.oop.RegressionExperiment object at 0x0000010FDDF42910>, estimator=omp, fold=KFold(n_splits=10, random_state=None, shuffle=False), round=4, cross_validation=True, predict=True, fit_kwargs={}, groups=None, refit=False, probability_threshold=None, experiment_custom_tags=None, verbose=False, system=False, add_to_model_list=True, metrics=None, display=<pycaret.internal.display.display.CommonDisplay object at 0x0000010FDFC35E50>, model_only=True, return_train_score=False, error_score=0.0, kwargs={})
2026-08-19 14:25:03,795:INFO:Checking exceptions
2026-08-19 14:25:03,795:INFO:Importing libraries
2026-08-19 14:25:03,795:INFO:Copying training dataset
2026-08-19 14:25:03,807:INFO:Defining folds
2026-08-19 14:25:03,807:INFO:Declaring metric variables
2026-08-19 14:25:03,808:INFO:Importing untrained model
2026-08-19 14:25:03,809:INFO:Orthogonal Matching Pursuit Imported successfully
2026-08-19 14:25:03,810:INFO:Starting cross validation
2026-08-19 14:25:03,817:INFO:Cross validating with KFold(n_splits=10, random_state=None, shuffle=False), n_jobs=-1
2026-08-19 14:25:04,725:INFO:Calculating mean and std
2026-08-19 14:25:04,726:INFO:Creating metrics dataframe
2026-08-19 14:25:04,730:INFO:Uploading results into container
2026-08-19 14:25:04,731:INFO:Uploading model into container now
2026-08-19 14:25:04,731:INFO:_master_model_container: 7
2026-08-19 14:25:04,731:INFO:_display_container: 2
2026-08-19 14:25:04,733:INFO:OrthogonalMatchingPursuit()
2026-08-19 14:25:04,733:INFO:create_model() successfully completed......................................
2026-08-19 14:25:04,921:INFO:SubProcess create_model() end ==================================
2026-08-19 14:25:04,922:INFO:Creating metrics dataframe
2026-08-19 14:25:04,931:INFO:Initializing Bayesian Ridge
2026-08-19 14:25:04,932:INFO:Total runtime is 0.43016759554545075 minutes
2026-08-19 14:25:04,932:INFO:SubProcess create_model() called ==================================
2026-08-19 14:25:04,932:INFO:Initializing create_model()
2026-08-19 14:25:04,932:INFO:create_model(self=<pycaret.regression.oop.RegressionExperiment object at 0x0000010FDDF42910>, estimator=br, fold=KFold(n_splits=10, random_state=None, shuffle=False), round=4, cross_validation=True, predict=True, fit_kwargs={}, groups=None, refit=False, probability_threshold=None, experiment_custom_tags=None, verbose=False, system=False, add_to_model_list=True, metrics=None, display=<pycaret.internal.display.display.CommonDisplay object at 0x0000010FDFC35E50>, model_only=True, return_train_score=False, error_score=0.0, kwargs={})
2026-08-19 14:25:04,932:INFO:Checking exceptions
2026-08-19 14:25:04,932:INFO:Importing libraries
2026-08-19 14:25:04,933:INFO:Copying training dataset
2026-08-19 14:25:04,940:INFO:Defining folds
2026-08-19 14:25:04,941:INFO:Declaring metric variables
2026-08-19 14:25:04,941:INFO:Importing untrained model
2026-08-19 14:25:04,941:INFO:Bayesian Ridge Imported successfully
2026-08-19 14:25:04,942:INFO:Starting cross validation
2026-08-19 14:25:04,945:INFO:Cross validating with KFold(n_splits=10, random_state=None, shuffle=False), n_jobs=-1
2026-08-19 14:25:05,679:INFO:Calculating mean and std
2026-08-19 14:25:05,679:INFO:Creating metrics dataframe
2026-08-19 14:25:05,681:INFO:Uploading results into container
2026-08-19 14:25:05,682:INFO:Uploading model into container now
2026-08-19 14:25:05,682:INFO:_master_model_container: 8
2026-08-19 14:25:05,682:INFO:_display_container: 2
2026-08-19 14:25:05,682:INFO:BayesianRidge()
2026-08-19 14:25:05,683:INFO:create_model() successfully completed......................................
2026-08-19 14:25:05,826:INFO:SubProcess create_model() end ==================================
2026-08-19 14:25:05,826:INFO:Creating metrics dataframe
2026-08-19 14:25:05,831:INFO:Initializing Passive Aggressive Regressor
2026-08-19 14:25:05,832:INFO:Total runtime is 0.44515931208928416 minutes
2026-08-19 14:25:05,832:INFO:SubProcess create_model() called ==================================
2026-08-19 14:25:05,832:INFO:Initializing create_model()
2026-08-19 14:25:05,832:INFO:create_model(self=<pycaret.regression.oop.RegressionExperiment object at 0x0000010FDDF42910>, estimator=par, fold=KFold(n_splits=10, random_state=None, shuffle=False), round=4, cross_validation=True, predict=True, fit_kwargs={}, groups=None, refit=False, probability_threshold=None, experiment_custom_tags=None, verbose=False, system=False, add_to_model_list=True, metrics=None, display=<pycaret.internal.display.display.CommonDisplay object at 0x0000010FDFC35E50>, model_only=True, return_train_score=False, error_score=0.0, kwargs={})
2026-08-19 14:25:05,832:INFO:Checking exceptions
2026-08-19 14:25:05,833:INFO:Importing libraries
2026-08-19 14:25:05,833:INFO:Copying training dataset
2026-08-19 14:25:05,843:INFO:Defining folds
2026-08-19 14:25:05,843:INFO:Declaring metric variables
2026-08-19 14:25:05,844:INFO:Importing untrained model
2026-08-19 14:25:05,844:INFO:Passive Aggressive Regressor Imported successfully
2026-08-19 14:25:05,844:INFO:Starting cross validation
2026-08-19 14:25:05,848:INFO:Cross validating with KFold(n_splits=10, random_state=None, shuffle=False), n_jobs=-1
2026-08-19 14:25:06,504:INFO:Calculating mean and std
2026-08-19 14:25:06,504:INFO:Creating metrics dataframe
2026-08-19 14:25:06,506:INFO:Uploading results into container
2026-08-19 14:25:06,506:INFO:Uploading model into container now
2026-08-19 14:25:06,507:INFO:_master_model_container: 9
2026-08-19 14:25:06,507:INFO:_display_container: 2
2026-08-19 14:25:06,507:INFO:PassiveAggressiveRegressor(random_state=42)
2026-08-19 14:25:06,507:INFO:create_model() successfully completed......................................
2026-08-19 14:25:06,658:INFO:SubProcess create_model() end ==================================
2026-08-19 14:25:06,660:INFO:Creating metrics dataframe
2026-08-19 14:25:06,666:INFO:Initializing Huber Regressor
2026-08-19 14:25:06,666:INFO:Total runtime is 0.45907106399536124 minutes
2026-08-19 14:25:06,667:INFO:SubProcess create_model() called ==================================
2026-08-19 14:25:06,667:INFO:Initializing create_model()
2026-08-19 14:25:06,668:INFO:create_model(self=<pycaret.regression.oop.RegressionExperiment object at 0x0000010FDDF42910>, estimator=huber, fold=KFold(n_splits=10, random_state=None, shuffle=False), round=4, cross_validation=True, predict=True, fit_kwargs={}, groups=None, refit=False, probability_threshold=None, experiment_custom_tags=None, verbose=False, system=False, add_to_model_list=True, metrics=None, display=<pycaret.internal.display.display.CommonDisplay object at 0x0000010FDFC35E50>, model_only=True, return_train_score=False, error_score=0.0, kwargs={})
2026-08-19 14:25:06,668:INFO:Checking exceptions
2026-08-19 14:25:06,668:INFO:Importing libraries
2026-08-19 14:25:06,669:INFO:Copying training dataset
2026-08-19 14:25:06,684:INFO:Defining folds
2026-08-19 14:25:06,685:INFO:Declaring metric variables
2026-08-19 14:25:06,685:INFO:Importing untrained model
2026-08-19 14:25:06,685:INFO:Huber Regressor Imported successfully
2026-08-19 14:25:06,686:INFO:Starting cross validation
2026-08-19 14:25:06,690:INFO:Cross validating with KFold(n_splits=10, random_state=None, shuffle=False), n_jobs=-1
2026-08-19 14:25:07,826:INFO:Calculating mean and std
2026-08-19 14:25:07,828:INFO:Creating metrics dataframe
2026-08-19 14:25:07,830:INFO:Uploading results into container
2026-08-19 14:25:07,831:INFO:Uploading model into container now
2026-08-19 14:25:07,832:INFO:_master_model_container: 10
2026-08-19 14:25:07,832:INFO:_display_container: 2
2026-08-19 14:25:07,832:INFO:HuberRegressor()
2026-08-19 14:25:07,832:INFO:create_model() successfully completed......................................
2026-08-19 14:25:08,026:INFO:SubProcess create_model() end ==================================
2026-08-19 14:25:08,026:INFO:Creating metrics dataframe
2026-08-19 14:25:08,034:INFO:Initializing K Neighbors Regressor
2026-08-19 14:25:08,034:INFO:Total runtime is 0.48186795314153025 minutes
2026-08-19 14:25:08,035:INFO:SubProcess create_model() called ==================================
2026-08-19 14:25:08,036:INFO:Initializing create_model()
2026-08-19 14:25:08,036:INFO:create_model(self=<pycaret.regression.oop.RegressionExperiment object at 0x0000010FDDF42910>, estimator=knn, fold=KFold(n_splits=10, random_state=None, shuffle=False), round=4, cross_validation=True, predict=True, fit_kwargs={}, groups=None, refit=False, probability_threshold=None, experiment_custom_tags=None, verbose=False, system=False, add_to_model_list=True, metrics=None, display=<pycaret.internal.display.display.CommonDisplay object at 0x0000010FDFC35E50>, model_only=True, return_train_score=False, error_score=0.0, kwargs={})
2026-08-19 14:25:08,036:INFO:Checking exceptions
2026-08-19 14:25:08,036:INFO:Importing libraries
2026-08-19 14:25:08,036:INFO:Copying training dataset
2026-08-19 14:25:08,071:INFO:Defining folds
2026-08-19 14:25:08,072:INFO:Declaring metric variables
2026-08-19 14:25:08,072:INFO:Importing untrained model
2026-08-19 14:25:08,073:INFO:K Neighbors Regressor Imported successfully
2026-08-19 14:25:08,075:INFO:Starting cross validation
2026-08-19 14:25:08,083:INFO:Cross validating with KFold(n_splits=10, random_state=None, shuffle=False), n_jobs=-1
2026-08-19 14:25:09,213:INFO:Calculating mean and std
2026-08-19 14:25:09,214:INFO:Creating metrics dataframe
2026-08-19 14:25:09,217:INFO:Uploading results into container
2026-08-19 14:25:09,219:INFO:Uploading model into container now
2026-08-19 14:25:09,220:INFO:_master_model_container: 11
2026-08-19 14:25:09,220:INFO:_display_container: 2
2026-08-19 14:25:09,220:INFO:KNeighborsRegressor(n_jobs=-1)
2026-08-19 14:25:09,221:INFO:create_model() successfully completed......................................
2026-08-19 14:25:09,372:INFO:SubProcess create_model() end ==================================
2026-08-19 14:25:09,372:INFO:Creating metrics dataframe
2026-08-19 14:25:09,378:INFO:Initializing Decision Tree Regressor
2026-08-19 14:25:09,378:INFO:Total runtime is 0.5042636394500731 minutes
2026-08-19 14:25:09,379:INFO:SubProcess create_model() called ==================================
2026-08-19 14:25:09,379:INFO:Initializing create_model()
2026-08-19 14:25:09,380:INFO:create_model(self=<pycaret.regression.oop.RegressionExperiment object at 0x0000010FDDF42910>, estimator=dt, fold=KFold(n_splits=10, random_state=None, shuffle=False), round=4, cross_validation=True, predict=True, fit_kwargs={}, groups=None, refit=False, probability_threshold=None, experiment_custom_tags=None, verbose=False, system=False, add_to_model_list=True, metrics=None, display=<pycaret.internal.display.display.CommonDisplay object at 0x0000010FDFC35E50>, model_only=True, return_train_score=False, error_score=0.0, kwargs={})
2026-08-19 14:25:09,380:INFO:Checking exceptions
2026-08-19 14:25:09,380:INFO:Importing libraries
2026-08-19 14:25:09,380:INFO:Copying training dataset
2026-08-19 14:25:09,395:INFO:Defining folds
2026-08-19 14:25:09,395:INFO:Declaring metric variables
2026-08-19 14:25:09,395:INFO:Importing untrained model
2026-08-19 14:25:09,396:INFO:Decision Tree Regressor Imported successfully
2026-08-19 14:25:09,396:INFO:Starting cross validation
2026-08-19 14:25:09,403:INFO:Cross validating with KFold(n_splits=10, random_state=None, shuffle=False), n_jobs=-1
2026-08-19 14:25:10,105:INFO:Calculating mean and std
2026-08-19 14:25:10,106:INFO:Creating metrics dataframe
2026-08-19 14:25:10,108:INFO:Uploading results into container
2026-08-19 14:25:10,109:INFO:Uploading model into container now
2026-08-19 14:25:10,110:INFO:_master_model_container: 12
2026-08-19 14:25:10,110:INFO:_display_container: 2
2026-08-19 14:25:10,110:INFO:DecisionTreeRegressor(random_state=42)
2026-08-19 14:25:10,110:INFO:create_model() successfully completed......................................
2026-08-19 14:25:10,242:INFO:SubProcess create_model() end ==================================
2026-08-19 14:25:10,242:INFO:Creating metrics dataframe
2026-08-19 14:25:10,248:INFO:Initializing Random Forest Regressor
2026-08-19 14:25:10,249:INFO:Total runtime is 0.5187757770220438 minutes
2026-08-19 14:25:10,250:INFO:SubProcess create_model() called ==================================
2026-08-19 14:25:10,251:INFO:Initializing create_model()
2026-08-19 14:25:10,251:INFO:create_model(self=<pycaret.regression.oop.RegressionExperiment object at 0x0000010FDDF42910>, estimator=rf, fold=KFold(n_splits=10, random_state=None, shuffle=False), round=4, cross_validation=True, predict=True, fit_kwargs={}, groups=None, refit=False, probability_threshold=None, experiment_custom_tags=None, verbose=False, system=False, add_to_model_list=True, metrics=None, display=<pycaret.internal.display.display.CommonDisplay object at 0x0000010FDFC35E50>, model_only=True, return_train_score=False, error_score=0.0, kwargs={})
2026-08-19 14:25:10,251:INFO:Checking exceptions
2026-08-19 14:25:10,252:INFO:Importing libraries
2026-08-19 14:25:10,252:INFO:Copying training dataset
2026-08-19 14:25:10,273:INFO:Defining folds
2026-08-19 14:25:10,273:INFO:Declaring metric variables
2026-08-19 14:25:10,273:INFO:Importing untrained model
2026-08-19 14:25:10,273:INFO:Random Forest Regressor Imported successfully
2026-08-19 14:25:10,274:INFO:Starting cross validation
2026-08-19 14:25:10,282:INFO:Cross validating with KFold(n_splits=10, random_state=None, shuffle=False), n_jobs=-1
2026-08-19 14:25:12,554:INFO:Calculating mean and std
2026-08-19 14:25:12,556:INFO:Creating metrics dataframe
2026-08-19 14:25:12,559:INFO:Uploading results into container
2026-08-19 14:25:12,560:INFO:Uploading model into container now
2026-08-19 14:25:12,561:INFO:_master_model_container: 13
2026-08-19 14:25:12,561:INFO:_display_container: 2
2026-08-19 14:25:12,562:INFO:RandomForestRegressor(n_jobs=-1, random_state=42)
2026-08-19 14:25:12,562:INFO:create_model() successfully completed......................................
2026-08-19 14:25:12,667:INFO:SubProcess create_model() end ==================================
2026-08-19 14:25:12,667:INFO:Creating metrics dataframe
2026-08-19 14:25:12,669:INFO:Initializing Extra Trees Regressor
2026-08-19 14:25:12,670:INFO:Total runtime is 0.559139601389567 minutes
2026-08-19 14:25:12,670:INFO:SubProcess create_model() called ==================================
2026-08-19 14:25:12,670:INFO:Initializing create_model()
2026-08-19 14:25:12,670:INFO:create_model(self=<pycaret.regression.oop.RegressionExperiment object at 0x0000010FDDF42910>, estimator=et, fold=KFold(n_splits=10, random_state=None, shuffle=False), round=4, cross_validation=True, predict=True, fit_kwargs={}, groups=None, refit=False, probability_threshold=None, experiment_custom_tags=None, verbose=False, system=False, add_to_model_list=True, metrics=None, display=<pycaret.internal.display.display.CommonDisplay object at 0x0000010FDFC35E50>, model_only=True, return_train_score=False, error_score=0.0, kwargs={})
2026-08-19 14:25:12,670:INFO:Checking exceptions
2026-08-19 14:25:12,670:INFO:Importing libraries
2026-08-19 14:25:12,670:INFO:Copying training dataset
2026-08-19 14:25:12,683:INFO:Defining folds
2026-08-19 14:25:12,684:INFO:Declaring metric variables
2026-08-19 14:25:12,684:INFO:Importing untrained model
2026-08-19 14:25:12,685:INFO:Extra Trees Regressor Imported successfully
2026-08-19 14:25:12,685:INFO:Starting cross validation
2026-08-19 14:25:12,691:INFO:Cross validating with KFold(n_splits=10, random_state=None, shuffle=False), n_jobs=-1
2026-08-19 14:25:13,993:INFO:Calculating mean and std
2026-08-19 14:25:13,994:INFO:Creating metrics dataframe
2026-08-19 14:25:13,996:INFO:Uploading results into container
2026-08-19 14:25:13,997:INFO:Uploading model into container now
2026-08-19 14:25:13,997:INFO:_master_model_container: 14
2026-08-19 14:25:13,997:INFO:_display_container: 2
2026-08-19 14:25:13,997:INFO:ExtraTreesRegressor(n_jobs=-1, random_state=42)
2026-08-19 14:25:13,997:INFO:create_model() successfully completed......................................
2026-08-19 14:25:14,091:INFO:SubProcess create_model() end ==================================
2026-08-19 14:25:14,091:INFO:Creating metrics dataframe
2026-08-19 14:25:14,094:INFO:Initializing AdaBoost Regressor
2026-08-19 14:25:14,094:INFO:Total runtime is 0.5828616778055826 minutes
2026-08-19 14:25:14,095:INFO:SubProcess create_model() called ==================================
2026-08-19 14:25:14,095:INFO:Initializing create_model()
2026-08-19 14:25:14,095:INFO:create_model(self=<pycaret.regression.oop.RegressionExperiment object at 0x0000010FDDF42910>, estimator=ada, fold=KFold(n_splits=10, random_state=None, shuffle=False), round=4, cross_validation=True, predict=True, fit_kwargs={}, groups=None, refit=False, probability_threshold=None, experiment_custom_tags=None, verbose=False, system=False, add_to_model_list=True, metrics=None, display=<pycaret.internal.display.display.CommonDisplay object at 0x0000010FDFC35E50>, model_only=True, return_train_score=False, error_score=0.0, kwargs={})
2026-08-19 14:25:14,095:INFO:Checking exceptions
2026-08-19 14:25:14,095:INFO:Importing libraries
2026-08-19 14:25:14,095:INFO:Copying training dataset
2026-08-19 14:25:14,101:INFO:Defining folds
2026-08-19 14:25:14,101:INFO:Declaring metric variables
2026-08-19 14:25:14,102:INFO:Importing untrained model
2026-08-19 14:25:14,102:INFO:AdaBoost Regressor Imported successfully
2026-08-19 14:25:14,102:INFO:Starting cross validation
2026-08-19 14:25:14,105:INFO:Cross validating with KFold(n_splits=10, random_state=None, shuffle=False), n_jobs=-1
2026-08-19 14:25:14,876:INFO:Calculating mean and std
2026-08-19 14:25:14,877:INFO:Creating metrics dataframe
2026-08-19 14:25:14,880:INFO:Uploading results into container
2026-08-19 14:25:14,880:INFO:Uploading model into container now
2026-08-19 14:25:14,881:INFO:_master_model_container: 15
2026-08-19 14:25:14,881:INFO:_display_container: 2
2026-08-19 14:25:14,881:INFO:AdaBoostRegressor(random_state=42)
2026-08-19 14:25:14,881:INFO:create_model() successfully completed......................................
2026-08-19 14:25:15,042:INFO:SubProcess create_model() end ==================================
2026-08-19 14:25:15,042:INFO:Creating metrics dataframe
2026-08-19 14:25:15,049:INFO:Initializing Gradient Boosting Regressor
2026-08-19 14:25:15,049:INFO:Total runtime is 0.598785924911499 minutes
2026-08-19 14:25:15,049:INFO:SubProcess create_model() called ==================================
2026-08-19 14:25:15,051:INFO:Initializing create_model()
2026-08-19 14:25:15,051:INFO:create_model(self=<pycaret.regression.oop.RegressionExperiment object at 0x0000010FDDF42910>, estimator=gbr, fold=KFold(n_splits=10, random_state=None, shuffle=False), round=4, cross_validation=True, predict=True, fit_kwargs={}, groups=None, refit=False, probability_threshold=None, experiment_custom_tags=None, verbose=False, system=False, add_to_model_list=True, metrics=None, display=<pycaret.internal.display.display.CommonDisplay object at 0x0000010FDFC35E50>, model_only=True, return_train_score=False, error_score=0.0, kwargs={})
2026-08-19 14:25:15,051:INFO:Checking exceptions
2026-08-19 14:25:15,051:INFO:Importing libraries
2026-08-19 14:25:15,052:INFO:Copying training dataset
2026-08-19 14:25:15,062:INFO:Defining folds
2026-08-19 14:25:15,063:INFO:Declaring metric variables
2026-08-19 14:25:15,063:INFO:Importing untrained model
2026-08-19 14:25:15,063:INFO:Gradient Boosting Regressor Imported successfully
2026-08-19 14:25:15,064:INFO:Starting cross validation
2026-08-19 14:25:15,068:INFO:Cross validating with KFold(n_splits=10, random_state=None, shuffle=False), n_jobs=-1
2026-08-19 14:25:15,916:INFO:Calculating mean and std
2026-08-19 14:25:15,916:INFO:Creating metrics dataframe
2026-08-19 14:25:15,919:INFO:Uploading results into container
2026-08-19 14:25:15,919:INFO:Uploading model into container now
2026-08-19 14:25:15,920:INFO:_master_model_container: 16
2026-08-19 14:25:15,920:INFO:_display_container: 2
2026-08-19 14:25:15,921:INFO:GradientBoostingRegressor(random_state=42)
2026-08-19 14:25:15,921:INFO:create_model() successfully completed......................................
2026-08-19 14:25:16,080:INFO:SubProcess create_model() end ==================================
2026-08-19 14:25:16,080:INFO:Creating metrics dataframe
2026-08-19 14:25:16,086:INFO:Initializing Light Gradient Boosting Machine
2026-08-19 14:25:16,086:INFO:Total runtime is 0.6160663445790608 minutes
2026-08-19 14:25:16,087:INFO:SubProcess create_model() called ==================================
2026-08-19 14:25:16,087:INFO:Initializing create_model()
2026-08-19 14:25:16,087:INFO:create_model(self=<pycaret.regression.oop.RegressionExperiment object at 0x0000010FDDF42910>, estimator=lightgbm, fold=KFold(n_splits=10, random_state=None, shuffle=False), round=4, cross_validation=True, predict=True, fit_kwargs={}, groups=None, refit=False, probability_threshold=None, experiment_custom_tags=None, verbose=False, system=False, add_to_model_list=True, metrics=None, display=<pycaret.internal.display.display.CommonDisplay object at 0x0000010FDFC35E50>, model_only=True, return_train_score=False, error_score=0.0, kwargs={})
2026-08-19 14:25:16,087:INFO:Checking exceptions
2026-08-19 14:25:16,087:INFO:Importing libraries
2026-08-19 14:25:16,087:INFO:Copying training dataset
2026-08-19 14:25:16,099:INFO:Defining folds
2026-08-19 14:25:16,099:INFO:Declaring metric variables
2026-08-19 14:25:16,099:INFO:Importing untrained model
2026-08-19 14:25:16,100:INFO:Light Gradient Boosting Machine Imported successfully
2026-08-19 14:25:16,100:INFO:Starting cross validation
2026-08-19 14:25:16,105:INFO:Cross validating with KFold(n_splits=10, random_state=None, shuffle=False), n_jobs=-1
2026-08-19 14:25:16,689:WARNING:create_model() for lightgbm raised an exception or returned all 0.0, trying without fit_kwargs:
2026-08-19 14:25:16,697:WARNING:Traceback (most recent call last):
  File "C:\Users\knish\PycharmProjects\AutoML-Smart-Prediction\.venv\Lib\site-packages\pycaret\internal\pycaret_experiment\supervised_experiment.py", line 794, in compare_models
    model, model_fit_time = self._create_model(**create_model_args)
                            ^^^^^^^^^^^^^^^^^^^^^^^^^^^^^^^^^^^^^^^
  File "C:\Users\knish\PycharmProjects\AutoML-Smart-Prediction\.venv\Lib\site-packages\pycaret\internal\pycaret_experiment\supervised_experiment.py", line 1533, in _create_model
    model, model_fit_time, model_results, _ = self._create_model_with_cv(
                                              ^^^^^^^^^^^^^^^^^^^^^^^^^^^
  File "C:\Users\knish\PycharmProjects\AutoML-Smart-Prediction\.venv\Lib\site-packages\pycaret\internal\pycaret_experiment\supervised_experiment.py", line 1126, in _create_model_with_cv
    scores = cross_validate(
             ^^^^^^^^^^^^^^^
  File "C:\Users\knish\PycharmProjects\AutoML-Smart-Prediction\.venv\Lib\site-packages\sklearn\utils\_param_validation.py", line 213, in wrapper
    return func(*args, **kwargs)
           ^^^^^^^^^^^^^^^^^^^^^
  File "C:\Users\knish\PycharmProjects\AutoML-Smart-Prediction\.venv\Lib\site-packages\sklearn\model_selection\_validation.py", line 450, in cross_validate
    _warn_or_raise_about_fit_failures(results, error_score)
  File "C:\Users\knish\PycharmProjects\AutoML-Smart-Prediction\.venv\Lib\site-packages\sklearn\model_selection\_validation.py", line 536, in _warn_or_raise_about_fit_failures
    raise ValueError(all_fits_failed_message)
ValueError: 
All the 10 fits failed.
It is very likely that your model is misconfigured.
You can try to debug the error by setting error_score='raise'.

Below are more details about the failures:
--------------------------------------------------------------------------------
10 fits failed with the following error:
Traceback (most recent call last):
  File "C:\Users\knish\PycharmProjects\AutoML-Smart-Prediction\.venv\Lib\site-packages\sklearn\model_selection\_validation.py", line 895, in _fit_and_score
    estimator.fit(X_train, y_train, **fit_params)
  File "C:\Users\knish\PycharmProjects\AutoML-Smart-Prediction\.venv\Lib\site-packages\pycaret\internal\pipeline.py", line 278, in fit
    fitted_estimator = self._memory_fit(
                       ^^^^^^^^^^^^^^^^^
  File "C:\Users\knish\PycharmProjects\AutoML-Smart-Prediction\.venv\Lib\site-packages\joblib\memory.py", line 353, in __call__
    return self.func(*args, **kwargs)
           ^^^^^^^^^^^^^^^^^^^^^^^^^^
  File "C:\Users\knish\PycharmProjects\AutoML-Smart-Prediction\.venv\Lib\site-packages\pycaret\internal\pipeline.py", line 69, in _fit_one
    transformer.fit(*args)
  File "C:\Users\knish\PycharmProjects\AutoML-Smart-Prediction\.venv\Lib\site-packages\lightgbm\sklearn.py", line 1536, in fit
    super().fit(
  File "C:\Users\knish\PycharmProjects\AutoML-Smart-Prediction\.venv\Lib\site-packages\lightgbm\sklearn.py", line 1171, in fit
    self._Booster = train(
                    ^^^^^^
  File "C:\Users\knish\PycharmProjects\AutoML-Smart-Prediction\.venv\Lib\site-packages\lightgbm\engine.py", line 296, in train
    booster = Booster(params=params, train_set=train_set)
              ^^^^^^^^^^^^^^^^^^^^^^^^^^^^^^^^^^^^^^^^^^^
  File "C:\Users\knish\PycharmProjects\AutoML-Smart-Prediction\.venv\Lib\site-packages\lightgbm\basic.py", line 3758, in __init__
    train_set.construct()
  File "C:\Users\knish\PycharmProjects\AutoML-Smart-Prediction\.venv\Lib\site-packages\lightgbm\basic.py", line 2574, in construct
    self._lazy_init(
  File "C:\Users\knish\PycharmProjects\AutoML-Smart-Prediction\.venv\Lib\site-packages\lightgbm\basic.py", line 2189, in _lazy_init
    self.set_label(label)
  File "C:\Users\knish\PycharmProjects\AutoML-Smart-Prediction\.venv\Lib\site-packages\lightgbm\basic.py", line 3097, in set_label
    self.set_field("label", label_array)
  File "C:\Users\knish\PycharmProjects\AutoML-Smart-Prediction\.venv\Lib\site-packages\lightgbm\basic.py", line 2860, in set_field
    _LIB.LGBM_DatasetSetField(
OSError: exception: access violation reading 0x0000000000000000


2026-08-19 14:25:16,697:INFO:Initializing create_model()
2026-08-19 14:25:16,697:INFO:create_model(self=<pycaret.regression.oop.RegressionExperiment object at 0x0000010FDDF42910>, estimator=lightgbm, fold=KFold(n_splits=10, random_state=None, shuffle=False), round=4, cross_validation=True, predict=True, fit_kwargs={}, groups=None, refit=False, probability_threshold=None, experiment_custom_tags=None, verbose=False, system=False, add_to_model_list=True, metrics=None, display=<pycaret.internal.display.display.CommonDisplay object at 0x0000010FDFC35E50>, model_only=True, return_train_score=False, error_score=0.0, kwargs={})
2026-08-19 14:25:16,698:INFO:Checking exceptions
2026-08-19 14:25:16,698:INFO:Importing libraries
2026-08-19 14:25:16,698:INFO:Copying training dataset
2026-08-19 14:25:16,706:INFO:Defining folds
2026-08-19 14:25:16,706:INFO:Declaring metric variables
2026-08-19 14:25:16,706:INFO:Importing untrained model
2026-08-19 14:25:16,707:INFO:Light Gradient Boosting Machine Imported successfully
2026-08-19 14:25:16,707:INFO:Starting cross validation
2026-08-19 14:25:16,711:INFO:Cross validating with KFold(n_splits=10, random_state=None, shuffle=False), n_jobs=-1
2026-08-19 14:25:17,135:ERROR:create_model() for lightgbm raised an exception or returned all 0.0:
2026-08-19 14:25:17,138:ERROR:Traceback (most recent call last):
  File "C:\Users\knish\PycharmProjects\AutoML-Smart-Prediction\.venv\Lib\site-packages\pycaret\internal\pycaret_experiment\supervised_experiment.py", line 794, in compare_models
    model, model_fit_time = self._create_model(**create_model_args)
                            ^^^^^^^^^^^^^^^^^^^^^^^^^^^^^^^^^^^^^^^
  File "C:\Users\knish\PycharmProjects\AutoML-Smart-Prediction\.venv\Lib\site-packages\pycaret\internal\pycaret_experiment\supervised_experiment.py", line 1533, in _create_model
    model, model_fit_time, model_results, _ = self._create_model_with_cv(
                                              ^^^^^^^^^^^^^^^^^^^^^^^^^^^
  File "C:\Users\knish\PycharmProjects\AutoML-Smart-Prediction\.venv\Lib\site-packages\pycaret\internal\pycaret_experiment\supervised_experiment.py", line 1126, in _create_model_with_cv
    scores = cross_validate(
             ^^^^^^^^^^^^^^^
  File "C:\Users\knish\PycharmProjects\AutoML-Smart-Prediction\.venv\Lib\site-packages\sklearn\utils\_param_validation.py", line 213, in wrapper
    return func(*args, **kwargs)
           ^^^^^^^^^^^^^^^^^^^^^
  File "C:\Users\knish\PycharmProjects\AutoML-Smart-Prediction\.venv\Lib\site-packages\sklearn\model_selection\_validation.py", line 450, in cross_validate
    _warn_or_raise_about_fit_failures(results, error_score)
  File "C:\Users\knish\PycharmProjects\AutoML-Smart-Prediction\.venv\Lib\site-packages\sklearn\model_selection\_validation.py", line 536, in _warn_or_raise_about_fit_failures
    raise ValueError(all_fits_failed_message)
ValueError: 
All the 10 fits failed.
It is very likely that your model is misconfigured.
You can try to debug the error by setting error_score='raise'.

Below are more details about the failures:
--------------------------------------------------------------------------------
10 fits failed with the following error:
Traceback (most recent call last):
  File "C:\Users\knish\PycharmProjects\AutoML-Smart-Prediction\.venv\Lib\site-packages\sklearn\model_selection\_validation.py", line 895, in _fit_and_score
    estimator.fit(X_train, y_train, **fit_params)
  File "C:\Users\knish\PycharmProjects\AutoML-Smart-Prediction\.venv\Lib\site-packages\pycaret\internal\pipeline.py", line 278, in fit
    fitted_estimator = self._memory_fit(
                       ^^^^^^^^^^^^^^^^^
  File "C:\Users\knish\PycharmProjects\AutoML-Smart-Prediction\.venv\Lib\site-packages\joblib\memory.py", line 353, in __call__
    return self.func(*args, **kwargs)
           ^^^^^^^^^^^^^^^^^^^^^^^^^^
  File "C:\Users\knish\PycharmProjects\AutoML-Smart-Prediction\.venv\Lib\site-packages\pycaret\internal\pipeline.py", line 69, in _fit_one
    transformer.fit(*args)
  File "C:\Users\knish\PycharmProjects\AutoML-Smart-Prediction\.venv\Lib\site-packages\lightgbm\sklearn.py", line 1536, in fit
    super().fit(
  File "C:\Users\knish\PycharmProjects\AutoML-Smart-Prediction\.venv\Lib\site-packages\lightgbm\sklearn.py", line 1171, in fit
    self._Booster = train(
                    ^^^^^^
  File "C:\Users\knish\PycharmProjects\AutoML-Smart-Prediction\.venv\Lib\site-packages\lightgbm\engine.py", line 296, in train
    booster = Booster(params=params, train_set=train_set)
              ^^^^^^^^^^^^^^^^^^^^^^^^^^^^^^^^^^^^^^^^^^^
  File "C:\Users\knish\PycharmProjects\AutoML-Smart-Prediction\.venv\Lib\site-packages\lightgbm\basic.py", line 3758, in __init__
    train_set.construct()
  File "C:\Users\knish\PycharmProjects\AutoML-Smart-Prediction\.venv\Lib\site-packages\lightgbm\basic.py", line 2574, in construct
    self._lazy_init(
  File "C:\Users\knish\PycharmProjects\AutoML-Smart-Prediction\.venv\Lib\site-packages\lightgbm\basic.py", line 2189, in _lazy_init
    self.set_label(label)
  File "C:\Users\knish\PycharmProjects\AutoML-Smart-Prediction\.venv\Lib\site-packages\lightgbm\basic.py", line 3097, in set_label
    self.set_field("label", label_array)
  File "C:\Users\knish\PycharmProjects\AutoML-Smart-Prediction\.venv\Lib\site-packages\lightgbm\basic.py", line 2860, in set_field
    _LIB.LGBM_DatasetSetField(
OSError: exception: access violation reading 0x0000000000000000


During handling of the above exception, another exception occurred:

Traceback (most recent call last):
  File "C:\Users\knish\PycharmProjects\AutoML-Smart-Prediction\.venv\Lib\site-packages\pycaret\internal\pycaret_experiment\supervised_experiment.py", line 815, in compare_models
    model, model_fit_time = self._create_model(**create_model_args)
                            ^^^^^^^^^^^^^^^^^^^^^^^^^^^^^^^^^^^^^^^
  File "C:\Users\knish\PycharmProjects\AutoML-Smart-Prediction\.venv\Lib\site-packages\pycaret\internal\pycaret_experiment\supervised_experiment.py", line 1533, in _create_model
    model, model_fit_time, model_results, _ = self._create_model_with_cv(
                                              ^^^^^^^^^^^^^^^^^^^^^^^^^^^
  File "C:\Users\knish\PycharmProjects\AutoML-Smart-Prediction\.venv\Lib\site-packages\pycaret\internal\pycaret_experiment\supervised_experiment.py", line 1126, in _create_model_with_cv
    scores = cross_validate(
             ^^^^^^^^^^^^^^^
  File "C:\Users\knish\PycharmProjects\AutoML-Smart-Prediction\.venv\Lib\site-packages\sklearn\utils\_param_validation.py", line 213, in wrapper
    return func(*args, **kwargs)
           ^^^^^^^^^^^^^^^^^^^^^
  File "C:\Users\knish\PycharmProjects\AutoML-Smart-Prediction\.venv\Lib\site-packages\sklearn\model_selection\_validation.py", line 450, in cross_validate
    _warn_or_raise_about_fit_failures(results, error_score)
  File "C:\Users\knish\PycharmProjects\AutoML-Smart-Prediction\.venv\Lib\site-packages\sklearn\model_selection\_validation.py", line 536, in _warn_or_raise_about_fit_failures
    raise ValueError(all_fits_failed_message)
ValueError: 
All the 10 fits failed.
It is very likely that your model is misconfigured.
You can try to debug the error by setting error_score='raise'.

Below are more details about the failures:
--------------------------------------------------------------------------------
10 fits failed with the following error:
Traceback (most recent call last):
  File "C:\Users\knish\PycharmProjects\AutoML-Smart-Prediction\.venv\Lib\site-packages\sklearn\model_selection\_validation.py", line 895, in _fit_and_score
    estimator.fit(X_train, y_train, **fit_params)
  File "C:\Users\knish\PycharmProjects\AutoML-Smart-Prediction\.venv\Lib\site-packages\pycaret\internal\pipeline.py", line 278, in fit
    fitted_estimator = self._memory_fit(
                       ^^^^^^^^^^^^^^^^^
  File "C:\Users\knish\PycharmProjects\AutoML-Smart-Prediction\.venv\Lib\site-packages\joblib\memory.py", line 353, in __call__
    return self.func(*args, **kwargs)
           ^^^^^^^^^^^^^^^^^^^^^^^^^^
  File "C:\Users\knish\PycharmProjects\AutoML-Smart-Prediction\.venv\Lib\site-packages\pycaret\internal\pipeline.py", line 69, in _fit_one
    transformer.fit(*args)
  File "C:\Users\knish\PycharmProjects\AutoML-Smart-Prediction\.venv\Lib\site-packages\lightgbm\sklearn.py", line 1536, in fit
    super().fit(
  File "C:\Users\knish\PycharmProjects\AutoML-Smart-Prediction\.venv\Lib\site-packages\lightgbm\sklearn.py", line 1171, in fit
    self._Booster = train(
                    ^^^^^^
  File "C:\Users\knish\PycharmProjects\AutoML-Smart-Prediction\.venv\Lib\site-packages\lightgbm\engine.py", line 296, in train
    booster = Booster(params=params, train_set=train_set)
              ^^^^^^^^^^^^^^^^^^^^^^^^^^^^^^^^^^^^^^^^^^^
  File "C:\Users\knish\PycharmProjects\AutoML-Smart-Prediction\.venv\Lib\site-packages\lightgbm\basic.py", line 3758, in __init__
    train_set.construct()
  File "C:\Users\knish\PycharmProjects\AutoML-Smart-Prediction\.venv\Lib\site-packages\lightgbm\basic.py", line 2574, in construct
    self._lazy_init(
  File "C:\Users\knish\PycharmProjects\AutoML-Smart-Prediction\.venv\Lib\site-packages\lightgbm\basic.py", line 2189, in _lazy_init
    self.set_label(label)
  File "C:\Users\knish\PycharmProjects\AutoML-Smart-Prediction\.venv\Lib\site-packages\lightgbm\basic.py", line 3097, in set_label
    self.set_field("label", label_array)
  File "C:\Users\knish\PycharmProjects\AutoML-Smart-Prediction\.venv\Lib\site-packages\lightgbm\basic.py", line 2860, in set_field
    _LIB.LGBM_DatasetSetField(
OSError: exception: access violation reading 0x0000000000000000


2026-08-19 14:25:17,139:INFO:Initializing Dummy Regressor
2026-08-19 14:25:17,139:INFO:Total runtime is 0.6336085756619771 minutes
2026-08-19 14:25:17,139:INFO:SubProcess create_model() called ==================================
2026-08-19 14:25:17,140:INFO:Initializing create_model()
2026-08-19 14:25:17,140:INFO:create_model(self=<pycaret.regression.oop.RegressionExperiment object at 0x0000010FDDF42910>, estimator=dummy, fold=KFold(n_splits=10, random_state=None, shuffle=False), round=4, cross_validation=True, predict=True, fit_kwargs={}, groups=None, refit=False, probability_threshold=None, experiment_custom_tags=None, verbose=False, system=False, add_to_model_list=True, metrics=None, display=<pycaret.internal.display.display.CommonDisplay object at 0x0000010FDFC35E50>, model_only=True, return_train_score=False, error_score=0.0, kwargs={})
2026-08-19 14:25:17,140:INFO:Checking exceptions
2026-08-19 14:25:17,140:INFO:Importing libraries
2026-08-19 14:25:17,140:INFO:Copying training dataset
2026-08-19 14:25:17,148:INFO:Defining folds
2026-08-19 14:25:17,148:INFO:Declaring metric variables
2026-08-19 14:25:17,148:INFO:Importing untrained model
2026-08-19 14:25:17,148:INFO:Dummy Regressor Imported successfully
2026-08-19 14:25:17,149:INFO:Starting cross validation
2026-08-19 14:25:17,151:INFO:Cross validating with KFold(n_splits=10, random_state=None, shuffle=False), n_jobs=-1
2026-08-19 14:25:17,660:INFO:Calculating mean and std
2026-08-19 14:25:17,661:INFO:Creating metrics dataframe
2026-08-19 14:25:17,663:INFO:Uploading results into container
2026-08-19 14:25:17,664:INFO:Uploading model into container now
2026-08-19 14:25:17,664:INFO:_master_model_container: 17
2026-08-19 14:25:17,664:INFO:_display_container: 2
2026-08-19 14:25:17,664:INFO:DummyRegressor()
2026-08-19 14:25:17,664:INFO:create_model() successfully completed......................................
2026-08-19 14:25:17,757:INFO:SubProcess create_model() end ==================================
2026-08-19 14:25:17,757:INFO:Creating metrics dataframe
2026-08-19 14:25:17,761:WARNING:C:\Users\knish\PycharmProjects\AutoML-Smart-Prediction\.venv\Lib\site-packages\pycaret\internal\pycaret_experiment\supervised_experiment.py:339: FutureWarning: Styler.applymap has been deprecated. Use Styler.map instead.
  .applymap(highlight_cols, subset=["TT (Sec)"])

2026-08-19 14:25:17,763:INFO:Initializing create_model()
2026-08-19 14:25:17,763:INFO:create_model(self=<pycaret.regression.oop.RegressionExperiment object at 0x0000010FDDF42910>, estimator=RandomForestRegressor(n_jobs=-1, random_state=42), fold=KFold(n_splits=10, random_state=None, shuffle=False), round=4, cross_validation=False, predict=False, fit_kwargs={}, groups=None, refit=True, probability_threshold=None, experiment_custom_tags=None, verbose=False, system=False, add_to_model_list=True, metrics=None, display=None, model_only=True, return_train_score=False, error_score=0.0, kwargs={})
2026-08-19 14:25:17,763:INFO:Checking exceptions
2026-08-19 14:25:17,764:INFO:Importing libraries
2026-08-19 14:25:17,764:INFO:Copying training dataset
2026-08-19 14:25:17,771:INFO:Defining folds
2026-08-19 14:25:17,771:INFO:Declaring metric variables
2026-08-19 14:25:17,772:INFO:Importing untrained model
2026-08-19 14:25:17,772:INFO:Declaring custom model
2026-08-19 14:25:17,773:INFO:Random Forest Regressor Imported successfully
2026-08-19 14:25:17,775:INFO:Cross validation set to False
2026-08-19 14:25:17,775:INFO:Fitting Model
2026-08-19 14:25:18,087:INFO:RandomForestRegressor(n_jobs=-1, random_state=42)
2026-08-19 14:25:18,087:INFO:create_model() successfully completed......................................
2026-08-19 14:25:18,212:INFO:_master_model_container: 17
2026-08-19 14:25:18,212:INFO:_display_container: 2
2026-08-19 14:25:18,213:INFO:RandomForestRegressor(n_jobs=-1, random_state=42)
2026-08-19 14:25:18,213:INFO:compare_models() successfully completed......................................
2026-08-19 14:25:18,214:INFO:Initializing finalize_model()
2026-08-19 14:25:18,214:INFO:finalize_model(self=<pycaret.regression.oop.RegressionExperiment object at 0x0000010FDDF42910>, estimator=RandomForestRegressor(n_jobs=-1, random_state=42), fit_kwargs=None, groups=None, model_only=False, experiment_custom_tags=None)
2026-08-19 14:25:18,215:INFO:Finalizing RandomForestRegressor(n_jobs=-1, random_state=42)
2026-08-19 14:25:18,219:INFO:Initializing create_model()
2026-08-19 14:25:18,219:INFO:create_model(self=<pycaret.regression.oop.RegressionExperiment object at 0x0000010FDDF42910>, estimator=RandomForestRegressor(n_jobs=-1, random_state=42), fold=None, round=4, cross_validation=False, predict=False, fit_kwargs={}, groups=None, refit=True, probability_threshold=None, experiment_custom_tags=None, verbose=False, system=False, add_to_model_list=False, metrics=None, display=None, model_only=False, return_train_score=False, error_score=0.0, kwargs={})
2026-08-19 14:25:18,219:INFO:Checking exceptions
2026-08-19 14:25:18,220:INFO:Importing libraries
2026-08-19 14:25:18,220:INFO:Copying training dataset
2026-08-19 14:25:18,221:INFO:Defining folds
2026-08-19 14:25:18,221:INFO:Declaring metric variables
2026-08-19 14:25:18,221:INFO:Importing untrained model
2026-08-19 14:25:18,222:INFO:Declaring custom model
2026-08-19 14:25:18,223:INFO:Random Forest Regressor Imported successfully
2026-08-19 14:25:18,226:INFO:Cross validation set to False
2026-08-19 14:25:18,226:INFO:Fitting Model
2026-08-19 14:25:18,773:INFO:Pipeline(memory=Memory(location=None),
         steps=[('numerical_imputer',
                 TransformerWrapper(include=['age', 'Medu', 'Fedu',
                                             'traveltime', 'studytime',
                                             'failures', 'famrel', 'freetime',
                                             'goout', 'Dalc', 'Walc', 'health',
                                             'absences'],
                                    transformer=SimpleImputer())),
                ('categorical_imputer',
                 TransformerWrapper(include=['school', 'sex', 'address',
                                             'famsize', 'Pstatus', 'Mjob',
                                             'Fjo...
dtype: int64}]))),
                ('onehot_encoding',
                 TransformerWrapper(include=['Mjob', 'Fjob', 'reason',
                                             'guardian'],
                                    transformer=OneHotEncoder(cols=['Mjob',
                                                                    'Fjob',
                                                                    'reason',
                                                                    'guardian'],
                                                              handle_missing='return_nan',
                                                              use_cat_names=True))),
                ('normalize', TransformerWrapper(transformer=StandardScaler())),
                ('actual_estimator',
                 RandomForestRegressor(n_jobs=-1, random_state=42))])
2026-08-19 14:25:18,773:INFO:create_model() successfully completed......................................
2026-08-19 14:25:18,894:INFO:_master_model_container: 17
2026-08-19 14:25:18,894:INFO:_display_container: 2
2026-08-19 14:25:19,097:INFO:Pipeline(memory=Memory(location=None),
         steps=[('numerical_imputer',
                 TransformerWrapper(include=['age', 'Medu', 'Fedu',
                                             'traveltime', 'studytime',
                                             'failures', 'famrel', 'freetime',
                                             'goout', 'Dalc', 'Walc', 'health',
                                             'absences'],
                                    transformer=SimpleImputer())),
                ('categorical_imputer',
                 TransformerWrapper(include=['school', 'sex', 'address',
                                             'famsize', 'Pstatus', 'Mjob',
                                             'Fjo...
dtype: int64}]))),
                ('onehot_encoding',
                 TransformerWrapper(include=['Mjob', 'Fjob', 'reason',
                                             'guardian'],
                                    transformer=OneHotEncoder(cols=['Mjob',
                                                                    'Fjob',
                                                                    'reason',
                                                                    'guardian'],
                                                              handle_missing='return_nan',
                                                              use_cat_names=True))),
                ('normalize', TransformerWrapper(transformer=StandardScaler())),
                ('actual_estimator',
                 RandomForestRegressor(n_jobs=-1, random_state=42))])
2026-08-19 14:25:19,097:INFO:finalize_model() successfully completed......................................
2026-08-19 14:25:19,484:INFO:Initializing save_model()
2026-08-19 14:25:19,485:INFO:save_model(model=Pipeline(memory=Memory(location=None),
         steps=[('numerical_imputer',
                 TransformerWrapper(include=['age', 'Medu', 'Fedu',
                                             'traveltime', 'studytime',
                                             'failures', 'famrel', 'freetime',
                                             'goout', 'Dalc', 'Walc', 'health',
                                             'absences'],
                                    transformer=SimpleImputer())),
                ('categorical_imputer',
                 TransformerWrapper(include=['school', 'sex', 'address',
                                             'famsize', 'Pstatus', 'Mjob',
                                             'Fjo...
dtype: int64}]))),
                ('onehot_encoding',
                 TransformerWrapper(include=['Mjob', 'Fjob', 'reason',
                                             'guardian'],
                                    transformer=OneHotEncoder(cols=['Mjob',
                                                                    'Fjob',
                                                                    'reason',
                                                                    'guardian'],
                                                              handle_missing='return_nan',
                                                              use_cat_names=True))),
                ('normalize', TransformerWrapper(transformer=StandardScaler())),
                ('actual_estimator',
                 RandomForestRegressor(n_jobs=-1, random_state=42))]), model_name=C:\Users\knish\PycharmProjects\AutoML-Smart-Prediction\models\best_model, prep_pipe_=Pipeline(memory=FastMemory(location=C:\Users\knish\AppData\Local\Temp\joblib),
         steps=[('numerical_imputer',
                 TransformerWrapper(include=['age', 'Medu', 'Fedu',
                                             'traveltime', 'studytime',
                                             'failures', 'famrel', 'freetime',
                                             'goout', 'Dalc', 'Walc', 'health',
                                             'absences'],
                                    transformer=SimpleImputer())),
                ('categorical_imputer',
                 TransformerWrapper(include=['school', 'sex', '...
dtype: int64},
                                                                        {'col': 'romantic',
                                                                         'data_type': dtype('O'),
                                                                         'mapping': no     0
yes    1
NaN   -1
dtype: int64}]))),
                ('onehot_encoding',
                 TransformerWrapper(include=['Mjob', 'Fjob', 'reason',
                                             'guardian'],
                                    transformer=OneHotEncoder(cols=['Mjob',
                                                                    'Fjob',
                                                                    'reason',
                                                                    'guardian'],
                                                              handle_missing='return_nan',
                                                              use_cat_names=True))),
                ('normalize',
                 TransformerWrapper(transformer=StandardScaler()))]), verbose=True, use_case=MLUsecase.REGRESSION, kwargs={})
2026-08-19 14:25:19,485:INFO:Adding model into prep_pipe
2026-08-19 14:25:19,485:WARNING:Only Model saved as it was a pipeline.
2026-08-19 14:25:19,529:INFO:C:\Users\knish\PycharmProjects\AutoML-Smart-Prediction\models\best_model.pkl saved in current working directory
2026-08-19 14:25:19,659:INFO:Pipeline(memory=Memory(location=None),
         steps=[('numerical_imputer',
                 TransformerWrapper(include=['age', 'Medu', 'Fedu',
                                             'traveltime', 'studytime',
                                             'failures', 'famrel', 'freetime',
                                             'goout', 'Dalc', 'Walc', 'health',
                                             'absences'],
                                    transformer=SimpleImputer())),
                ('categorical_imputer',
                 TransformerWrapper(include=['school', 'sex', 'address',
                                             'famsize', 'Pstatus', 'Mjob',
                                             'Fjo...
dtype: int64}]))),
                ('onehot_encoding',
                 TransformerWrapper(include=['Mjob', 'Fjob', 'reason',
                                             'guardian'],
                                    transformer=OneHotEncoder(cols=['Mjob',
                                                                    'Fjob',
                                                                    'reason',
                                                                    'guardian'],
                                                              handle_missing='return_nan',
                                                              use_cat_names=True))),
                ('normalize', TransformerWrapper(transformer=StandardScaler())),
                ('actual_estimator',
                 RandomForestRegressor(n_jobs=-1, random_state=42))])
2026-08-19 14:25:19,660:INFO:save_model() successfully completed......................................
2026-08-19 14:38:00,697:WARNING:
'cuml' is a soft dependency and not included in the pycaret installation. Please run: `pip install cuml` to install.
2026-08-19 14:38:00,697:WARNING:
'cuml' is a soft dependency and not included in the pycaret installation. Please run: `pip install cuml` to install.
2026-08-19 14:38:00,697:WARNING:
'cuml' is a soft dependency and not included in the pycaret installation. Please run: `pip install cuml` to install.
2026-08-19 14:38:00,697:WARNING:
'cuml' is a soft dependency and not included in the pycaret installation. Please run: `pip install cuml` to install.
2026-08-19 14:38:00,884:INFO:PyCaret RegressionExperiment
2026-08-19 14:38:00,885:INFO:Logging name: reg-default-name
2026-08-19 14:38:00,885:INFO:ML Usecase: MLUsecase.REGRESSION
2026-08-19 14:38:00,885:INFO:version 3.3.2
2026-08-19 14:38:00,885:INFO:Initializing setup()
2026-08-19 14:38:00,885:INFO:self.USI: e0c3
2026-08-19 14:38:00,885:INFO:self._variable_keys: {'gpu_param', 'gpu_n_jobs_param', 'exp_id', 'log_plots_param', 'target_param', 'pipeline', 'fold_generator', 'exp_name_log', '_available_plots', 'fold_shuffle_param', 'html_param', 'USI', 'idx', 'data', 'fold_groups_param', 'X', 'y', 'X_train', 'logging_param', 'transform_target_param', 'memory', 'X_test', 'seed', 'y_test', '_ml_usecase', 'y_train', 'n_jobs_param'}
2026-08-19 14:38:00,885:INFO:Checking environment
2026-08-19 14:38:00,885:INFO:python_version: 3.11.0
2026-08-19 14:38:00,885:INFO:python_build: ('main', 'Oct 24 2022 18:26:48')
2026-08-19 14:38:00,885:INFO:machine: AMD64
2026-08-19 14:38:00,936:INFO:platform: Windows-10-10.0.26200-SP0
2026-08-19 14:38:00,936:INFO:Memory: svmem(total=12581920768, available=2806067200, percent=77.7, used=9775853568, free=2806067200)
2026-08-19 14:38:00,936:INFO:Physical Core: 10
2026-08-19 14:38:00,936:INFO:Logical Core: 12
2026-08-19 14:38:00,936:INFO:Checking libraries
2026-08-19 14:38:00,937:INFO:System:
2026-08-19 14:38:00,937:INFO:    python: 3.11.0 (main, Oct 24 2022, 18:26:48) [MSC v.1933 64 bit (AMD64)]
2026-08-19 14:38:00,937:INFO:executable: C:\Users\knish\PycharmProjects\AutoML-Smart-Prediction\.venv\Scripts\python.exe
2026-08-19 14:38:00,937:INFO:   machine: Windows-10-10.0.26200-SP0
2026-08-19 14:38:00,937:INFO:PyCaret required dependencies:
2026-08-19 14:38:00,938:WARNING:C:\Users\knish\PycharmProjects\AutoML-Smart-Prediction\.venv\Lib\site-packages\_distutils_hack\__init__.py:30: UserWarning: Setuptools is replacing distutils. Support for replacing an already imported distutils is deprecated. In the future, this condition will fail. Register concerns at https://github.com/pypa/setuptools/issues/new?template=distutils-deprecation.yml
  warnings.warn(

2026-08-19 14:38:00,975:INFO:                 pip: 26.0.1
2026-08-19 14:38:00,976:INFO:          setuptools: 82.0.0
2026-08-19 14:38:00,976:INFO:             pycaret: 3.3.2
2026-08-19 14:38:00,976:INFO:             IPython: 9.16.1
2026-08-19 14:38:00,976:INFO:          ipywidgets: 8.1.8
2026-08-19 14:38:00,976:INFO:                tqdm: 4.70.0
2026-08-19 14:38:00,976:INFO:               numpy: 1.26.4
2026-08-19 14:38:00,976:INFO:              pandas: 2.1.4
2026-08-19 14:38:00,976:INFO:              jinja2: 3.1.6
2026-08-19 14:38:00,976:INFO:               scipy: 1.11.4
2026-08-19 14:38:00,976:INFO:              joblib: 1.3.2
2026-08-19 14:38:00,976:INFO:             sklearn: 1.4.2
2026-08-19 14:38:00,976:INFO:                pyod: 3.4.0
2026-08-19 14:38:00,976:INFO:            imblearn: 0.14.2
2026-08-19 14:38:00,976:INFO:   category_encoders: 2.7.0
2026-08-19 14:38:00,976:INFO:            lightgbm: 4.7.0
2026-08-19 14:38:00,976:INFO:               numba: 0.67.0
2026-08-19 14:38:00,976:INFO:            requests: 2.34.2
2026-08-19 14:38:00,976:INFO:          matplotlib: 3.7.5
2026-08-19 14:38:00,976:INFO:          scikitplot: 0.3.7
2026-08-19 14:38:00,976:INFO:         yellowbrick: 1.5
2026-08-19 14:38:00,976:INFO:              plotly: 6.9.0
2026-08-19 14:38:00,976:INFO:    plotly-resampler: Not installed
2026-08-19 14:38:00,976:INFO:             kaleido: 1.3.0
2026-08-19 14:38:00,977:INFO:           schemdraw: 0.15
2026-08-19 14:38:00,977:INFO:         statsmodels: 0.14.6
2026-08-19 14:38:00,977:INFO:              sktime: 0.26.0
2026-08-19 14:38:00,977:INFO:               tbats: 1.1.3
2026-08-19 14:38:00,977:INFO:            pmdarima: 2.0.4
2026-08-19 14:38:00,977:INFO:              psutil: 7.2.2
2026-08-19 14:38:00,977:INFO:          markupsafe: 3.0.3
2026-08-19 14:38:00,977:INFO:             pickle5: Not installed
2026-08-19 14:38:00,977:INFO:         cloudpickle: 3.1.2
2026-08-19 14:38:00,977:INFO:         deprecation: 2.1.0
2026-08-19 14:38:00,977:INFO:              xxhash: 4.0.0
2026-08-19 14:38:00,977:INFO:           wurlitzer: Not installed
2026-08-19 14:38:00,977:INFO:PyCaret optional dependencies:
2026-08-19 14:38:01,867:INFO:                shap: Not installed
2026-08-19 14:38:01,867:INFO:           interpret: Not installed
2026-08-19 14:38:01,867:INFO:                umap: Not installed
2026-08-19 14:38:01,867:INFO:     ydata_profiling: Not installed
2026-08-19 14:38:01,867:INFO:  explainerdashboard: Not installed
2026-08-19 14:38:01,867:INFO:             autoviz: Not installed
2026-08-19 14:38:01,867:INFO:           fairlearn: Not installed
2026-08-19 14:38:01,867:INFO:          deepchecks: Not installed
2026-08-19 14:38:01,867:INFO:             xgboost: Not installed
2026-08-19 14:38:01,867:INFO:            catboost: Not installed
2026-08-19 14:38:01,867:INFO:              kmodes: Not installed
2026-08-19 14:38:01,867:INFO:             mlxtend: Not installed
2026-08-19 14:38:01,868:INFO:       statsforecast: Not installed
2026-08-19 14:38:01,868:INFO:        tune_sklearn: Not installed
2026-08-19 14:38:01,868:INFO:                 ray: Not installed
2026-08-19 14:38:01,868:INFO:            hyperopt: Not installed
2026-08-19 14:38:01,868:INFO:              optuna: Not installed
2026-08-19 14:38:01,868:INFO:               skopt: Not installed
2026-08-19 14:38:01,868:INFO:              mlflow: Not installed
2026-08-19 14:38:01,868:INFO:              gradio: Not installed
2026-08-19 14:38:01,868:INFO:             fastapi: 0.141.1
2026-08-19 14:38:01,868:INFO:             uvicorn: 0.52.3
2026-08-19 14:38:01,868:INFO:              m2cgen: Not installed
2026-08-19 14:38:01,868:INFO:           evidently: Not installed
2026-08-19 14:38:01,868:INFO:               fugue: Not installed
2026-08-19 14:38:01,868:INFO:           streamlit: 1.61.1
2026-08-19 14:38:01,868:INFO:             prophet: Not installed
2026-08-19 14:38:01,868:INFO:None
2026-08-19 14:38:01,868:INFO:Set up data.
2026-08-19 14:38:01,883:INFO:Set up folding strategy.
2026-08-19 14:38:01,883:INFO:Set up train/test split.
2026-08-19 14:38:01,899:INFO:Set up index.
2026-08-19 14:38:01,899:INFO:Assigning column types.
2026-08-19 14:38:01,908:INFO:Engine successfully changes for model 'lr' to 'sklearn'.
2026-08-19 14:38:01,909:INFO:Engine for model 'lasso' has not been set explicitly, hence returning None.
2026-08-19 14:38:01,919:INFO:Engine for model 'ridge' has not been set explicitly, hence returning None.
2026-08-19 14:38:01,932:INFO:Engine for model 'en' has not been set explicitly, hence returning None.
2026-08-19 14:38:02,125:INFO:Engine for model 'svm' has not been set explicitly, hence returning None.
2026-08-19 14:38:02,173:INFO:Engine for model 'knn' has not been set explicitly, hence returning None.
2026-08-19 14:38:02,173:WARNING:
'xgboost' is a soft dependency and not included in the pycaret installation. Please run: `pip install xgboost` to install.
Alternately, you can install this by running `pip install pycaret[models]`
2026-08-19 14:38:02,173:WARNING:
'catboost' is a soft dependency and not included in the pycaret installation. Please run: `pip install catboost` to install.
Alternately, you can install this by running `pip install pycaret[models]`
2026-08-19 14:38:02,174:INFO:Engine for model 'lasso' has not been set explicitly, hence returning None.
2026-08-19 14:38:02,178:INFO:Engine for model 'ridge' has not been set explicitly, hence returning None.
2026-08-19 14:38:02,183:INFO:Engine for model 'en' has not been set explicitly, hence returning None.
2026-08-19 14:38:02,243:INFO:Engine for model 'svm' has not been set explicitly, hence returning None.
2026-08-19 14:38:02,291:INFO:Engine for model 'knn' has not been set explicitly, hence returning None.
2026-08-19 14:38:02,291:WARNING:
'xgboost' is a soft dependency and not included in the pycaret installation. Please run: `pip install xgboost` to install.
Alternately, you can install this by running `pip install pycaret[models]`
2026-08-19 14:38:02,291:WARNING:
'catboost' is a soft dependency and not included in the pycaret installation. Please run: `pip install catboost` to install.
Alternately, you can install this by running `pip install pycaret[models]`
2026-08-19 14:38:02,292:INFO:Engine successfully changes for model 'lasso' to 'sklearn'.
2026-08-19 14:38:02,296:INFO:Engine for model 'ridge' has not been set explicitly, hence returning None.
2026-08-19 14:38:02,301:INFO:Engine for model 'en' has not been set explicitly, hence returning None.
2026-08-19 14:38:02,364:INFO:Engine for model 'svm' has not been set explicitly, hence returning None.
2026-08-19 14:38:02,411:INFO:Engine for model 'knn' has not been set explicitly, hence returning None.
2026-08-19 14:38:02,411:WARNING:
'xgboost' is a soft dependency and not included in the pycaret installation. Please run: `pip install xgboost` to install.
Alternately, you can install this by running `pip install pycaret[models]`
2026-08-19 14:38:02,412:WARNING:
'catboost' is a soft dependency and not included in the pycaret installation. Please run: `pip install catboost` to install.
Alternately, you can install this by running `pip install pycaret[models]`
2026-08-19 14:38:02,417:INFO:Engine for model 'ridge' has not been set explicitly, hence returning None.
2026-08-19 14:38:02,421:INFO:Engine for model 'en' has not been set explicitly, hence returning None.
2026-08-19 14:38:02,495:INFO:Engine for model 'svm' has not been set explicitly, hence returning None.
2026-08-19 14:38:02,564:INFO:Engine for model 'knn' has not been set explicitly, hence returning None.
2026-08-19 14:38:02,564:WARNING:
'xgboost' is a soft dependency and not included in the pycaret installation. Please run: `pip install xgboost` to install.
Alternately, you can install this by running `pip install pycaret[models]`
2026-08-19 14:38:02,565:WARNING:
'catboost' is a soft dependency and not included in the pycaret installation. Please run: `pip install catboost` to install.
Alternately, you can install this by running `pip install pycaret[models]`
2026-08-19 14:38:02,565:INFO:Engine successfully changes for model 'ridge' to 'sklearn'.
2026-08-19 14:38:02,574:INFO:Engine for model 'en' has not been set explicitly, hence returning None.
2026-08-19 14:38:02,648:INFO:Engine for model 'svm' has not been set explicitly, hence returning None.
2026-08-19 14:38:02,694:INFO:Engine for model 'knn' has not been set explicitly, hence returning None.
2026-08-19 14:38:02,696:WARNING:
'xgboost' is a soft dependency and not included in the pycaret installation. Please run: `pip install xgboost` to install.
Alternately, you can install this by running `pip install pycaret[models]`
2026-08-19 14:38:02,696:WARNING:
'catboost' is a soft dependency and not included in the pycaret installation. Please run: `pip install catboost` to install.
Alternately, you can install this by running `pip install pycaret[models]`
2026-08-19 14:38:02,705:INFO:Engine for model 'en' has not been set explicitly, hence returning None.
2026-08-19 14:38:02,767:INFO:Engine for model 'svm' has not been set explicitly, hence returning None.
2026-08-19 14:38:02,811:INFO:Engine for model 'knn' has not been set explicitly, hence returning None.
2026-08-19 14:38:02,811:WARNING:
'xgboost' is a soft dependency and not included in the pycaret installation. Please run: `pip install xgboost` to install.
Alternately, you can install this by running `pip install pycaret[models]`
2026-08-19 14:38:02,812:WARNING:
'catboost' is a soft dependency and not included in the pycaret installation. Please run: `pip install catboost` to install.
Alternately, you can install this by running `pip install pycaret[models]`
2026-08-19 14:38:02,812:INFO:Engine successfully changes for model 'en' to 'sklearn'.
2026-08-19 14:38:02,899:INFO:Engine for model 'svm' has not been set explicitly, hence returning None.
2026-08-19 14:38:02,944:INFO:Engine for model 'knn' has not been set explicitly, hence returning None.
2026-08-19 14:38:02,945:WARNING:
'xgboost' is a soft dependency and not included in the pycaret installation. Please run: `pip install xgboost` to install.
Alternately, you can install this by running `pip install pycaret[models]`
2026-08-19 14:38:02,945:WARNING:
'catboost' is a soft dependency and not included in the pycaret installation. Please run: `pip install catboost` to install.
Alternately, you can install this by running `pip install pycaret[models]`
2026-08-19 14:38:03,021:INFO:Engine for model 'svm' has not been set explicitly, hence returning None.
2026-08-19 14:38:03,071:INFO:Engine for model 'knn' has not been set explicitly, hence returning None.
2026-08-19 14:38:03,071:WARNING:
'xgboost' is a soft dependency and not included in the pycaret installation. Please run: `pip install xgboost` to install.
Alternately, you can install this by running `pip install pycaret[models]`
2026-08-19 14:38:03,072:WARNING:
'catboost' is a soft dependency and not included in the pycaret installation. Please run: `pip install catboost` to install.
Alternately, you can install this by running `pip install pycaret[models]`
2026-08-19 14:38:03,072:INFO:Engine successfully changes for model 'knn' to 'sklearn'.
2026-08-19 14:38:03,144:INFO:Engine for model 'svm' has not been set explicitly, hence returning None.
2026-08-19 14:38:03,199:WARNING:
'xgboost' is a soft dependency and not included in the pycaret installation. Please run: `pip install xgboost` to install.
Alternately, you can install this by running `pip install pycaret[models]`
2026-08-19 14:38:03,200:WARNING:
'catboost' is a soft dependency and not included in the pycaret installation. Please run: `pip install catboost` to install.
Alternately, you can install this by running `pip install pycaret[models]`
2026-08-19 14:38:03,274:INFO:Engine for model 'svm' has not been set explicitly, hence returning None.
2026-08-19 14:38:03,320:WARNING:
'xgboost' is a soft dependency and not included in the pycaret installation. Please run: `pip install xgboost` to install.
Alternately, you can install this by running `pip install pycaret[models]`
2026-08-19 14:38:03,320:WARNING:
'catboost' is a soft dependency and not included in the pycaret installation. Please run: `pip install catboost` to install.
Alternately, you can install this by running `pip install pycaret[models]`
2026-08-19 14:38:03,321:INFO:Engine successfully changes for model 'svm' to 'sklearn'.
2026-08-19 14:38:03,445:WARNING:
'xgboost' is a soft dependency and not included in the pycaret installation. Please run: `pip install xgboost` to install.
Alternately, you can install this by running `pip install pycaret[models]`
2026-08-19 14:38:03,445:WARNING:
'catboost' is a soft dependency and not included in the pycaret installation. Please run: `pip install catboost` to install.
Alternately, you can install this by running `pip install pycaret[models]`
2026-08-19 14:38:03,602:WARNING:
'xgboost' is a soft dependency and not included in the pycaret installation. Please run: `pip install xgboost` to install.
Alternately, you can install this by running `pip install pycaret[models]`
2026-08-19 14:38:03,602:WARNING:
'catboost' is a soft dependency and not included in the pycaret installation. Please run: `pip install catboost` to install.
Alternately, you can install this by running `pip install pycaret[models]`
2026-08-19 14:38:03,604:INFO:Preparing preprocessing pipeline...
2026-08-19 14:38:03,604:INFO:Set up simple imputation.
2026-08-19 14:38:03,619:INFO:Set up encoding of ordinal features.
2026-08-19 14:38:03,637:INFO:Set up encoding of categorical features.
2026-08-19 14:38:03,637:INFO:Set up feature normalization.
2026-08-19 14:38:03,932:INFO:Finished creating preprocessing pipeline.
2026-08-19 14:38:04,089:INFO:Pipeline: Pipeline(memory=FastMemory(location=C:\Users\knish\AppData\Local\Temp\joblib),
         steps=[('numerical_imputer',
                 TransformerWrapper(include=['age', 'Medu', 'Fedu',
                                             'traveltime', 'studytime',
                                             'failures', 'famrel', 'freetime',
                                             'goout', 'Dalc', 'Walc', 'health',
                                             'absences'],
                                    transformer=SimpleImputer())),
                ('categorical_imputer',
                 TransformerWrapper(include=['school', 'sex', '...
dtype: int64},
                                                                        {'col': 'romantic',
                                                                         'data_type': dtype('O'),
                                                                         'mapping': no     0
yes    1
NaN   -1
dtype: int64}]))),
                ('onehot_encoding',
                 TransformerWrapper(include=['Mjob', 'Fjob', 'reason',
                                             'guardian'],
                                    transformer=OneHotEncoder(cols=['Mjob',
                                                                    'Fjob',
                                                                    'reason',
                                                                    'guardian'],
                                                              handle_missing='return_nan',
                                                              use_cat_names=True))),
                ('normalize',
                 TransformerWrapper(transformer=StandardScaler()))])
2026-08-19 14:38:04,089:INFO:Creating final display dataframe.
2026-08-19 14:38:04,967:INFO:Setup _display_container:                     Description             Value
0                    Session id                42
1                        Target                G3
2                   Target type        Regression
3           Original data shape         (316, 31)
4        Transformed data shape         (316, 44)
5   Transformed train set shape         (221, 44)
6    Transformed test set shape          (95, 44)
7              Numeric features                13
8          Categorical features                17
9                    Preprocess              True
10              Imputation type            simple
11           Numeric imputation              mean
12       Categorical imputation              mode
13     Maximum one-hot encoding                25
14              Encoding method              None
15                    Normalize              True
16             Normalize method            zscore
17               Fold Generator             KFold
18                  Fold Number                10
19                     CPU Jobs                -1
20                      Use GPU             False
21               Log Experiment             False
22              Experiment Name  reg-default-name
23                          USI              e0c3
2026-08-19 14:38:05,107:WARNING:
'xgboost' is a soft dependency and not included in the pycaret installation. Please run: `pip install xgboost` to install.
Alternately, you can install this by running `pip install pycaret[models]`
2026-08-19 14:38:05,107:WARNING:
'catboost' is a soft dependency and not included in the pycaret installation. Please run: `pip install catboost` to install.
Alternately, you can install this by running `pip install pycaret[models]`
2026-08-19 14:38:05,258:WARNING:
'xgboost' is a soft dependency and not included in the pycaret installation. Please run: `pip install xgboost` to install.
Alternately, you can install this by running `pip install pycaret[models]`
2026-08-19 14:38:05,258:WARNING:
'catboost' is a soft dependency and not included in the pycaret installation. Please run: `pip install catboost` to install.
Alternately, you can install this by running `pip install pycaret[models]`
2026-08-19 14:38:05,259:INFO:setup() successfully completed in 4.38s...............
2026-08-19 14:38:05,259:INFO:Initializing compare_models()
2026-08-19 14:38:05,259:INFO:compare_models(self=<pycaret.regression.oop.RegressionExperiment object at 0x000001F1FE412F10>, include=None, exclude=None, fold=None, round=4, cross_validation=True, sort=RMSE, n_select=1, budget_time=None, turbo=True, errors=ignore, fit_kwargs=None, groups=None, experiment_custom_tags=None, probability_threshold=None, verbose=True, parallel=None, caller_params={'self': <pycaret.regression.oop.RegressionExperiment object at 0x000001F1FE412F10>, 'include': None, 'exclude': None, 'fold': None, 'round': 4, 'cross_validation': True, 'sort': 'RMSE', 'n_select': 1, 'budget_time': None, 'turbo': True, 'errors': 'ignore', 'fit_kwargs': None, 'groups': None, 'experiment_custom_tags': None, 'engine': None, 'verbose': True, 'parallel': None, '__class__': <class 'pycaret.regression.oop.RegressionExperiment'>})
2026-08-19 14:38:05,259:INFO:Checking exceptions
2026-08-19 14:38:05,262:INFO:Preparing display monitor
2026-08-19 14:38:05,266:INFO:Initializing Linear Regression
2026-08-19 14:38:05,266:INFO:Total runtime is 0.0 minutes
2026-08-19 14:38:05,266:INFO:SubProcess create_model() called ==================================
2026-08-19 14:38:05,267:INFO:Initializing create_model()
2026-08-19 14:38:05,267:INFO:create_model(self=<pycaret.regression.oop.RegressionExperiment object at 0x000001F1FE412F10>, estimator=lr, fold=KFold(n_splits=10, random_state=None, shuffle=False), round=4, cross_validation=True, predict=True, fit_kwargs={}, groups=None, refit=False, probability_threshold=None, experiment_custom_tags=None, verbose=False, system=False, add_to_model_list=True, metrics=None, display=<pycaret.internal.display.display.CommonDisplay object at 0x000001F1FED0CE50>, model_only=True, return_train_score=False, error_score=0.0, kwargs={})
2026-08-19 14:38:05,267:INFO:Checking exceptions
2026-08-19 14:38:05,267:INFO:Importing libraries
2026-08-19 14:38:05,267:INFO:Copying training dataset
2026-08-19 14:38:05,275:INFO:Defining folds
2026-08-19 14:38:05,276:INFO:Declaring metric variables
2026-08-19 14:38:05,276:INFO:Importing untrained model
2026-08-19 14:38:05,276:INFO:Linear Regression Imported successfully
2026-08-19 14:38:05,276:INFO:Starting cross validation
2026-08-19 14:38:05,290:INFO:Cross validating with KFold(n_splits=10, random_state=None, shuffle=False), n_jobs=-1
2026-08-19 14:38:14,605:WARNING:C:\Users\knish\PycharmProjects\AutoML-Smart-Prediction\.venv\Lib\site-packages\_distutils_hack\__init__.py:30: UserWarning: Setuptools is replacing distutils. Support for replacing an already imported distutils is deprecated. In the future, this condition will fail. Register concerns at https://github.com/pypa/setuptools/issues/new?template=distutils-deprecation.yml
  warnings.warn(

2026-08-19 14:38:14,651:WARNING:C:\Users\knish\PycharmProjects\AutoML-Smart-Prediction\.venv\Lib\site-packages\_distutils_hack\__init__.py:30: UserWarning: Setuptools is replacing distutils. Support for replacing an already imported distutils is deprecated. In the future, this condition will fail. Register concerns at https://github.com/pypa/setuptools/issues/new?template=distutils-deprecation.yml
  warnings.warn(

2026-08-19 14:38:14,663:WARNING:C:\Users\knish\PycharmProjects\AutoML-Smart-Prediction\.venv\Lib\site-packages\_distutils_hack\__init__.py:30: UserWarning: Setuptools is replacing distutils. Support for replacing an already imported distutils is deprecated. In the future, this condition will fail. Register concerns at https://github.com/pypa/setuptools/issues/new?template=distutils-deprecation.yml
  warnings.warn(

2026-08-19 14:38:14,667:WARNING:C:\Users\knish\PycharmProjects\AutoML-Smart-Prediction\.venv\Lib\site-packages\_distutils_hack\__init__.py:30: UserWarning: Setuptools is replacing distutils. Support for replacing an already imported distutils is deprecated. In the future, this condition will fail. Register concerns at https://github.com/pypa/setuptools/issues/new?template=distutils-deprecation.yml
  warnings.warn(

2026-08-19 14:38:14,710:WARNING:C:\Users\knish\PycharmProjects\AutoML-Smart-Prediction\.venv\Lib\site-packages\_distutils_hack\__init__.py:30: UserWarning: Setuptools is replacing distutils. Support for replacing an already imported distutils is deprecated. In the future, this condition will fail. Register concerns at https://github.com/pypa/setuptools/issues/new?template=distutils-deprecation.yml
  warnings.warn(

2026-08-19 14:38:14,735:WARNING:C:\Users\knish\PycharmProjects\AutoML-Smart-Prediction\.venv\Lib\site-packages\_distutils_hack\__init__.py:30: UserWarning: Setuptools is replacing distutils. Support for replacing an already imported distutils is deprecated. In the future, this condition will fail. Register concerns at https://github.com/pypa/setuptools/issues/new?template=distutils-deprecation.yml
  warnings.warn(

2026-08-19 14:38:14,755:WARNING:C:\Users\knish\PycharmProjects\AutoML-Smart-Prediction\.venv\Lib\site-packages\_distutils_hack\__init__.py:30: UserWarning: Setuptools is replacing distutils. Support for replacing an already imported distutils is deprecated. In the future, this condition will fail. Register concerns at https://github.com/pypa/setuptools/issues/new?template=distutils-deprecation.yml
  warnings.warn(

2026-08-19 14:38:14,772:WARNING:C:\Users\knish\PycharmProjects\AutoML-Smart-Prediction\.venv\Lib\site-packages\_distutils_hack\__init__.py:30: UserWarning: Setuptools is replacing distutils. Support for replacing an already imported distutils is deprecated. In the future, this condition will fail. Register concerns at https://github.com/pypa/setuptools/issues/new?template=distutils-deprecation.yml
  warnings.warn(

2026-08-19 14:38:14,797:WARNING:C:\Users\knish\PycharmProjects\AutoML-Smart-Prediction\.venv\Lib\site-packages\_distutils_hack\__init__.py:30: UserWarning: Setuptools is replacing distutils. Support for replacing an already imported distutils is deprecated. In the future, this condition will fail. Register concerns at https://github.com/pypa/setuptools/issues/new?template=distutils-deprecation.yml
  warnings.warn(

2026-08-19 14:38:15,002:WARNING:C:\Users\knish\PycharmProjects\AutoML-Smart-Prediction\.venv\Lib\site-packages\_distutils_hack\__init__.py:30: UserWarning: Setuptools is replacing distutils. Support for replacing an already imported distutils is deprecated. In the future, this condition will fail. Register concerns at https://github.com/pypa/setuptools/issues/new?template=distutils-deprecation.yml
  warnings.warn(

2026-08-19 14:38:15,434:INFO:Calculating mean and std
2026-08-19 14:38:15,439:INFO:Creating metrics dataframe
2026-08-19 14:38:15,443:INFO:Uploading results into container
2026-08-19 14:38:15,443:INFO:Uploading model into container now
2026-08-19 14:38:15,443:INFO:_master_model_container: 1
2026-08-19 14:38:15,444:INFO:_display_container: 2
2026-08-19 14:38:15,444:INFO:LinearRegression(n_jobs=-1)
2026-08-19 14:38:15,444:INFO:create_model() successfully completed......................................
2026-08-19 14:38:15,570:INFO:SubProcess create_model() end ==================================
2026-08-19 14:38:15,570:INFO:Creating metrics dataframe
2026-08-19 14:38:15,575:INFO:Initializing Lasso Regression
2026-08-19 14:38:15,576:INFO:Total runtime is 0.17183403571446737 minutes
2026-08-19 14:38:15,576:INFO:SubProcess create_model() called ==================================
2026-08-19 14:38:15,576:INFO:Initializing create_model()
2026-08-19 14:38:15,576:INFO:create_model(self=<pycaret.regression.oop.RegressionExperiment object at 0x000001F1FE412F10>, estimator=lasso, fold=KFold(n_splits=10, random_state=None, shuffle=False), round=4, cross_validation=True, predict=True, fit_kwargs={}, groups=None, refit=False, probability_threshold=None, experiment_custom_tags=None, verbose=False, system=False, add_to_model_list=True, metrics=None, display=<pycaret.internal.display.display.CommonDisplay object at 0x000001F1FED0CE50>, model_only=True, return_train_score=False, error_score=0.0, kwargs={})
2026-08-19 14:38:15,577:INFO:Checking exceptions
2026-08-19 14:38:15,577:INFO:Importing libraries
2026-08-19 14:38:15,577:INFO:Copying training dataset
2026-08-19 14:38:15,586:INFO:Defining folds
2026-08-19 14:38:15,586:INFO:Declaring metric variables
2026-08-19 14:38:15,586:INFO:Importing untrained model
2026-08-19 14:38:15,587:INFO:Lasso Regression Imported successfully
2026-08-19 14:38:15,587:INFO:Starting cross validation
2026-08-19 14:38:15,591:INFO:Cross validating with KFold(n_splits=10, random_state=None, shuffle=False), n_jobs=-1
2026-08-19 14:38:18,338:WARNING:C:\Users\knish\PycharmProjects\AutoML-Smart-Prediction\.venv\Lib\site-packages\_distutils_hack\__init__.py:30: UserWarning: Setuptools is replacing distutils. Support for replacing an already imported distutils is deprecated. In the future, this condition will fail. Register concerns at https://github.com/pypa/setuptools/issues/new?template=distutils-deprecation.yml
  warnings.warn(

2026-08-19 14:38:18,354:WARNING:C:\Users\knish\PycharmProjects\AutoML-Smart-Prediction\.venv\Lib\site-packages\_distutils_hack\__init__.py:30: UserWarning: Setuptools is replacing distutils. Support for replacing an already imported distutils is deprecated. In the future, this condition will fail. Register concerns at https://github.com/pypa/setuptools/issues/new?template=distutils-deprecation.yml
  warnings.warn(

2026-08-19 14:38:18,675:INFO:Calculating mean and std
2026-08-19 14:38:18,676:INFO:Creating metrics dataframe
2026-08-19 14:38:18,679:INFO:Uploading results into container
2026-08-19 14:38:18,680:INFO:Uploading model into container now
2026-08-19 14:38:18,681:INFO:_master_model_container: 2
2026-08-19 14:38:18,681:INFO:_display_container: 2
2026-08-19 14:38:18,682:INFO:Lasso(random_state=42)
2026-08-19 14:38:18,682:INFO:create_model() successfully completed......................................
2026-08-19 14:38:18,795:INFO:SubProcess create_model() end ==================================
2026-08-19 14:38:18,797:INFO:Creating metrics dataframe
2026-08-19 14:38:18,800:INFO:Initializing Ridge Regression
2026-08-19 14:38:18,800:INFO:Total runtime is 0.2255636215209961 minutes
2026-08-19 14:38:18,800:INFO:SubProcess create_model() called ==================================
2026-08-19 14:38:18,801:INFO:Initializing create_model()
2026-08-19 14:38:18,801:INFO:create_model(self=<pycaret.regression.oop.RegressionExperiment object at 0x000001F1FE412F10>, estimator=ridge, fold=KFold(n_splits=10, random_state=None, shuffle=False), round=4, cross_validation=True, predict=True, fit_kwargs={}, groups=None, refit=False, probability_threshold=None, experiment_custom_tags=None, verbose=False, system=False, add_to_model_list=True, metrics=None, display=<pycaret.internal.display.display.CommonDisplay object at 0x000001F1FED0CE50>, model_only=True, return_train_score=False, error_score=0.0, kwargs={})
2026-08-19 14:38:18,801:INFO:Checking exceptions
2026-08-19 14:38:18,801:INFO:Importing libraries
2026-08-19 14:38:18,801:INFO:Copying training dataset
2026-08-19 14:38:18,806:INFO:Defining folds
2026-08-19 14:38:18,806:INFO:Declaring metric variables
2026-08-19 14:38:18,806:INFO:Importing untrained model
2026-08-19 14:38:18,807:INFO:Ridge Regression Imported successfully
2026-08-19 14:38:18,807:INFO:Starting cross validation
2026-08-19 14:38:18,809:INFO:Cross validating with KFold(n_splits=10, random_state=None, shuffle=False), n_jobs=-1
2026-08-19 14:38:19,311:INFO:Calculating mean and std
2026-08-19 14:38:19,312:INFO:Creating metrics dataframe
2026-08-19 14:38:19,313:INFO:Uploading results into container
2026-08-19 14:38:19,314:INFO:Uploading model into container now
2026-08-19 14:38:19,314:INFO:_master_model_container: 3
2026-08-19 14:38:19,314:INFO:_display_container: 2
2026-08-19 14:38:19,315:INFO:Ridge(random_state=42)
2026-08-19 14:38:19,315:INFO:create_model() successfully completed......................................
2026-08-19 14:38:19,417:INFO:SubProcess create_model() end ==================================
2026-08-19 14:38:19,417:INFO:Creating metrics dataframe
2026-08-19 14:38:19,422:INFO:Initializing Elastic Net
2026-08-19 14:38:19,422:INFO:Total runtime is 0.235922904809316 minutes
2026-08-19 14:38:19,423:INFO:SubProcess create_model() called ==================================
2026-08-19 14:38:19,423:INFO:Initializing create_model()
2026-08-19 14:38:19,423:INFO:create_model(self=<pycaret.regression.oop.RegressionExperiment object at 0x000001F1FE412F10>, estimator=en, fold=KFold(n_splits=10, random_state=None, shuffle=False), round=4, cross_validation=True, predict=True, fit_kwargs={}, groups=None, refit=False, probability_threshold=None, experiment_custom_tags=None, verbose=False, system=False, add_to_model_list=True, metrics=None, display=<pycaret.internal.display.display.CommonDisplay object at 0x000001F1FED0CE50>, model_only=True, return_train_score=False, error_score=0.0, kwargs={})
2026-08-19 14:38:19,423:INFO:Checking exceptions
2026-08-19 14:38:19,423:INFO:Importing libraries
2026-08-19 14:38:19,423:INFO:Copying training dataset
2026-08-19 14:38:19,432:INFO:Defining folds
2026-08-19 14:38:19,432:INFO:Declaring metric variables
2026-08-19 14:38:19,433:INFO:Importing untrained model
2026-08-19 14:38:19,433:INFO:Elastic Net Imported successfully
2026-08-19 14:38:19,433:INFO:Starting cross validation
2026-08-19 14:38:19,437:INFO:Cross validating with KFold(n_splits=10, random_state=None, shuffle=False), n_jobs=-1
2026-08-19 14:38:20,000:INFO:Calculating mean and std
2026-08-19 14:38:20,000:INFO:Creating metrics dataframe
2026-08-19 14:38:20,002:INFO:Uploading results into container
2026-08-19 14:38:20,002:INFO:Uploading model into container now
2026-08-19 14:38:20,003:INFO:_master_model_container: 4
2026-08-19 14:38:20,003:INFO:_display_container: 2
2026-08-19 14:38:20,003:INFO:ElasticNet(random_state=42)
2026-08-19 14:38:20,003:INFO:create_model() successfully completed......................................
2026-08-19 14:38:20,112:INFO:SubProcess create_model() end ==================================
2026-08-19 14:38:20,112:INFO:Creating metrics dataframe
2026-08-19 14:38:20,116:INFO:Initializing Least Angle Regression
2026-08-19 14:38:20,117:INFO:Total runtime is 0.2475173513094584 minutes
2026-08-19 14:38:20,117:INFO:SubProcess create_model() called ==================================
2026-08-19 14:38:20,117:INFO:Initializing create_model()
2026-08-19 14:38:20,118:INFO:create_model(self=<pycaret.regression.oop.RegressionExperiment object at 0x000001F1FE412F10>, estimator=lar, fold=KFold(n_splits=10, random_state=None, shuffle=False), round=4, cross_validation=True, predict=True, fit_kwargs={}, groups=None, refit=False, probability_threshold=None, experiment_custom_tags=None, verbose=False, system=False, add_to_model_list=True, metrics=None, display=<pycaret.internal.display.display.CommonDisplay object at 0x000001F1FED0CE50>, model_only=True, return_train_score=False, error_score=0.0, kwargs={})
2026-08-19 14:38:20,118:INFO:Checking exceptions
2026-08-19 14:38:20,118:INFO:Importing libraries
2026-08-19 14:38:20,118:INFO:Copying training dataset
2026-08-19 14:38:20,129:INFO:Defining folds
2026-08-19 14:38:20,130:INFO:Declaring metric variables
2026-08-19 14:38:20,130:INFO:Importing untrained model
2026-08-19 14:38:20,130:INFO:Least Angle Regression Imported successfully
2026-08-19 14:38:20,131:INFO:Starting cross validation
2026-08-19 14:38:20,135:INFO:Cross validating with KFold(n_splits=10, random_state=None, shuffle=False), n_jobs=-1
2026-08-19 14:38:20,700:INFO:Calculating mean and std
2026-08-19 14:38:20,701:INFO:Creating metrics dataframe
2026-08-19 14:38:20,703:INFO:Uploading results into container
2026-08-19 14:38:20,703:INFO:Uploading model into container now
2026-08-19 14:38:20,704:INFO:_master_model_container: 5
2026-08-19 14:38:20,704:INFO:_display_container: 2
2026-08-19 14:38:20,704:INFO:Lars(random_state=42)
2026-08-19 14:38:20,704:INFO:create_model() successfully completed......................................
2026-08-19 14:38:20,810:INFO:SubProcess create_model() end ==================================
2026-08-19 14:38:20,810:INFO:Creating metrics dataframe
2026-08-19 14:38:20,815:INFO:Initializing Lasso Least Angle Regression
2026-08-19 14:38:20,815:INFO:Total runtime is 0.25915029048919674 minutes
2026-08-19 14:38:20,816:INFO:SubProcess create_model() called ==================================
2026-08-19 14:38:20,816:INFO:Initializing create_model()
2026-08-19 14:38:20,816:INFO:create_model(self=<pycaret.regression.oop.RegressionExperiment object at 0x000001F1FE412F10>, estimator=llar, fold=KFold(n_splits=10, random_state=None, shuffle=False), round=4, cross_validation=True, predict=True, fit_kwargs={}, groups=None, refit=False, probability_threshold=None, experiment_custom_tags=None, verbose=False, system=False, add_to_model_list=True, metrics=None, display=<pycaret.internal.display.display.CommonDisplay object at 0x000001F1FED0CE50>, model_only=True, return_train_score=False, error_score=0.0, kwargs={})
2026-08-19 14:38:20,816:INFO:Checking exceptions
2026-08-19 14:38:20,816:INFO:Importing libraries
2026-08-19 14:38:20,817:INFO:Copying training dataset
2026-08-19 14:38:20,826:INFO:Defining folds
2026-08-19 14:38:20,826:INFO:Declaring metric variables
2026-08-19 14:38:20,828:INFO:Importing untrained model
2026-08-19 14:38:20,828:INFO:Lasso Least Angle Regression Imported successfully
2026-08-19 14:38:20,829:INFO:Starting cross validation
2026-08-19 14:38:20,832:INFO:Cross validating with KFold(n_splits=10, random_state=None, shuffle=False), n_jobs=-1
2026-08-19 14:38:21,377:INFO:Calculating mean and std
2026-08-19 14:38:21,378:INFO:Creating metrics dataframe
2026-08-19 14:38:21,380:INFO:Uploading results into container
2026-08-19 14:38:21,380:INFO:Uploading model into container now
2026-08-19 14:38:21,381:INFO:_master_model_container: 6
2026-08-19 14:38:21,381:INFO:_display_container: 2
2026-08-19 14:38:21,381:INFO:LassoLars(random_state=42)
2026-08-19 14:38:21,381:INFO:create_model() successfully completed......................................
2026-08-19 14:38:21,492:INFO:SubProcess create_model() end ==================================
2026-08-19 14:38:21,492:INFO:Creating metrics dataframe
2026-08-19 14:38:21,498:INFO:Initializing Orthogonal Matching Pursuit
2026-08-19 14:38:21,498:INFO:Total runtime is 0.2705245733261108 minutes
2026-08-19 14:38:21,498:INFO:SubProcess create_model() called ==================================
2026-08-19 14:38:21,499:INFO:Initializing create_model()
2026-08-19 14:38:21,499:INFO:create_model(self=<pycaret.regression.oop.RegressionExperiment object at 0x000001F1FE412F10>, estimator=omp, fold=KFold(n_splits=10, random_state=None, shuffle=False), round=4, cross_validation=True, predict=True, fit_kwargs={}, groups=None, refit=False, probability_threshold=None, experiment_custom_tags=None, verbose=False, system=False, add_to_model_list=True, metrics=None, display=<pycaret.internal.display.display.CommonDisplay object at 0x000001F1FED0CE50>, model_only=True, return_train_score=False, error_score=0.0, kwargs={})
2026-08-19 14:38:21,499:INFO:Checking exceptions
2026-08-19 14:38:21,499:INFO:Importing libraries
2026-08-19 14:38:21,499:INFO:Copying training dataset
2026-08-19 14:38:21,509:INFO:Defining folds
2026-08-19 14:38:21,509:INFO:Declaring metric variables
2026-08-19 14:38:21,509:INFO:Importing untrained model
2026-08-19 14:38:21,510:INFO:Orthogonal Matching Pursuit Imported successfully
2026-08-19 14:38:21,511:INFO:Starting cross validation
2026-08-19 14:38:21,517:INFO:Cross validating with KFold(n_splits=10, random_state=None, shuffle=False), n_jobs=-1
2026-08-19 14:38:22,100:INFO:Calculating mean and std
2026-08-19 14:38:22,101:INFO:Creating metrics dataframe
2026-08-19 14:38:22,103:INFO:Uploading results into container
2026-08-19 14:38:22,103:INFO:Uploading model into container now
2026-08-19 14:38:22,104:INFO:_master_model_container: 7
2026-08-19 14:38:22,104:INFO:_display_container: 2
2026-08-19 14:38:22,104:INFO:OrthogonalMatchingPursuit()
2026-08-19 14:38:22,104:INFO:create_model() successfully completed......................................
2026-08-19 14:38:22,210:INFO:SubProcess create_model() end ==================================
2026-08-19 14:38:22,210:INFO:Creating metrics dataframe
2026-08-19 14:38:22,216:INFO:Initializing Bayesian Ridge
2026-08-19 14:38:22,217:INFO:Total runtime is 0.2825052897135416 minutes
2026-08-19 14:38:22,217:INFO:SubProcess create_model() called ==================================
2026-08-19 14:38:22,218:INFO:Initializing create_model()
2026-08-19 14:38:22,218:INFO:create_model(self=<pycaret.regression.oop.RegressionExperiment object at 0x000001F1FE412F10>, estimator=br, fold=KFold(n_splits=10, random_state=None, shuffle=False), round=4, cross_validation=True, predict=True, fit_kwargs={}, groups=None, refit=False, probability_threshold=None, experiment_custom_tags=None, verbose=False, system=False, add_to_model_list=True, metrics=None, display=<pycaret.internal.display.display.CommonDisplay object at 0x000001F1FED0CE50>, model_only=True, return_train_score=False, error_score=0.0, kwargs={})
2026-08-19 14:38:22,218:INFO:Checking exceptions
2026-08-19 14:38:22,218:INFO:Importing libraries
2026-08-19 14:38:22,219:INFO:Copying training dataset
2026-08-19 14:38:22,230:INFO:Defining folds
2026-08-19 14:38:22,231:INFO:Declaring metric variables
2026-08-19 14:38:22,231:INFO:Importing untrained model
2026-08-19 14:38:22,232:INFO:Bayesian Ridge Imported successfully
2026-08-19 14:38:22,232:INFO:Starting cross validation
2026-08-19 14:38:22,238:INFO:Cross validating with KFold(n_splits=10, random_state=None, shuffle=False), n_jobs=-1
2026-08-19 14:38:22,741:INFO:Calculating mean and std
2026-08-19 14:38:22,743:INFO:Creating metrics dataframe
2026-08-19 14:38:22,744:INFO:Uploading results into container
2026-08-19 14:38:22,745:INFO:Uploading model into container now
2026-08-19 14:38:22,745:INFO:_master_model_container: 8
2026-08-19 14:38:22,745:INFO:_display_container: 2
2026-08-19 14:38:22,745:INFO:BayesianRidge()
2026-08-19 14:38:22,745:INFO:create_model() successfully completed......................................
2026-08-19 14:38:22,847:INFO:SubProcess create_model() end ==================================
2026-08-19 14:38:22,847:INFO:Creating metrics dataframe
2026-08-19 14:38:22,852:INFO:Initializing Passive Aggressive Regressor
2026-08-19 14:38:22,852:INFO:Total runtime is 0.2931028763453165 minutes
2026-08-19 14:38:22,852:INFO:SubProcess create_model() called ==================================
2026-08-19 14:38:22,853:INFO:Initializing create_model()
2026-08-19 14:38:22,853:INFO:create_model(self=<pycaret.regression.oop.RegressionExperiment object at 0x000001F1FE412F10>, estimator=par, fold=KFold(n_splits=10, random_state=None, shuffle=False), round=4, cross_validation=True, predict=True, fit_kwargs={}, groups=None, refit=False, probability_threshold=None, experiment_custom_tags=None, verbose=False, system=False, add_to_model_list=True, metrics=None, display=<pycaret.internal.display.display.CommonDisplay object at 0x000001F1FED0CE50>, model_only=True, return_train_score=False, error_score=0.0, kwargs={})
2026-08-19 14:38:22,853:INFO:Checking exceptions
2026-08-19 14:38:22,853:INFO:Importing libraries
2026-08-19 14:38:22,853:INFO:Copying training dataset
2026-08-19 14:38:22,861:INFO:Defining folds
2026-08-19 14:38:22,861:INFO:Declaring metric variables
2026-08-19 14:38:22,862:INFO:Importing untrained model
2026-08-19 14:38:22,862:INFO:Passive Aggressive Regressor Imported successfully
2026-08-19 14:38:22,862:INFO:Starting cross validation
2026-08-19 14:38:22,866:INFO:Cross validating with KFold(n_splits=10, random_state=None, shuffle=False), n_jobs=-1
2026-08-19 14:38:23,423:INFO:Calculating mean and std
2026-08-19 14:38:23,424:INFO:Creating metrics dataframe
2026-08-19 14:38:23,425:INFO:Uploading results into container
2026-08-19 14:38:23,426:INFO:Uploading model into container now
2026-08-19 14:38:23,426:INFO:_master_model_container: 9
2026-08-19 14:38:23,426:INFO:_display_container: 2
2026-08-19 14:38:23,427:INFO:PassiveAggressiveRegressor(random_state=42)
2026-08-19 14:38:23,427:INFO:create_model() successfully completed......................................
2026-08-19 14:38:23,535:INFO:SubProcess create_model() end ==================================
2026-08-19 14:38:23,536:INFO:Creating metrics dataframe
2026-08-19 14:38:23,542:INFO:Initializing Huber Regressor
2026-08-19 14:38:23,542:INFO:Total runtime is 0.3046026229858398 minutes
2026-08-19 14:38:23,542:INFO:SubProcess create_model() called ==================================
2026-08-19 14:38:23,542:INFO:Initializing create_model()
2026-08-19 14:38:23,542:INFO:create_model(self=<pycaret.regression.oop.RegressionExperiment object at 0x000001F1FE412F10>, estimator=huber, fold=KFold(n_splits=10, random_state=None, shuffle=False), round=4, cross_validation=True, predict=True, fit_kwargs={}, groups=None, refit=False, probability_threshold=None, experiment_custom_tags=None, verbose=False, system=False, add_to_model_list=True, metrics=None, display=<pycaret.internal.display.display.CommonDisplay object at 0x000001F1FED0CE50>, model_only=True, return_train_score=False, error_score=0.0, kwargs={})
2026-08-19 14:38:23,542:INFO:Checking exceptions
2026-08-19 14:38:23,543:INFO:Importing libraries
2026-08-19 14:38:23,543:INFO:Copying training dataset
2026-08-19 14:38:23,550:INFO:Defining folds
2026-08-19 14:38:23,550:INFO:Declaring metric variables
2026-08-19 14:38:23,550:INFO:Importing untrained model
2026-08-19 14:38:23,550:INFO:Huber Regressor Imported successfully
2026-08-19 14:38:23,550:INFO:Starting cross validation
2026-08-19 14:38:23,553:INFO:Cross validating with KFold(n_splits=10, random_state=None, shuffle=False), n_jobs=-1
2026-08-19 14:38:24,107:INFO:Calculating mean and std
2026-08-19 14:38:24,109:INFO:Creating metrics dataframe
2026-08-19 14:38:24,110:INFO:Uploading results into container
2026-08-19 14:38:24,111:INFO:Uploading model into container now
2026-08-19 14:38:24,111:INFO:_master_model_container: 10
2026-08-19 14:38:24,112:INFO:_display_container: 2
2026-08-19 14:38:24,112:INFO:HuberRegressor()
2026-08-19 14:38:24,112:INFO:create_model() successfully completed......................................
2026-08-19 14:38:24,206:INFO:SubProcess create_model() end ==================================
2026-08-19 14:38:24,207:INFO:Creating metrics dataframe
2026-08-19 14:38:24,211:INFO:Initializing K Neighbors Regressor
2026-08-19 14:38:24,211:INFO:Total runtime is 0.31574104626973465 minutes
2026-08-19 14:38:24,211:INFO:SubProcess create_model() called ==================================
2026-08-19 14:38:24,212:INFO:Initializing create_model()
2026-08-19 14:38:24,213:INFO:create_model(self=<pycaret.regression.oop.RegressionExperiment object at 0x000001F1FE412F10>, estimator=knn, fold=KFold(n_splits=10, random_state=None, shuffle=False), round=4, cross_validation=True, predict=True, fit_kwargs={}, groups=None, refit=False, probability_threshold=None, experiment_custom_tags=None, verbose=False, system=False, add_to_model_list=True, metrics=None, display=<pycaret.internal.display.display.CommonDisplay object at 0x000001F1FED0CE50>, model_only=True, return_train_score=False, error_score=0.0, kwargs={})
2026-08-19 14:38:24,213:INFO:Checking exceptions
2026-08-19 14:38:24,213:INFO:Importing libraries
2026-08-19 14:38:24,213:INFO:Copying training dataset
2026-08-19 14:38:24,221:INFO:Defining folds
2026-08-19 14:38:24,221:INFO:Declaring metric variables
2026-08-19 14:38:24,222:INFO:Importing untrained model
2026-08-19 14:38:24,222:INFO:K Neighbors Regressor Imported successfully
2026-08-19 14:38:24,222:INFO:Starting cross validation
2026-08-19 14:38:24,225:INFO:Cross validating with KFold(n_splits=10, random_state=None, shuffle=False), n_jobs=-1
2026-08-19 14:38:24,747:INFO:Calculating mean and std
2026-08-19 14:38:24,747:INFO:Creating metrics dataframe
2026-08-19 14:38:24,749:INFO:Uploading results into container
2026-08-19 14:38:24,750:INFO:Uploading model into container now
2026-08-19 14:38:24,750:INFO:_master_model_container: 11
2026-08-19 14:38:24,750:INFO:_display_container: 2
2026-08-19 14:38:24,750:INFO:KNeighborsRegressor(n_jobs=-1)
2026-08-19 14:38:24,750:INFO:create_model() successfully completed......................................
2026-08-19 14:38:24,854:INFO:SubProcess create_model() end ==================================
2026-08-19 14:38:24,854:INFO:Creating metrics dataframe
2026-08-19 14:38:24,858:INFO:Initializing Decision Tree Regressor
2026-08-19 14:38:24,859:INFO:Total runtime is 0.3265453418095906 minutes
2026-08-19 14:38:24,859:INFO:SubProcess create_model() called ==================================
2026-08-19 14:38:24,860:INFO:Initializing create_model()
2026-08-19 14:38:24,860:INFO:create_model(self=<pycaret.regression.oop.RegressionExperiment object at 0x000001F1FE412F10>, estimator=dt, fold=KFold(n_splits=10, random_state=None, shuffle=False), round=4, cross_validation=True, predict=True, fit_kwargs={}, groups=None, refit=False, probability_threshold=None, experiment_custom_tags=None, verbose=False, system=False, add_to_model_list=True, metrics=None, display=<pycaret.internal.display.display.CommonDisplay object at 0x000001F1FED0CE50>, model_only=True, return_train_score=False, error_score=0.0, kwargs={})
2026-08-19 14:38:24,860:INFO:Checking exceptions
2026-08-19 14:38:24,861:INFO:Importing libraries
2026-08-19 14:38:24,861:INFO:Copying training dataset
2026-08-19 14:38:24,874:INFO:Defining folds
2026-08-19 14:38:24,875:INFO:Declaring metric variables
2026-08-19 14:38:24,875:INFO:Importing untrained model
2026-08-19 14:38:24,875:INFO:Decision Tree Regressor Imported successfully
2026-08-19 14:38:24,876:INFO:Starting cross validation
2026-08-19 14:38:24,882:INFO:Cross validating with KFold(n_splits=10, random_state=None, shuffle=False), n_jobs=-1
2026-08-19 14:38:25,410:INFO:Calculating mean and std
2026-08-19 14:38:25,410:INFO:Creating metrics dataframe
2026-08-19 14:38:25,412:INFO:Uploading results into container
2026-08-19 14:38:25,413:INFO:Uploading model into container now
2026-08-19 14:38:25,413:INFO:_master_model_container: 12
2026-08-19 14:38:25,413:INFO:_display_container: 2
2026-08-19 14:38:25,413:INFO:DecisionTreeRegressor(random_state=42)
2026-08-19 14:38:25,413:INFO:create_model() successfully completed......................................
2026-08-19 14:38:25,513:INFO:SubProcess create_model() end ==================================
2026-08-19 14:38:25,513:INFO:Creating metrics dataframe
2026-08-19 14:38:25,517:INFO:Initializing Random Forest Regressor
2026-08-19 14:38:25,517:INFO:Total runtime is 0.3375177462895711 minutes
2026-08-19 14:38:25,518:INFO:SubProcess create_model() called ==================================
2026-08-19 14:38:25,518:INFO:Initializing create_model()
2026-08-19 14:38:25,518:INFO:create_model(self=<pycaret.regression.oop.RegressionExperiment object at 0x000001F1FE412F10>, estimator=rf, fold=KFold(n_splits=10, random_state=None, shuffle=False), round=4, cross_validation=True, predict=True, fit_kwargs={}, groups=None, refit=False, probability_threshold=None, experiment_custom_tags=None, verbose=False, system=False, add_to_model_list=True, metrics=None, display=<pycaret.internal.display.display.CommonDisplay object at 0x000001F1FED0CE50>, model_only=True, return_train_score=False, error_score=0.0, kwargs={})
2026-08-19 14:38:25,518:INFO:Checking exceptions
2026-08-19 14:38:25,518:INFO:Importing libraries
2026-08-19 14:38:25,518:INFO:Copying training dataset
2026-08-19 14:38:25,528:INFO:Defining folds
2026-08-19 14:38:25,529:INFO:Declaring metric variables
2026-08-19 14:38:25,529:INFO:Importing untrained model
2026-08-19 14:38:25,529:INFO:Random Forest Regressor Imported successfully
2026-08-19 14:38:25,530:INFO:Starting cross validation
2026-08-19 14:38:25,533:INFO:Cross validating with KFold(n_splits=10, random_state=None, shuffle=False), n_jobs=-1
2026-08-19 14:38:26,566:INFO:Calculating mean and std
2026-08-19 14:38:26,566:INFO:Creating metrics dataframe
2026-08-19 14:38:26,568:INFO:Uploading results into container
2026-08-19 14:38:26,569:INFO:Uploading model into container now
2026-08-19 14:38:26,569:INFO:_master_model_container: 13
2026-08-19 14:38:26,569:INFO:_display_container: 2
2026-08-19 14:38:26,569:INFO:RandomForestRegressor(n_jobs=-1, random_state=42)
2026-08-19 14:38:26,570:INFO:create_model() successfully completed......................................
2026-08-19 14:38:26,681:INFO:SubProcess create_model() end ==================================
2026-08-19 14:38:26,681:INFO:Creating metrics dataframe
2026-08-19 14:38:26,686:INFO:Initializing Extra Trees Regressor
2026-08-19 14:38:26,687:INFO:Total runtime is 0.3570096929868062 minutes
2026-08-19 14:38:26,687:INFO:SubProcess create_model() called ==================================
2026-08-19 14:38:26,687:INFO:Initializing create_model()
2026-08-19 14:38:26,687:INFO:create_model(self=<pycaret.regression.oop.RegressionExperiment object at 0x000001F1FE412F10>, estimator=et, fold=KFold(n_splits=10, random_state=None, shuffle=False), round=4, cross_validation=True, predict=True, fit_kwargs={}, groups=None, refit=False, probability_threshold=None, experiment_custom_tags=None, verbose=False, system=False, add_to_model_list=True, metrics=None, display=<pycaret.internal.display.display.CommonDisplay object at 0x000001F1FED0CE50>, model_only=True, return_train_score=False, error_score=0.0, kwargs={})
2026-08-19 14:38:26,687:INFO:Checking exceptions
2026-08-19 14:38:26,687:INFO:Importing libraries
2026-08-19 14:38:26,688:INFO:Copying training dataset
2026-08-19 14:38:26,696:INFO:Defining folds
2026-08-19 14:38:26,696:INFO:Declaring metric variables
2026-08-19 14:38:26,697:INFO:Importing untrained model
2026-08-19 14:38:26,697:INFO:Extra Trees Regressor Imported successfully
2026-08-19 14:38:26,697:INFO:Starting cross validation
2026-08-19 14:38:26,701:INFO:Cross validating with KFold(n_splits=10, random_state=None, shuffle=False), n_jobs=-1
2026-08-19 14:38:27,619:INFO:Calculating mean and std
2026-08-19 14:38:27,620:INFO:Creating metrics dataframe
2026-08-19 14:38:27,622:INFO:Uploading results into container
2026-08-19 14:38:27,622:INFO:Uploading model into container now
2026-08-19 14:38:27,623:INFO:_master_model_container: 14
2026-08-19 14:38:27,623:INFO:_display_container: 2
2026-08-19 14:38:27,623:INFO:ExtraTreesRegressor(n_jobs=-1, random_state=42)
2026-08-19 14:38:27,623:INFO:create_model() successfully completed......................................
2026-08-19 14:38:27,719:INFO:SubProcess create_model() end ==================================
2026-08-19 14:38:27,719:INFO:Creating metrics dataframe
2026-08-19 14:38:27,729:INFO:Initializing AdaBoost Regressor
2026-08-19 14:38:27,729:INFO:Total runtime is 0.37437425454457596 minutes
2026-08-19 14:38:27,729:INFO:SubProcess create_model() called ==================================
2026-08-19 14:38:27,729:INFO:Initializing create_model()
2026-08-19 14:38:27,730:INFO:create_model(self=<pycaret.regression.oop.RegressionExperiment object at 0x000001F1FE412F10>, estimator=ada, fold=KFold(n_splits=10, random_state=None, shuffle=False), round=4, cross_validation=True, predict=True, fit_kwargs={}, groups=None, refit=False, probability_threshold=None, experiment_custom_tags=None, verbose=False, system=False, add_to_model_list=True, metrics=None, display=<pycaret.internal.display.display.CommonDisplay object at 0x000001F1FED0CE50>, model_only=True, return_train_score=False, error_score=0.0, kwargs={})
2026-08-19 14:38:27,730:INFO:Checking exceptions
2026-08-19 14:38:27,730:INFO:Importing libraries
2026-08-19 14:38:27,730:INFO:Copying training dataset
2026-08-19 14:38:27,743:INFO:Defining folds
2026-08-19 14:38:27,743:INFO:Declaring metric variables
2026-08-19 14:38:27,744:INFO:Importing untrained model
2026-08-19 14:38:27,745:INFO:AdaBoost Regressor Imported successfully
2026-08-19 14:38:27,746:INFO:Starting cross validation
2026-08-19 14:38:27,754:INFO:Cross validating with KFold(n_splits=10, random_state=None, shuffle=False), n_jobs=-1
2026-08-19 14:38:28,418:INFO:Calculating mean and std
2026-08-19 14:38:28,419:INFO:Creating metrics dataframe
2026-08-19 14:38:28,421:INFO:Uploading results into container
2026-08-19 14:38:28,421:INFO:Uploading model into container now
2026-08-19 14:38:28,422:INFO:_master_model_container: 15
2026-08-19 14:38:28,422:INFO:_display_container: 2
2026-08-19 14:38:28,422:INFO:AdaBoostRegressor(random_state=42)
2026-08-19 14:38:28,422:INFO:create_model() successfully completed......................................
2026-08-19 14:38:28,523:INFO:SubProcess create_model() end ==================================
2026-08-19 14:38:28,523:INFO:Creating metrics dataframe
2026-08-19 14:38:28,527:INFO:Initializing Gradient Boosting Regressor
2026-08-19 14:38:28,528:INFO:Total runtime is 0.3876944502194722 minutes
2026-08-19 14:38:28,528:INFO:SubProcess create_model() called ==================================
2026-08-19 14:38:28,528:INFO:Initializing create_model()
2026-08-19 14:38:28,528:INFO:create_model(self=<pycaret.regression.oop.RegressionExperiment object at 0x000001F1FE412F10>, estimator=gbr, fold=KFold(n_splits=10, random_state=None, shuffle=False), round=4, cross_validation=True, predict=True, fit_kwargs={}, groups=None, refit=False, probability_threshold=None, experiment_custom_tags=None, verbose=False, system=False, add_to_model_list=True, metrics=None, display=<pycaret.internal.display.display.CommonDisplay object at 0x000001F1FED0CE50>, model_only=True, return_train_score=False, error_score=0.0, kwargs={})
2026-08-19 14:38:28,529:INFO:Checking exceptions
2026-08-19 14:38:28,529:INFO:Importing libraries
2026-08-19 14:38:28,529:INFO:Copying training dataset
2026-08-19 14:38:28,538:INFO:Defining folds
2026-08-19 14:38:28,538:INFO:Declaring metric variables
2026-08-19 14:38:28,539:INFO:Importing untrained model
2026-08-19 14:38:28,539:INFO:Gradient Boosting Regressor Imported successfully
2026-08-19 14:38:28,540:INFO:Starting cross validation
2026-08-19 14:38:28,544:INFO:Cross validating with KFold(n_splits=10, random_state=None, shuffle=False), n_jobs=-1
2026-08-19 14:38:29,183:INFO:Calculating mean and std
2026-08-19 14:38:29,185:INFO:Creating metrics dataframe
2026-08-19 14:38:29,186:INFO:Uploading results into container
2026-08-19 14:38:29,187:INFO:Uploading model into container now
2026-08-19 14:38:29,187:INFO:_master_model_container: 16
2026-08-19 14:38:29,187:INFO:_display_container: 2
2026-08-19 14:38:29,187:INFO:GradientBoostingRegressor(random_state=42)
2026-08-19 14:38:29,187:INFO:create_model() successfully completed......................................
2026-08-19 14:38:29,285:INFO:SubProcess create_model() end ==================================
2026-08-19 14:38:29,286:INFO:Creating metrics dataframe
2026-08-19 14:38:29,290:INFO:Initializing Light Gradient Boosting Machine
2026-08-19 14:38:29,290:INFO:Total runtime is 0.4004024187723795 minutes
2026-08-19 14:38:29,290:INFO:SubProcess create_model() called ==================================
2026-08-19 14:38:29,291:INFO:Initializing create_model()
2026-08-19 14:38:29,291:INFO:create_model(self=<pycaret.regression.oop.RegressionExperiment object at 0x000001F1FE412F10>, estimator=lightgbm, fold=KFold(n_splits=10, random_state=None, shuffle=False), round=4, cross_validation=True, predict=True, fit_kwargs={}, groups=None, refit=False, probability_threshold=None, experiment_custom_tags=None, verbose=False, system=False, add_to_model_list=True, metrics=None, display=<pycaret.internal.display.display.CommonDisplay object at 0x000001F1FED0CE50>, model_only=True, return_train_score=False, error_score=0.0, kwargs={})
2026-08-19 14:38:29,291:INFO:Checking exceptions
2026-08-19 14:38:29,291:INFO:Importing libraries
2026-08-19 14:38:29,291:INFO:Copying training dataset
2026-08-19 14:38:29,301:INFO:Defining folds
2026-08-19 14:38:29,301:INFO:Declaring metric variables
2026-08-19 14:38:29,301:INFO:Importing untrained model
2026-08-19 14:38:29,302:INFO:Light Gradient Boosting Machine Imported successfully
2026-08-19 14:38:29,303:INFO:Starting cross validation
2026-08-19 14:38:29,306:INFO:Cross validating with KFold(n_splits=10, random_state=None, shuffle=False), n_jobs=-1
2026-08-19 14:38:29,786:WARNING:create_model() for lightgbm raised an exception or returned all 0.0, trying without fit_kwargs:
2026-08-19 14:38:29,798:WARNING:Traceback (most recent call last):
  File "C:\Users\knish\PycharmProjects\AutoML-Smart-Prediction\.venv\Lib\site-packages\pycaret\internal\pycaret_experiment\supervised_experiment.py", line 794, in compare_models
    model, model_fit_time = self._create_model(**create_model_args)
                            ^^^^^^^^^^^^^^^^^^^^^^^^^^^^^^^^^^^^^^^
  File "C:\Users\knish\PycharmProjects\AutoML-Smart-Prediction\.venv\Lib\site-packages\pycaret\internal\pycaret_experiment\supervised_experiment.py", line 1533, in _create_model
    model, model_fit_time, model_results, _ = self._create_model_with_cv(
                                              ^^^^^^^^^^^^^^^^^^^^^^^^^^^
  File "C:\Users\knish\PycharmProjects\AutoML-Smart-Prediction\.venv\Lib\site-packages\pycaret\internal\pycaret_experiment\supervised_experiment.py", line 1126, in _create_model_with_cv
    scores = cross_validate(
             ^^^^^^^^^^^^^^^
  File "C:\Users\knish\PycharmProjects\AutoML-Smart-Prediction\.venv\Lib\site-packages\sklearn\utils\_param_validation.py", line 213, in wrapper
    return func(*args, **kwargs)
           ^^^^^^^^^^^^^^^^^^^^^
  File "C:\Users\knish\PycharmProjects\AutoML-Smart-Prediction\.venv\Lib\site-packages\sklearn\model_selection\_validation.py", line 450, in cross_validate
    _warn_or_raise_about_fit_failures(results, error_score)
  File "C:\Users\knish\PycharmProjects\AutoML-Smart-Prediction\.venv\Lib\site-packages\sklearn\model_selection\_validation.py", line 536, in _warn_or_raise_about_fit_failures
    raise ValueError(all_fits_failed_message)
ValueError: 
All the 10 fits failed.
It is very likely that your model is misconfigured.
You can try to debug the error by setting error_score='raise'.

Below are more details about the failures:
--------------------------------------------------------------------------------
10 fits failed with the following error:
Traceback (most recent call last):
  File "C:\Users\knish\PycharmProjects\AutoML-Smart-Prediction\.venv\Lib\site-packages\sklearn\model_selection\_validation.py", line 895, in _fit_and_score
    estimator.fit(X_train, y_train, **fit_params)
  File "C:\Users\knish\PycharmProjects\AutoML-Smart-Prediction\.venv\Lib\site-packages\pycaret\internal\pipeline.py", line 278, in fit
    fitted_estimator = self._memory_fit(
                       ^^^^^^^^^^^^^^^^^
  File "C:\Users\knish\PycharmProjects\AutoML-Smart-Prediction\.venv\Lib\site-packages\joblib\memory.py", line 353, in __call__
    return self.func(*args, **kwargs)
           ^^^^^^^^^^^^^^^^^^^^^^^^^^
  File "C:\Users\knish\PycharmProjects\AutoML-Smart-Prediction\.venv\Lib\site-packages\pycaret\internal\pipeline.py", line 69, in _fit_one
    transformer.fit(*args)
  File "C:\Users\knish\PycharmProjects\AutoML-Smart-Prediction\.venv\Lib\site-packages\lightgbm\sklearn.py", line 1536, in fit
    super().fit(
  File "C:\Users\knish\PycharmProjects\AutoML-Smart-Prediction\.venv\Lib\site-packages\lightgbm\sklearn.py", line 1171, in fit
    self._Booster = train(
                    ^^^^^^
  File "C:\Users\knish\PycharmProjects\AutoML-Smart-Prediction\.venv\Lib\site-packages\lightgbm\engine.py", line 296, in train
    booster = Booster(params=params, train_set=train_set)
              ^^^^^^^^^^^^^^^^^^^^^^^^^^^^^^^^^^^^^^^^^^^
  File "C:\Users\knish\PycharmProjects\AutoML-Smart-Prediction\.venv\Lib\site-packages\lightgbm\basic.py", line 3758, in __init__
    train_set.construct()
  File "C:\Users\knish\PycharmProjects\AutoML-Smart-Prediction\.venv\Lib\site-packages\lightgbm\basic.py", line 2574, in construct
    self._lazy_init(
  File "C:\Users\knish\PycharmProjects\AutoML-Smart-Prediction\.venv\Lib\site-packages\lightgbm\basic.py", line 2189, in _lazy_init
    self.set_label(label)
  File "C:\Users\knish\PycharmProjects\AutoML-Smart-Prediction\.venv\Lib\site-packages\lightgbm\basic.py", line 3097, in set_label
    self.set_field("label", label_array)
  File "C:\Users\knish\PycharmProjects\AutoML-Smart-Prediction\.venv\Lib\site-packages\lightgbm\basic.py", line 2860, in set_field
    _LIB.LGBM_DatasetSetField(
OSError: exception: access violation reading 0x0000000000000000


2026-08-19 14:38:29,798:INFO:Initializing create_model()
2026-08-19 14:38:29,798:INFO:create_model(self=<pycaret.regression.oop.RegressionExperiment object at 0x000001F1FE412F10>, estimator=lightgbm, fold=KFold(n_splits=10, random_state=None, shuffle=False), round=4, cross_validation=True, predict=True, fit_kwargs={}, groups=None, refit=False, probability_threshold=None, experiment_custom_tags=None, verbose=False, system=False, add_to_model_list=True, metrics=None, display=<pycaret.internal.display.display.CommonDisplay object at 0x000001F1FED0CE50>, model_only=True, return_train_score=False, error_score=0.0, kwargs={})
2026-08-19 14:38:29,798:INFO:Checking exceptions
2026-08-19 14:38:29,798:INFO:Importing libraries
2026-08-19 14:38:29,798:INFO:Copying training dataset
2026-08-19 14:38:29,806:INFO:Defining folds
2026-08-19 14:38:29,806:INFO:Declaring metric variables
2026-08-19 14:38:29,806:INFO:Importing untrained model
2026-08-19 14:38:29,807:INFO:Light Gradient Boosting Machine Imported successfully
2026-08-19 14:38:29,807:INFO:Starting cross validation
2026-08-19 14:38:29,810:INFO:Cross validating with KFold(n_splits=10, random_state=None, shuffle=False), n_jobs=-1
2026-08-19 14:38:30,212:ERROR:create_model() for lightgbm raised an exception or returned all 0.0:
2026-08-19 14:38:30,215:ERROR:Traceback (most recent call last):
  File "C:\Users\knish\PycharmProjects\AutoML-Smart-Prediction\.venv\Lib\site-packages\pycaret\internal\pycaret_experiment\supervised_experiment.py", line 794, in compare_models
    model, model_fit_time = self._create_model(**create_model_args)
                            ^^^^^^^^^^^^^^^^^^^^^^^^^^^^^^^^^^^^^^^
  File "C:\Users\knish\PycharmProjects\AutoML-Smart-Prediction\.venv\Lib\site-packages\pycaret\internal\pycaret_experiment\supervised_experiment.py", line 1533, in _create_model
    model, model_fit_time, model_results, _ = self._create_model_with_cv(
                                              ^^^^^^^^^^^^^^^^^^^^^^^^^^^
  File "C:\Users\knish\PycharmProjects\AutoML-Smart-Prediction\.venv\Lib\site-packages\pycaret\internal\pycaret_experiment\supervised_experiment.py", line 1126, in _create_model_with_cv
    scores = cross_validate(
             ^^^^^^^^^^^^^^^
  File "C:\Users\knish\PycharmProjects\AutoML-Smart-Prediction\.venv\Lib\site-packages\sklearn\utils\_param_validation.py", line 213, in wrapper
    return func(*args, **kwargs)
           ^^^^^^^^^^^^^^^^^^^^^
  File "C:\Users\knish\PycharmProjects\AutoML-Smart-Prediction\.venv\Lib\site-packages\sklearn\model_selection\_validation.py", line 450, in cross_validate
    _warn_or_raise_about_fit_failures(results, error_score)
  File "C:\Users\knish\PycharmProjects\AutoML-Smart-Prediction\.venv\Lib\site-packages\sklearn\model_selection\_validation.py", line 536, in _warn_or_raise_about_fit_failures
    raise ValueError(all_fits_failed_message)
ValueError: 
All the 10 fits failed.
It is very likely that your model is misconfigured.
You can try to debug the error by setting error_score='raise'.

Below are more details about the failures:
--------------------------------------------------------------------------------
10 fits failed with the following error:
Traceback (most recent call last):
  File "C:\Users\knish\PycharmProjects\AutoML-Smart-Prediction\.venv\Lib\site-packages\sklearn\model_selection\_validation.py", line 895, in _fit_and_score
    estimator.fit(X_train, y_train, **fit_params)
  File "C:\Users\knish\PycharmProjects\AutoML-Smart-Prediction\.venv\Lib\site-packages\pycaret\internal\pipeline.py", line 278, in fit
    fitted_estimator = self._memory_fit(
                       ^^^^^^^^^^^^^^^^^
  File "C:\Users\knish\PycharmProjects\AutoML-Smart-Prediction\.venv\Lib\site-packages\joblib\memory.py", line 353, in __call__
    return self.func(*args, **kwargs)
           ^^^^^^^^^^^^^^^^^^^^^^^^^^
  File "C:\Users\knish\PycharmProjects\AutoML-Smart-Prediction\.venv\Lib\site-packages\pycaret\internal\pipeline.py", line 69, in _fit_one
    transformer.fit(*args)
  File "C:\Users\knish\PycharmProjects\AutoML-Smart-Prediction\.venv\Lib\site-packages\lightgbm\sklearn.py", line 1536, in fit
    super().fit(
  File "C:\Users\knish\PycharmProjects\AutoML-Smart-Prediction\.venv\Lib\site-packages\lightgbm\sklearn.py", line 1171, in fit
    self._Booster = train(
                    ^^^^^^
  File "C:\Users\knish\PycharmProjects\AutoML-Smart-Prediction\.venv\Lib\site-packages\lightgbm\engine.py", line 296, in train
    booster = Booster(params=params, train_set=train_set)
              ^^^^^^^^^^^^^^^^^^^^^^^^^^^^^^^^^^^^^^^^^^^
  File "C:\Users\knish\PycharmProjects\AutoML-Smart-Prediction\.venv\Lib\site-packages\lightgbm\basic.py", line 3758, in __init__
    train_set.construct()
  File "C:\Users\knish\PycharmProjects\AutoML-Smart-Prediction\.venv\Lib\site-packages\lightgbm\basic.py", line 2574, in construct
    self._lazy_init(
  File "C:\Users\knish\PycharmProjects\AutoML-Smart-Prediction\.venv\Lib\site-packages\lightgbm\basic.py", line 2189, in _lazy_init
    self.set_label(label)
  File "C:\Users\knish\PycharmProjects\AutoML-Smart-Prediction\.venv\Lib\site-packages\lightgbm\basic.py", line 3097, in set_label
    self.set_field("label", label_array)
  File "C:\Users\knish\PycharmProjects\AutoML-Smart-Prediction\.venv\Lib\site-packages\lightgbm\basic.py", line 2860, in set_field
    _LIB.LGBM_DatasetSetField(
OSError: exception: access violation reading 0x0000000000000000


During handling of the above exception, another exception occurred:

Traceback (most recent call last):
  File "C:\Users\knish\PycharmProjects\AutoML-Smart-Prediction\.venv\Lib\site-packages\pycaret\internal\pycaret_experiment\supervised_experiment.py", line 815, in compare_models
    model, model_fit_time = self._create_model(**create_model_args)
                            ^^^^^^^^^^^^^^^^^^^^^^^^^^^^^^^^^^^^^^^
  File "C:\Users\knish\PycharmProjects\AutoML-Smart-Prediction\.venv\Lib\site-packages\pycaret\internal\pycaret_experiment\supervised_experiment.py", line 1533, in _create_model
    model, model_fit_time, model_results, _ = self._create_model_with_cv(
                                              ^^^^^^^^^^^^^^^^^^^^^^^^^^^
  File "C:\Users\knish\PycharmProjects\AutoML-Smart-Prediction\.venv\Lib\site-packages\pycaret\internal\pycaret_experiment\supervised_experiment.py", line 1126, in _create_model_with_cv
    scores = cross_validate(
             ^^^^^^^^^^^^^^^
  File "C:\Users\knish\PycharmProjects\AutoML-Smart-Prediction\.venv\Lib\site-packages\sklearn\utils\_param_validation.py", line 213, in wrapper
    return func(*args, **kwargs)
           ^^^^^^^^^^^^^^^^^^^^^
  File "C:\Users\knish\PycharmProjects\AutoML-Smart-Prediction\.venv\Lib\site-packages\sklearn\model_selection\_validation.py", line 450, in cross_validate
    _warn_or_raise_about_fit_failures(results, error_score)
  File "C:\Users\knish\PycharmProjects\AutoML-Smart-Prediction\.venv\Lib\site-packages\sklearn\model_selection\_validation.py", line 536, in _warn_or_raise_about_fit_failures
    raise ValueError(all_fits_failed_message)
ValueError: 
All the 10 fits failed.
It is very likely that your model is misconfigured.
You can try to debug the error by setting error_score='raise'.

Below are more details about the failures:
--------------------------------------------------------------------------------
10 fits failed with the following error:
Traceback (most recent call last):
  File "C:\Users\knish\PycharmProjects\AutoML-Smart-Prediction\.venv\Lib\site-packages\sklearn\model_selection\_validation.py", line 895, in _fit_and_score
    estimator.fit(X_train, y_train, **fit_params)
  File "C:\Users\knish\PycharmProjects\AutoML-Smart-Prediction\.venv\Lib\site-packages\pycaret\internal\pipeline.py", line 278, in fit
    fitted_estimator = self._memory_fit(
                       ^^^^^^^^^^^^^^^^^
  File "C:\Users\knish\PycharmProjects\AutoML-Smart-Prediction\.venv\Lib\site-packages\joblib\memory.py", line 353, in __call__
    return self.func(*args, **kwargs)
           ^^^^^^^^^^^^^^^^^^^^^^^^^^
  File "C:\Users\knish\PycharmProjects\AutoML-Smart-Prediction\.venv\Lib\site-packages\pycaret\internal\pipeline.py", line 69, in _fit_one
    transformer.fit(*args)
  File "C:\Users\knish\PycharmProjects\AutoML-Smart-Prediction\.venv\Lib\site-packages\lightgbm\sklearn.py", line 1536, in fit
    super().fit(
  File "C:\Users\knish\PycharmProjects\AutoML-Smart-Prediction\.venv\Lib\site-packages\lightgbm\sklearn.py", line 1171, in fit
    self._Booster = train(
                    ^^^^^^
  File "C:\Users\knish\PycharmProjects\AutoML-Smart-Prediction\.venv\Lib\site-packages\lightgbm\engine.py", line 296, in train
    booster = Booster(params=params, train_set=train_set)
              ^^^^^^^^^^^^^^^^^^^^^^^^^^^^^^^^^^^^^^^^^^^
  File "C:\Users\knish\PycharmProjects\AutoML-Smart-Prediction\.venv\Lib\site-packages\lightgbm\basic.py", line 3758, in __init__
    train_set.construct()
  File "C:\Users\knish\PycharmProjects\AutoML-Smart-Prediction\.venv\Lib\site-packages\lightgbm\basic.py", line 2574, in construct
    self._lazy_init(
  File "C:\Users\knish\PycharmProjects\AutoML-Smart-Prediction\.venv\Lib\site-packages\lightgbm\basic.py", line 2189, in _lazy_init
    self.set_label(label)
  File "C:\Users\knish\PycharmProjects\AutoML-Smart-Prediction\.venv\Lib\site-packages\lightgbm\basic.py", line 3097, in set_label
    self.set_field("label", label_array)
  File "C:\Users\knish\PycharmProjects\AutoML-Smart-Prediction\.venv\Lib\site-packages\lightgbm\basic.py", line 2860, in set_field
    _LIB.LGBM_DatasetSetField(
OSError: exception: access violation reading 0x0000000000000000


2026-08-19 14:38:30,216:INFO:Initializing Dummy Regressor
2026-08-19 14:38:30,216:INFO:Total runtime is 0.4158325791358947 minutes
2026-08-19 14:38:30,216:INFO:SubProcess create_model() called ==================================
2026-08-19 14:38:30,216:INFO:Initializing create_model()
2026-08-19 14:38:30,216:INFO:create_model(self=<pycaret.regression.oop.RegressionExperiment object at 0x000001F1FE412F10>, estimator=dummy, fold=KFold(n_splits=10, random_state=None, shuffle=False), round=4, cross_validation=True, predict=True, fit_kwargs={}, groups=None, refit=False, probability_threshold=None, experiment_custom_tags=None, verbose=False, system=False, add_to_model_list=True, metrics=None, display=<pycaret.internal.display.display.CommonDisplay object at 0x000001F1FED0CE50>, model_only=True, return_train_score=False, error_score=0.0, kwargs={})
2026-08-19 14:38:30,216:INFO:Checking exceptions
2026-08-19 14:38:30,216:INFO:Importing libraries
2026-08-19 14:38:30,217:INFO:Copying training dataset
2026-08-19 14:38:30,224:INFO:Defining folds
2026-08-19 14:38:30,224:INFO:Declaring metric variables
2026-08-19 14:38:30,225:INFO:Importing untrained model
2026-08-19 14:38:30,225:INFO:Dummy Regressor Imported successfully
2026-08-19 14:38:30,225:INFO:Starting cross validation
2026-08-19 14:38:30,228:INFO:Cross validating with KFold(n_splits=10, random_state=None, shuffle=False), n_jobs=-1
2026-08-19 14:38:30,681:INFO:Calculating mean and std
2026-08-19 14:38:30,682:INFO:Creating metrics dataframe
2026-08-19 14:38:30,684:INFO:Uploading results into container
2026-08-19 14:38:30,684:INFO:Uploading model into container now
2026-08-19 14:38:30,685:INFO:_master_model_container: 17
2026-08-19 14:38:30,685:INFO:_display_container: 2
2026-08-19 14:38:30,685:INFO:DummyRegressor()
2026-08-19 14:38:30,685:INFO:create_model() successfully completed......................................
2026-08-19 14:38:30,783:INFO:SubProcess create_model() end ==================================
2026-08-19 14:38:30,783:INFO:Creating metrics dataframe
2026-08-19 14:38:30,788:WARNING:C:\Users\knish\PycharmProjects\AutoML-Smart-Prediction\.venv\Lib\site-packages\pycaret\internal\pycaret_experiment\supervised_experiment.py:339: FutureWarning: Styler.applymap has been deprecated. Use Styler.map instead.
  .applymap(highlight_cols, subset=["TT (Sec)"])

2026-08-19 14:38:30,791:INFO:Initializing create_model()
2026-08-19 14:38:30,791:INFO:create_model(self=<pycaret.regression.oop.RegressionExperiment object at 0x000001F1FE412F10>, estimator=RandomForestRegressor(n_jobs=-1, random_state=42), fold=KFold(n_splits=10, random_state=None, shuffle=False), round=4, cross_validation=False, predict=False, fit_kwargs={}, groups=None, refit=True, probability_threshold=None, experiment_custom_tags=None, verbose=False, system=False, add_to_model_list=True, metrics=None, display=None, model_only=True, return_train_score=False, error_score=0.0, kwargs={})
2026-08-19 14:38:30,791:INFO:Checking exceptions
2026-08-19 14:38:30,794:INFO:Importing libraries
2026-08-19 14:38:30,795:INFO:Copying training dataset
2026-08-19 14:38:30,807:INFO:Defining folds
2026-08-19 14:38:30,807:INFO:Declaring metric variables
2026-08-19 14:38:30,807:INFO:Importing untrained model
2026-08-19 14:38:30,807:INFO:Declaring custom model
2026-08-19 14:38:30,808:INFO:Random Forest Regressor Imported successfully
2026-08-19 14:38:30,814:INFO:Cross validation set to False
2026-08-19 14:38:30,814:INFO:Fitting Model
2026-08-19 14:38:31,132:INFO:RandomForestRegressor(n_jobs=-1, random_state=42)
2026-08-19 14:38:31,133:INFO:create_model() successfully completed......................................
2026-08-19 14:38:31,249:INFO:_master_model_container: 17
2026-08-19 14:38:31,249:INFO:_display_container: 2
2026-08-19 14:38:31,250:INFO:RandomForestRegressor(n_jobs=-1, random_state=42)
2026-08-19 14:38:31,250:INFO:compare_models() successfully completed......................................
2026-08-19 14:38:31,251:INFO:Initializing tune_model()
2026-08-19 14:38:31,251:INFO:tune_model(self=<pycaret.regression.oop.RegressionExperiment object at 0x000001F1FE412F10>, estimator=RandomForestRegressor(n_jobs=-1, random_state=42), fold=None, round=4, n_iter=10, custom_grid=None, optimize=RMSE, custom_scorer=None, search_library=scikit-learn, search_algorithm=None, early_stopping=False, early_stopping_max_iters=10, choose_better=True, fit_kwargs=None, groups=None, return_tuner=False, verbose=True, tuner_verbose=True, return_train_score=False, kwargs={})
2026-08-19 14:38:31,251:INFO:Checking exceptions
2026-08-19 14:38:31,256:INFO:Copying training dataset
2026-08-19 14:38:31,260:INFO:Checking base model
2026-08-19 14:38:31,260:INFO:Base model : Random Forest Regressor
2026-08-19 14:38:31,261:INFO:Declaring metric variables
2026-08-19 14:38:31,262:INFO:Defining Hyperparameters
2026-08-19 14:38:31,386:INFO:Tuning with n_jobs=-1
2026-08-19 14:38:31,387:INFO:Initializing RandomizedSearchCV
2026-08-19 14:38:39,799:INFO:best_params: {'actual_estimator__n_estimators': 280, 'actual_estimator__min_samples_split': 7, 'actual_estimator__min_samples_leaf': 2, 'actual_estimator__min_impurity_decrease': 0.01, 'actual_estimator__max_features': 1.0, 'actual_estimator__max_depth': 5, 'actual_estimator__criterion': 'squared_error', 'actual_estimator__bootstrap': True}
2026-08-19 14:38:39,799:INFO:Hyperparameter search completed
2026-08-19 14:38:39,799:INFO:SubProcess create_model() called ==================================
2026-08-19 14:38:39,801:INFO:Initializing create_model()
2026-08-19 14:38:39,801:INFO:create_model(self=<pycaret.regression.oop.RegressionExperiment object at 0x000001F1FE412F10>, estimator=RandomForestRegressor(n_jobs=-1, random_state=42), fold=KFold(n_splits=10, random_state=None, shuffle=False), round=4, cross_validation=True, predict=True, fit_kwargs={}, groups=None, refit=True, probability_threshold=None, experiment_custom_tags=None, verbose=True, system=False, add_to_model_list=True, metrics=None, display=<pycaret.internal.display.display.CommonDisplay object at 0x000001F1FEB0F510>, model_only=True, return_train_score=False, error_score=0.0, kwargs={'n_estimators': 280, 'min_samples_split': 7, 'min_samples_leaf': 2, 'min_impurity_decrease': 0.01, 'max_features': 1.0, 'max_depth': 5, 'criterion': 'squared_error', 'bootstrap': True})
2026-08-19 14:38:39,801:INFO:Checking exceptions
2026-08-19 14:38:39,802:INFO:Importing libraries
2026-08-19 14:38:39,802:INFO:Copying training dataset
2026-08-19 14:38:39,810:INFO:Defining folds
2026-08-19 14:38:39,810:INFO:Declaring metric variables
2026-08-19 14:38:39,810:INFO:Importing untrained model
2026-08-19 14:38:39,810:INFO:Declaring custom model
2026-08-19 14:38:39,812:INFO:Random Forest Regressor Imported successfully
2026-08-19 14:38:39,813:INFO:Starting cross validation
2026-08-19 14:38:39,816:INFO:Cross validating with KFold(n_splits=10, random_state=None, shuffle=False), n_jobs=-1
2026-08-19 14:38:41,333:INFO:Calculating mean and std
2026-08-19 14:38:41,334:INFO:Creating metrics dataframe
2026-08-19 14:38:41,336:INFO:Finalizing model
2026-08-19 14:38:41,907:INFO:Uploading results into container
2026-08-19 14:38:41,908:INFO:Uploading model into container now
2026-08-19 14:38:41,908:INFO:_master_model_container: 18
2026-08-19 14:38:41,908:INFO:_display_container: 3
2026-08-19 14:38:41,909:INFO:RandomForestRegressor(max_depth=5, min_impurity_decrease=0.01,
                      min_samples_leaf=2, min_samples_split=7, n_estimators=280,
                      n_jobs=-1, random_state=42)
2026-08-19 14:38:41,909:INFO:create_model() successfully completed......................................
2026-08-19 14:38:42,009:INFO:SubProcess create_model() end ==================================
2026-08-19 14:38:42,009:INFO:choose_better activated
2026-08-19 14:38:42,009:INFO:SubProcess create_model() called ==================================
2026-08-19 14:38:42,010:INFO:Initializing create_model()
2026-08-19 14:38:42,010:INFO:create_model(self=<pycaret.regression.oop.RegressionExperiment object at 0x000001F1FE412F10>, estimator=RandomForestRegressor(n_jobs=-1, random_state=42), fold=KFold(n_splits=10, random_state=None, shuffle=False), round=4, cross_validation=True, predict=True, fit_kwargs={}, groups=None, refit=True, probability_threshold=None, experiment_custom_tags=None, verbose=False, system=False, add_to_model_list=True, metrics=None, display=None, model_only=True, return_train_score=False, error_score=0.0, kwargs={})
2026-08-19 14:38:42,011:INFO:Checking exceptions
2026-08-19 14:38:42,013:INFO:Importing libraries
2026-08-19 14:38:42,013:INFO:Copying training dataset
2026-08-19 14:38:42,021:INFO:Defining folds
2026-08-19 14:38:42,021:INFO:Declaring metric variables
2026-08-19 14:38:42,021:INFO:Importing untrained model
2026-08-19 14:38:42,021:INFO:Declaring custom model
2026-08-19 14:38:42,022:INFO:Random Forest Regressor Imported successfully
2026-08-19 14:38:42,023:INFO:Starting cross validation
2026-08-19 14:38:42,025:INFO:Cross validating with KFold(n_splits=10, random_state=None, shuffle=False), n_jobs=-1
2026-08-19 14:38:43,010:INFO:Calculating mean and std
2026-08-19 14:38:43,010:INFO:Creating metrics dataframe
2026-08-19 14:38:43,012:INFO:Finalizing model
2026-08-19 14:38:43,328:INFO:Uploading results into container
2026-08-19 14:38:43,329:INFO:Uploading model into container now
2026-08-19 14:38:43,329:INFO:_master_model_container: 19
2026-08-19 14:38:43,329:INFO:_display_container: 4
2026-08-19 14:38:43,330:INFO:RandomForestRegressor(n_jobs=-1, random_state=42)
2026-08-19 14:38:43,330:INFO:create_model() successfully completed......................................
2026-08-19 14:38:43,426:INFO:SubProcess create_model() end ==================================
2026-08-19 14:38:43,427:INFO:RandomForestRegressor(n_jobs=-1, random_state=42) result for RMSE is 4.0089
2026-08-19 14:38:43,429:INFO:RandomForestRegressor(max_depth=5, min_impurity_decrease=0.01,
                      min_samples_leaf=2, min_samples_split=7, n_estimators=280,
                      n_jobs=-1, random_state=42) result for RMSE is 3.9657
2026-08-19 14:38:43,430:INFO:RandomForestRegressor(max_depth=5, min_impurity_decrease=0.01,
                      min_samples_leaf=2, min_samples_split=7, n_estimators=280,
                      n_jobs=-1, random_state=42) is best model
2026-08-19 14:38:43,430:INFO:choose_better completed
2026-08-19 14:38:43,442:INFO:_master_model_container: 19
2026-08-19 14:38:43,442:INFO:_display_container: 3
2026-08-19 14:38:43,443:INFO:RandomForestRegressor(max_depth=5, min_impurity_decrease=0.01,
                      min_samples_leaf=2, min_samples_split=7, n_estimators=280,
                      n_jobs=-1, random_state=42)
2026-08-19 14:38:43,443:INFO:tune_model() successfully completed......................................
2026-08-19 14:38:43,566:INFO:Initializing predict_model()
2026-08-19 14:38:43,566:INFO:predict_model(self=<pycaret.regression.oop.RegressionExperiment object at 0x000001F1FE412F10>, estimator=RandomForestRegressor(max_depth=5, min_impurity_decrease=0.01,
                      min_samples_leaf=2, min_samples_split=7, n_estimators=280,
                      n_jobs=-1, random_state=42), probability_threshold=None, encoded_labels=False, raw_score=False, round=4, verbose=True, ml_usecase=None, preprocess=True, encode_labels=<function _SupervisedExperiment.predict_model.<locals>.encode_labels at 0x000001F1FCCA3420>)
2026-08-19 14:38:43,566:INFO:Checking exceptions
2026-08-19 14:38:43,566:INFO:Preloading libraries
2026-08-19 14:38:43,567:INFO:Set up data.
2026-08-19 14:38:43,583:INFO:Set up index.
2026-08-19 14:38:44,037:WARNING:C:\Users\knish\PycharmProjects\AutoML-Smart-Prediction\.venv\Lib\site-packages\sklearn\metrics\_regression.py:483: FutureWarning: 'squared' is deprecated in version 1.4 and will be removed in 1.6. To calculate the root mean squared error, use the function'root_mean_squared_error'.
  warnings.warn(

2026-08-19 14:38:44,167:INFO:Initializing finalize_model()
2026-08-19 14:38:44,167:INFO:finalize_model(self=<pycaret.regression.oop.RegressionExperiment object at 0x000001F1FE412F10>, estimator=RandomForestRegressor(max_depth=5, min_impurity_decrease=0.01,
                      min_samples_leaf=2, min_samples_split=7, n_estimators=280,
                      n_jobs=-1, random_state=42), fit_kwargs=None, groups=None, model_only=False, experiment_custom_tags=None)
2026-08-19 14:38:44,168:INFO:Finalizing RandomForestRegressor(max_depth=5, min_impurity_decrease=0.01,
                      min_samples_leaf=2, min_samples_split=7, n_estimators=280,
                      n_jobs=-1, random_state=42)
2026-08-19 14:38:44,175:INFO:Initializing create_model()
2026-08-19 14:38:44,175:INFO:create_model(self=<pycaret.regression.oop.RegressionExperiment object at 0x000001F1FE412F10>, estimator=RandomForestRegressor(max_depth=5, min_impurity_decrease=0.01,
                      min_samples_leaf=2, min_samples_split=7, n_estimators=280,
                      n_jobs=-1, random_state=42), fold=None, round=4, cross_validation=False, predict=False, fit_kwargs={}, groups=None, refit=True, probability_threshold=None, experiment_custom_tags=None, verbose=False, system=False, add_to_model_list=False, metrics=None, display=None, model_only=False, return_train_score=False, error_score=0.0, kwargs={})
2026-08-19 14:38:44,175:INFO:Checking exceptions
2026-08-19 14:38:44,176:INFO:Importing libraries
2026-08-19 14:38:44,176:INFO:Copying training dataset
2026-08-19 14:38:44,176:INFO:Defining folds
2026-08-19 14:38:44,177:INFO:Declaring metric variables
2026-08-19 14:38:44,177:INFO:Importing untrained model
2026-08-19 14:38:44,177:INFO:Declaring custom model
2026-08-19 14:38:44,178:INFO:Random Forest Regressor Imported successfully
2026-08-19 14:38:44,181:INFO:Cross validation set to False
2026-08-19 14:38:44,181:INFO:Fitting Model
2026-08-19 14:38:44,921:INFO:Pipeline(memory=Memory(location=None),
         steps=[('numerical_imputer',
                 TransformerWrapper(include=['age', 'Medu', 'Fedu',
                                             'traveltime', 'studytime',
                                             'failures', 'famrel', 'freetime',
                                             'goout', 'Dalc', 'Walc', 'health',
                                             'absences'],
                                    transformer=SimpleImputer())),
                ('categorical_imputer',
                 TransformerWrapper(include=['school', 'sex', 'address',
                                             'famsize', 'Pstatus', 'Mjob',
                                             'Fjo...
                                             'guardian'],
                                    transformer=OneHotEncoder(cols=['Mjob',
                                                                    'Fjob',
                                                                    'reason',
                                                                    'guardian'],
                                                              handle_missing='return_nan',
                                                              use_cat_names=True))),
                ('normalize', TransformerWrapper(transformer=StandardScaler())),
                ('actual_estimator',
                 RandomForestRegressor(max_depth=5, min_impurity_decrease=0.01,
                                       min_samples_leaf=2, min_samples_split=7,
                                       n_estimators=280, n_jobs=-1,
                                       random_state=42))])
2026-08-19 14:38:44,921:INFO:create_model() successfully completed......................................
2026-08-19 14:38:45,019:INFO:_master_model_container: 19
2026-08-19 14:38:45,019:INFO:_display_container: 4
2026-08-19 14:38:45,167:INFO:Pipeline(memory=Memory(location=None),
         steps=[('numerical_imputer',
                 TransformerWrapper(include=['age', 'Medu', 'Fedu',
                                             'traveltime', 'studytime',
                                             'failures', 'famrel', 'freetime',
                                             'goout', 'Dalc', 'Walc', 'health',
                                             'absences'],
                                    transformer=SimpleImputer())),
                ('categorical_imputer',
                 TransformerWrapper(include=['school', 'sex', 'address',
                                             'famsize', 'Pstatus', 'Mjob',
                                             'Fjo...
                                             'guardian'],
                                    transformer=OneHotEncoder(cols=['Mjob',
                                                                    'Fjob',
                                                                    'reason',
                                                                    'guardian'],
                                                              handle_missing='return_nan',
                                                              use_cat_names=True))),
                ('normalize', TransformerWrapper(transformer=StandardScaler())),
                ('actual_estimator',
                 RandomForestRegressor(max_depth=5, min_impurity_decrease=0.01,
                                       min_samples_leaf=2, min_samples_split=7,
                                       n_estimators=280, n_jobs=-1,
                                       random_state=42))])
2026-08-19 14:38:45,167:INFO:finalize_model() successfully completed......................................
2026-08-19 14:38:45,559:INFO:Initializing save_model()
2026-08-19 14:38:45,559:INFO:save_model(model=Pipeline(memory=Memory(location=None),
         steps=[('numerical_imputer',
                 TransformerWrapper(include=['age', 'Medu', 'Fedu',
                                             'traveltime', 'studytime',
                                             'failures', 'famrel', 'freetime',
                                             'goout', 'Dalc', 'Walc', 'health',
                                             'absences'],
                                    transformer=SimpleImputer())),
                ('categorical_imputer',
                 TransformerWrapper(include=['school', 'sex', 'address',
                                             'famsize', 'Pstatus', 'Mjob',
                                             'Fjo...
                                             'guardian'],
                                    transformer=OneHotEncoder(cols=['Mjob',
                                                                    'Fjob',
                                                                    'reason',
                                                                    'guardian'],
                                                              handle_missing='return_nan',
                                                              use_cat_names=True))),
                ('normalize', TransformerWrapper(transformer=StandardScaler())),
                ('actual_estimator',
                 RandomForestRegressor(max_depth=5, min_impurity_decrease=0.01,
                                       min_samples_leaf=2, min_samples_split=7,
                                       n_estimators=280, n_jobs=-1,
                                       random_state=42))]), model_name=C:\Users\knish\PycharmProjects\AutoML-Smart-Prediction\models\best_model, prep_pipe_=Pipeline(memory=FastMemory(location=C:\Users\knish\AppData\Local\Temp\joblib),
         steps=[('numerical_imputer',
                 TransformerWrapper(include=['age', 'Medu', 'Fedu',
                                             'traveltime', 'studytime',
                                             'failures', 'famrel', 'freetime',
                                             'goout', 'Dalc', 'Walc', 'health',
                                             'absences'],
                                    transformer=SimpleImputer())),
                ('categorical_imputer',
                 TransformerWrapper(include=['school', 'sex', '...
dtype: int64},
                                                                        {'col': 'romantic',
                                                                         'data_type': dtype('O'),
                                                                         'mapping': no     0
yes    1
NaN   -1
dtype: int64}]))),
                ('onehot_encoding',
                 TransformerWrapper(include=['Mjob', 'Fjob', 'reason',
                                             'guardian'],
                                    transformer=OneHotEncoder(cols=['Mjob',
                                                                    'Fjob',
                                                                    'reason',
                                                                    'guardian'],
                                                              handle_missing='return_nan',
                                                              use_cat_names=True))),
                ('normalize',
                 TransformerWrapper(transformer=StandardScaler()))]), verbose=True, use_case=MLUsecase.REGRESSION, kwargs={})
2026-08-19 14:38:45,560:INFO:Adding model into prep_pipe
2026-08-19 14:38:45,560:WARNING:Only Model saved as it was a pipeline.
2026-08-19 14:38:45,638:INFO:C:\Users\knish\PycharmProjects\AutoML-Smart-Prediction\models\best_model.pkl saved in current working directory
2026-08-19 14:38:45,773:INFO:Pipeline(memory=Memory(location=None),
         steps=[('numerical_imputer',
                 TransformerWrapper(include=['age', 'Medu', 'Fedu',
                                             'traveltime', 'studytime',
                                             'failures', 'famrel', 'freetime',
                                             'goout', 'Dalc', 'Walc', 'health',
                                             'absences'],
                                    transformer=SimpleImputer())),
                ('categorical_imputer',
                 TransformerWrapper(include=['school', 'sex', 'address',
                                             'famsize', 'Pstatus', 'Mjob',
                                             'Fjo...
                                             'guardian'],
                                    transformer=OneHotEncoder(cols=['Mjob',
                                                                    'Fjob',
                                                                    'reason',
                                                                    'guardian'],
                                                              handle_missing='return_nan',
                                                              use_cat_names=True))),
                ('normalize', TransformerWrapper(transformer=StandardScaler())),
                ('actual_estimator',
                 RandomForestRegressor(max_depth=5, min_impurity_decrease=0.01,
                                       min_samples_leaf=2, min_samples_split=7,
                                       n_estimators=280, n_jobs=-1,
                                       random_state=42))])
2026-08-19 14:38:45,773:INFO:save_model() successfully completed......................................
2026-08-19 14:47:18,085:WARNING:
'cuml' is a soft dependency and not included in the pycaret installation. Please run: `pip install cuml` to install.
2026-08-19 14:47:18,086:WARNING:
'cuml' is a soft dependency and not included in the pycaret installation. Please run: `pip install cuml` to install.
2026-08-19 14:47:18,086:WARNING:
'cuml' is a soft dependency and not included in the pycaret installation. Please run: `pip install cuml` to install.
2026-08-19 14:47:18,086:WARNING:
'cuml' is a soft dependency and not included in the pycaret installation. Please run: `pip install cuml` to install.
2026-08-19 14:47:18,190:INFO:Initializing load_model()
2026-08-19 14:47:18,190:INFO:load_model(model_name=C:\Users\knish\PycharmProjects\AutoML-Smart-Prediction\models\best_model, platform=None, authentication=None, verbose=True)
2026-08-19 14:47:18,257:WARNING:C:\Users\knish\PycharmProjects\AutoML-Smart-Prediction\.venv\Lib\site-packages\_distutils_hack\__init__.py:30: UserWarning: Setuptools is replacing distutils. Support for replacing an already imported distutils is deprecated. In the future, this condition will fail. Register concerns at https://github.com/pypa/setuptools/issues/new?template=distutils-deprecation.yml
  warnings.warn(

2026-08-19 14:47:18,458:INFO:Initializing predict_model()
2026-08-19 14:47:18,459:INFO:predict_model(self=<pycaret.regression.oop.RegressionExperiment object at 0x000002803ED28090>, estimator=Pipeline(memory=Memory(location=None),
         steps=[('numerical_imputer',
                 TransformerWrapper(include=['age', 'Medu', 'Fedu',
                                             'traveltime', 'studytime',
                                             'failures', 'famrel', 'freetime',
                                             'goout', 'Dalc', 'Walc', 'health',
                                             'absences'],
                                    transformer=SimpleImputer())),
                ('categorical_imputer',
                 TransformerWrapper(include=['school', 'sex', 'address',
                                             'famsize', 'Pstatus', 'Mjob',
                                             'Fjo...
                                             'guardian'],
                                    transformer=OneHotEncoder(cols=['Mjob',
                                                                    'Fjob',
                                                                    'reason',
                                                                    'guardian'],
                                                              handle_missing='return_nan',
                                                              use_cat_names=True))),
                ('normalize', TransformerWrapper(transformer=StandardScaler())),
                ('actual_estimator',
                 RandomForestRegressor(max_depth=5, min_impurity_decrease=0.01,
                                       min_samples_leaf=2, min_samples_split=7,
                                       n_estimators=280, n_jobs=-1,
                                       random_state=42))]), probability_threshold=None, encoded_labels=False, raw_score=False, round=4, verbose=True, ml_usecase=None, preprocess=True, encode_labels=<function _SupervisedExperiment.predict_model.<locals>.encode_labels at 0x000002805C40EC00>)
2026-08-19 14:47:18,460:INFO:Checking exceptions
2026-08-19 14:47:18,460:INFO:Preloading libraries
2026-08-19 14:47:18,460:INFO:Set up data.
2026-08-19 14:47:18,471:INFO:Set up index.
2026-08-20 16:37:15,032:WARNING:
'cuml' is a soft dependency and not included in the pycaret installation. Please run: `pip install cuml` to install.
2026-08-20 16:37:15,032:WARNING:
'cuml' is a soft dependency and not included in the pycaret installation. Please run: `pip install cuml` to install.
2026-08-20 16:37:15,033:WARNING:
'cuml' is a soft dependency and not included in the pycaret installation. Please run: `pip install cuml` to install.
2026-08-20 16:37:15,033:WARNING:
'cuml' is a soft dependency and not included in the pycaret installation. Please run: `pip install cuml` to install.
2026-08-20 16:37:15,168:INFO:PyCaret RegressionExperiment
2026-08-20 16:37:15,168:INFO:Logging name: reg-default-name
2026-08-20 16:37:15,168:INFO:ML Usecase: MLUsecase.REGRESSION
2026-08-20 16:37:15,168:INFO:version 3.3.2
2026-08-20 16:37:15,168:INFO:Initializing setup()
2026-08-20 16:37:15,168:INFO:self.USI: cfb6
2026-08-20 16:37:15,168:INFO:self._variable_keys: {'seed', '_available_plots', '_ml_usecase', 'target_param', 'fold_groups_param', 'exp_id', 'y', 'exp_name_log', 'logging_param', 'y_train', 'gpu_n_jobs_param', 'log_plots_param', 'fold_generator', 'memory', 'idx', 'html_param', 'X_train', 'gpu_param', 'X_test', 'transform_target_param', 'n_jobs_param', 'X', 'fold_shuffle_param', 'y_test', 'pipeline', 'USI', 'data'}
2026-08-20 16:37:15,168:INFO:Checking environment
2026-08-20 16:37:15,168:INFO:python_version: 3.11.0
2026-08-20 16:37:15,169:INFO:python_build: ('main', 'Oct 24 2022 18:26:48')
2026-08-20 16:37:15,169:INFO:machine: AMD64
2026-08-20 16:37:15,222:INFO:platform: Windows-10-10.0.26200-SP0
2026-08-20 16:37:15,223:INFO:Memory: svmem(total=12581920768, available=641703936, percent=94.9, used=11940216832, free=641703936)
2026-08-20 16:37:15,223:INFO:Physical Core: 10
2026-08-20 16:37:15,223:INFO:Logical Core: 12
2026-08-20 16:37:15,223:INFO:Checking libraries
2026-08-20 16:37:15,223:INFO:System:
2026-08-20 16:37:15,223:INFO:    python: 3.11.0 (main, Oct 24 2022, 18:26:48) [MSC v.1933 64 bit (AMD64)]
2026-08-20 16:37:15,223:INFO:executable: C:\Users\knish\PycharmProjects\AutoML-Smart-Prediction\.venv\Scripts\python.exe
2026-08-20 16:37:15,223:INFO:   machine: Windows-10-10.0.26200-SP0
2026-08-20 16:37:15,223:INFO:PyCaret required dependencies:
2026-08-20 16:37:15,224:WARNING:C:\Users\knish\PycharmProjects\AutoML-Smart-Prediction\.venv\Lib\site-packages\_distutils_hack\__init__.py:30: UserWarning: Setuptools is replacing distutils. Support for replacing an already imported distutils is deprecated. In the future, this condition will fail. Register concerns at https://github.com/pypa/setuptools/issues/new?template=distutils-deprecation.yml
  warnings.warn(

2026-08-20 16:37:15,266:INFO:                 pip: 26.0.1
2026-08-20 16:37:15,266:INFO:          setuptools: 82.0.0
2026-08-20 16:37:15,267:INFO:             pycaret: 3.3.2
2026-08-20 16:37:15,267:INFO:             IPython: 9.16.1
2026-08-20 16:37:15,267:INFO:          ipywidgets: 8.1.8
2026-08-20 16:37:15,267:INFO:                tqdm: 4.70.0
2026-08-20 16:37:15,267:INFO:               numpy: 1.26.4
2026-08-20 16:37:15,267:INFO:              pandas: 2.1.4
2026-08-20 16:37:15,267:INFO:              jinja2: 3.1.6
2026-08-20 16:37:15,267:INFO:               scipy: 1.11.4
2026-08-20 16:37:15,267:INFO:              joblib: 1.3.2
2026-08-20 16:37:15,267:INFO:             sklearn: 1.4.2
2026-08-20 16:37:15,267:INFO:                pyod: 3.4.0
2026-08-20 16:37:15,267:INFO:            imblearn: 0.14.2
2026-08-20 16:37:15,267:INFO:   category_encoders: 2.7.0
2026-08-20 16:37:15,267:INFO:            lightgbm: 4.7.0
2026-08-20 16:37:15,267:INFO:               numba: 0.67.0
2026-08-20 16:37:15,267:INFO:            requests: 2.34.2
2026-08-20 16:37:15,267:INFO:          matplotlib: 3.7.5
2026-08-20 16:37:15,267:INFO:          scikitplot: 0.3.7
2026-08-20 16:37:15,267:INFO:         yellowbrick: 1.5
2026-08-20 16:37:15,267:INFO:              plotly: 6.9.0
2026-08-20 16:37:15,267:INFO:    plotly-resampler: Not installed
2026-08-20 16:37:15,267:INFO:             kaleido: 1.3.0
2026-08-20 16:37:15,267:INFO:           schemdraw: 0.15
2026-08-20 16:37:15,267:INFO:         statsmodels: 0.14.6
2026-08-20 16:37:15,267:INFO:              sktime: 0.26.0
2026-08-20 16:37:15,267:INFO:               tbats: 1.1.3
2026-08-20 16:37:15,267:INFO:            pmdarima: 2.0.4
2026-08-20 16:37:15,267:INFO:              psutil: 7.2.2
2026-08-20 16:37:15,267:INFO:          markupsafe: 3.0.3
2026-08-20 16:37:15,268:INFO:             pickle5: Not installed
2026-08-20 16:37:15,268:INFO:         cloudpickle: 3.1.2
2026-08-20 16:37:15,268:INFO:         deprecation: 2.1.0
2026-08-20 16:37:15,268:INFO:              xxhash: 4.0.0
2026-08-20 16:37:15,268:INFO:           wurlitzer: Not installed
2026-08-20 16:37:15,268:INFO:PyCaret optional dependencies:
2026-08-20 16:37:16,761:INFO:                shap: Not installed
2026-08-20 16:37:16,761:INFO:           interpret: Not installed
2026-08-20 16:37:16,761:INFO:                umap: Not installed
2026-08-20 16:37:16,761:INFO:     ydata_profiling: Not installed
2026-08-20 16:37:16,761:INFO:  explainerdashboard: Not installed
2026-08-20 16:37:16,761:INFO:             autoviz: Not installed
2026-08-20 16:37:16,761:INFO:           fairlearn: Not installed
2026-08-20 16:37:16,761:INFO:          deepchecks: Not installed
2026-08-20 16:37:16,761:INFO:             xgboost: Not installed
2026-08-20 16:37:16,761:INFO:            catboost: Not installed
2026-08-20 16:37:16,761:INFO:              kmodes: Not installed
2026-08-20 16:37:16,761:INFO:             mlxtend: Not installed
2026-08-20 16:37:16,761:INFO:       statsforecast: Not installed
2026-08-20 16:37:16,761:INFO:        tune_sklearn: Not installed
2026-08-20 16:37:16,761:INFO:                 ray: Not installed
2026-08-20 16:37:16,761:INFO:            hyperopt: Not installed
2026-08-20 16:37:16,762:INFO:              optuna: Not installed
2026-08-20 16:37:16,762:INFO:               skopt: Not installed
2026-08-20 16:37:16,762:INFO:              mlflow: Not installed
2026-08-20 16:37:16,762:INFO:              gradio: Not installed
2026-08-20 16:37:16,762:INFO:             fastapi: 0.141.1
2026-08-20 16:37:16,762:INFO:             uvicorn: 0.52.3
2026-08-20 16:37:16,762:INFO:              m2cgen: Not installed
2026-08-20 16:37:16,762:INFO:           evidently: Not installed
2026-08-20 16:37:16,762:INFO:               fugue: Not installed
2026-08-20 16:37:16,762:INFO:           streamlit: 1.61.1
2026-08-20 16:37:16,762:INFO:             prophet: Not installed
2026-08-20 16:37:16,762:INFO:None
2026-08-20 16:37:16,762:INFO:Set up data.
2026-08-20 16:37:16,775:INFO:Set up folding strategy.
2026-08-20 16:37:16,775:INFO:Set up train/test split.
2026-08-20 16:37:16,788:INFO:Set up index.
2026-08-20 16:37:16,788:INFO:Assigning column types.
2026-08-20 16:37:16,793:INFO:Engine successfully changes for model 'lr' to 'sklearn'.
2026-08-20 16:37:16,793:INFO:Engine for model 'lasso' has not been set explicitly, hence returning None.
2026-08-20 16:37:16,799:INFO:Engine for model 'ridge' has not been set explicitly, hence returning None.
2026-08-20 16:37:16,803:INFO:Engine for model 'en' has not been set explicitly, hence returning None.
2026-08-20 16:37:16,872:INFO:Engine for model 'svm' has not been set explicitly, hence returning None.
2026-08-20 16:37:16,921:INFO:Engine for model 'knn' has not been set explicitly, hence returning None.
2026-08-20 16:37:16,921:WARNING:
'xgboost' is a soft dependency and not included in the pycaret installation. Please run: `pip install xgboost` to install.
Alternately, you can install this by running `pip install pycaret[models]`
2026-08-20 16:37:16,922:WARNING:
'catboost' is a soft dependency and not included in the pycaret installation. Please run: `pip install catboost` to install.
Alternately, you can install this by running `pip install pycaret[models]`
2026-08-20 16:37:16,922:INFO:Engine for model 'lasso' has not been set explicitly, hence returning None.
2026-08-20 16:37:16,928:INFO:Engine for model 'ridge' has not been set explicitly, hence returning None.
2026-08-20 16:37:16,932:INFO:Engine for model 'en' has not been set explicitly, hence returning None.
2026-08-20 16:37:16,987:INFO:Engine for model 'svm' has not been set explicitly, hence returning None.
2026-08-20 16:37:17,035:INFO:Engine for model 'knn' has not been set explicitly, hence returning None.
2026-08-20 16:37:17,036:WARNING:
'xgboost' is a soft dependency and not included in the pycaret installation. Please run: `pip install xgboost` to install.
Alternately, you can install this by running `pip install pycaret[models]`
2026-08-20 16:37:17,036:WARNING:
'catboost' is a soft dependency and not included in the pycaret installation. Please run: `pip install catboost` to install.
Alternately, you can install this by running `pip install pycaret[models]`
2026-08-20 16:37:17,037:INFO:Engine successfully changes for model 'lasso' to 'sklearn'.
2026-08-20 16:37:17,042:INFO:Engine for model 'ridge' has not been set explicitly, hence returning None.
2026-08-20 16:37:17,046:INFO:Engine for model 'en' has not been set explicitly, hence returning None.
2026-08-20 16:37:17,105:INFO:Engine for model 'svm' has not been set explicitly, hence returning None.
2026-08-20 16:37:17,148:INFO:Engine for model 'knn' has not been set explicitly, hence returning None.
2026-08-20 16:37:17,149:WARNING:
'xgboost' is a soft dependency and not included in the pycaret installation. Please run: `pip install xgboost` to install.
Alternately, you can install this by running `pip install pycaret[models]`
2026-08-20 16:37:17,149:WARNING:
'catboost' is a soft dependency and not included in the pycaret installation. Please run: `pip install catboost` to install.
Alternately, you can install this by running `pip install pycaret[models]`
2026-08-20 16:37:17,153:INFO:Engine for model 'ridge' has not been set explicitly, hence returning None.
2026-08-20 16:37:17,158:INFO:Engine for model 'en' has not been set explicitly, hence returning None.
2026-08-20 16:37:17,222:INFO:Engine for model 'svm' has not been set explicitly, hence returning None.
2026-08-20 16:37:17,266:INFO:Engine for model 'knn' has not been set explicitly, hence returning None.
2026-08-20 16:37:17,266:WARNING:
'xgboost' is a soft dependency and not included in the pycaret installation. Please run: `pip install xgboost` to install.
Alternately, you can install this by running `pip install pycaret[models]`
2026-08-20 16:37:17,266:WARNING:
'catboost' is a soft dependency and not included in the pycaret installation. Please run: `pip install catboost` to install.
Alternately, you can install this by running `pip install pycaret[models]`
2026-08-20 16:37:17,267:INFO:Engine successfully changes for model 'ridge' to 'sklearn'.
2026-08-20 16:37:17,276:INFO:Engine for model 'en' has not been set explicitly, hence returning None.
2026-08-20 16:37:17,344:INFO:Engine for model 'svm' has not been set explicitly, hence returning None.
2026-08-20 16:37:17,390:INFO:Engine for model 'knn' has not been set explicitly, hence returning None.
2026-08-20 16:37:17,390:WARNING:
'xgboost' is a soft dependency and not included in the pycaret installation. Please run: `pip install xgboost` to install.
Alternately, you can install this by running `pip install pycaret[models]`
2026-08-20 16:37:17,390:WARNING:
'catboost' is a soft dependency and not included in the pycaret installation. Please run: `pip install catboost` to install.
Alternately, you can install this by running `pip install pycaret[models]`
2026-08-20 16:37:17,399:INFO:Engine for model 'en' has not been set explicitly, hence returning None.
2026-08-20 16:37:17,458:INFO:Engine for model 'svm' has not been set explicitly, hence returning None.
2026-08-20 16:37:17,502:INFO:Engine for model 'knn' has not been set explicitly, hence returning None.
2026-08-20 16:37:17,502:WARNING:
'xgboost' is a soft dependency and not included in the pycaret installation. Please run: `pip install xgboost` to install.
Alternately, you can install this by running `pip install pycaret[models]`
2026-08-20 16:37:17,502:WARNING:
'catboost' is a soft dependency and not included in the pycaret installation. Please run: `pip install catboost` to install.
Alternately, you can install this by running `pip install pycaret[models]`
2026-08-20 16:37:17,502:INFO:Engine successfully changes for model 'en' to 'sklearn'.
2026-08-20 16:37:17,572:INFO:Engine for model 'svm' has not been set explicitly, hence returning None.
2026-08-20 16:37:17,621:INFO:Engine for model 'knn' has not been set explicitly, hence returning None.
2026-08-20 16:37:17,622:WARNING:
'xgboost' is a soft dependency and not included in the pycaret installation. Please run: `pip install xgboost` to install.
Alternately, you can install this by running `pip install pycaret[models]`
2026-08-20 16:37:17,622:WARNING:
'catboost' is a soft dependency and not included in the pycaret installation. Please run: `pip install catboost` to install.
Alternately, you can install this by running `pip install pycaret[models]`
2026-08-20 16:37:17,688:INFO:Engine for model 'svm' has not been set explicitly, hence returning None.
2026-08-20 16:37:17,731:INFO:Engine for model 'knn' has not been set explicitly, hence returning None.
2026-08-20 16:37:17,732:WARNING:
'xgboost' is a soft dependency and not included in the pycaret installation. Please run: `pip install xgboost` to install.
Alternately, you can install this by running `pip install pycaret[models]`
2026-08-20 16:37:17,732:WARNING:
'catboost' is a soft dependency and not included in the pycaret installation. Please run: `pip install catboost` to install.
Alternately, you can install this by running `pip install pycaret[models]`
2026-08-20 16:37:17,733:INFO:Engine successfully changes for model 'knn' to 'sklearn'.
2026-08-20 16:37:17,800:INFO:Engine for model 'svm' has not been set explicitly, hence returning None.
2026-08-20 16:37:17,847:WARNING:
'xgboost' is a soft dependency and not included in the pycaret installation. Please run: `pip install xgboost` to install.
Alternately, you can install this by running `pip install pycaret[models]`
2026-08-20 16:37:17,847:WARNING:
'catboost' is a soft dependency and not included in the pycaret installation. Please run: `pip install catboost` to install.
Alternately, you can install this by running `pip install pycaret[models]`
2026-08-20 16:37:17,930:INFO:Engine for model 'svm' has not been set explicitly, hence returning None.
2026-08-20 16:37:17,981:WARNING:
'xgboost' is a soft dependency and not included in the pycaret installation. Please run: `pip install xgboost` to install.
Alternately, you can install this by running `pip install pycaret[models]`
2026-08-20 16:37:17,982:WARNING:
'catboost' is a soft dependency and not included in the pycaret installation. Please run: `pip install catboost` to install.
Alternately, you can install this by running `pip install pycaret[models]`
2026-08-20 16:37:17,982:INFO:Engine successfully changes for model 'svm' to 'sklearn'.
2026-08-20 16:37:18,124:WARNING:
'xgboost' is a soft dependency and not included in the pycaret installation. Please run: `pip install xgboost` to install.
Alternately, you can install this by running `pip install pycaret[models]`
2026-08-20 16:37:18,125:WARNING:
'catboost' is a soft dependency and not included in the pycaret installation. Please run: `pip install catboost` to install.
Alternately, you can install this by running `pip install pycaret[models]`
2026-08-20 16:37:18,266:WARNING:
'xgboost' is a soft dependency and not included in the pycaret installation. Please run: `pip install xgboost` to install.
Alternately, you can install this by running `pip install pycaret[models]`
2026-08-20 16:37:18,267:WARNING:
'catboost' is a soft dependency and not included in the pycaret installation. Please run: `pip install catboost` to install.
Alternately, you can install this by running `pip install pycaret[models]`
2026-08-20 16:37:18,279:INFO:Preparing preprocessing pipeline...
2026-08-20 16:37:18,279:INFO:Set up simple imputation.
2026-08-20 16:37:18,291:INFO:Set up encoding of ordinal features.
2026-08-20 16:37:18,308:INFO:Set up encoding of categorical features.
2026-08-20 16:37:18,309:INFO:Set up feature normalization.
2026-08-20 16:37:18,558:INFO:Finished creating preprocessing pipeline.
2026-08-20 16:37:18,696:INFO:Pipeline: Pipeline(memory=FastMemory(location=C:\Users\knish\AppData\Local\Temp\joblib),
         steps=[('numerical_imputer',
                 TransformerWrapper(include=['age', 'Medu', 'Fedu',
                                             'traveltime', 'studytime',
                                             'failures', 'famrel', 'freetime',
                                             'goout', 'Dalc', 'Walc', 'health',
                                             'absences'],
                                    transformer=SimpleImputer())),
                ('categorical_imputer',
                 TransformerWrapper(include=['school', 'sex', '...
dtype: int64},
                                                                        {'col': 'romantic',
                                                                         'data_type': dtype('O'),
                                                                         'mapping': no     0
yes    1
NaN   -1
dtype: int64}]))),
                ('onehot_encoding',
                 TransformerWrapper(include=['Mjob', 'Fjob', 'reason',
                                             'guardian'],
                                    transformer=OneHotEncoder(cols=['Mjob',
                                                                    'Fjob',
                                                                    'reason',
                                                                    'guardian'],
                                                              handle_missing='return_nan',
                                                              use_cat_names=True))),
                ('normalize',
                 TransformerWrapper(transformer=StandardScaler()))])
2026-08-20 16:37:18,696:INFO:Creating final display dataframe.
2026-08-20 16:37:18,857:INFO:Setup _display_container:                     Description             Value
0                    Session id                42
1                        Target                G3
2                   Target type        Regression
3           Original data shape         (316, 31)
4        Transformed data shape         (316, 44)
5   Transformed train set shape         (221, 44)
6    Transformed test set shape          (95, 44)
7              Numeric features                13
8          Categorical features                17
9                    Preprocess              True
10              Imputation type            simple
11           Numeric imputation              mean
12       Categorical imputation              mode
13     Maximum one-hot encoding                25
14              Encoding method              None
15                    Normalize              True
16             Normalize method            zscore
17               Fold Generator             KFold
18                  Fold Number                10
19                     CPU Jobs                -1
20                      Use GPU             False
21               Log Experiment             False
22              Experiment Name  reg-default-name
23                          USI              cfb6
2026-08-20 16:37:18,982:WARNING:
'xgboost' is a soft dependency and not included in the pycaret installation. Please run: `pip install xgboost` to install.
Alternately, you can install this by running `pip install pycaret[models]`
2026-08-20 16:37:18,983:WARNING:
'catboost' is a soft dependency and not included in the pycaret installation. Please run: `pip install catboost` to install.
Alternately, you can install this by running `pip install pycaret[models]`
2026-08-20 16:37:19,128:WARNING:
'xgboost' is a soft dependency and not included in the pycaret installation. Please run: `pip install xgboost` to install.
Alternately, you can install this by running `pip install pycaret[models]`
2026-08-20 16:37:19,128:WARNING:
'catboost' is a soft dependency and not included in the pycaret installation. Please run: `pip install catboost` to install.
Alternately, you can install this by running `pip install pycaret[models]`
2026-08-20 16:37:19,129:INFO:setup() successfully completed in 3.98s...............
2026-08-20 16:37:19,130:INFO:Initializing compare_models()
2026-08-20 16:37:19,130:INFO:compare_models(self=<pycaret.regression.oop.RegressionExperiment object at 0x000002880A722650>, include=None, exclude=None, fold=None, round=4, cross_validation=True, sort=RMSE, n_select=1, budget_time=None, turbo=True, errors=ignore, fit_kwargs=None, groups=None, experiment_custom_tags=None, probability_threshold=None, verbose=True, parallel=None, caller_params={'self': <pycaret.regression.oop.RegressionExperiment object at 0x000002880A722650>, 'include': None, 'exclude': None, 'fold': None, 'round': 4, 'cross_validation': True, 'sort': 'RMSE', 'n_select': 1, 'budget_time': None, 'turbo': True, 'errors': 'ignore', 'fit_kwargs': None, 'groups': None, 'experiment_custom_tags': None, 'engine': None, 'verbose': True, 'parallel': None, '__class__': <class 'pycaret.regression.oop.RegressionExperiment'>})
2026-08-20 16:37:19,131:INFO:Checking exceptions
2026-08-20 16:37:19,136:INFO:Preparing display monitor
2026-08-20 16:37:19,152:INFO:Initializing Linear Regression
2026-08-20 16:37:19,152:INFO:Total runtime is 0.0 minutes
2026-08-20 16:37:19,152:INFO:SubProcess create_model() called ==================================
2026-08-20 16:37:19,153:INFO:Initializing create_model()
2026-08-20 16:37:19,153:INFO:create_model(self=<pycaret.regression.oop.RegressionExperiment object at 0x000002880A722650>, estimator=lr, fold=KFold(n_splits=10, random_state=None, shuffle=False), round=4, cross_validation=True, predict=True, fit_kwargs={}, groups=None, refit=False, probability_threshold=None, experiment_custom_tags=None, verbose=False, system=False, add_to_model_list=True, metrics=None, display=<pycaret.internal.display.display.CommonDisplay object at 0x000002880AFC6C10>, model_only=True, return_train_score=False, error_score=0.0, kwargs={})
2026-08-20 16:37:19,153:INFO:Checking exceptions
2026-08-20 16:37:19,153:INFO:Importing libraries
2026-08-20 16:37:19,153:INFO:Copying training dataset
2026-08-20 16:37:19,165:INFO:Defining folds
2026-08-20 16:37:19,165:INFO:Declaring metric variables
2026-08-20 16:37:19,166:INFO:Importing untrained model
2026-08-20 16:37:19,167:INFO:Linear Regression Imported successfully
2026-08-20 16:37:19,168:INFO:Starting cross validation
2026-08-20 16:37:19,205:INFO:Cross validating with KFold(n_splits=10, random_state=None, shuffle=False), n_jobs=-1
2026-08-20 16:37:31,831:WARNING:C:\Users\knish\PycharmProjects\AutoML-Smart-Prediction\.venv\Lib\site-packages\_distutils_hack\__init__.py:30: UserWarning: Setuptools is replacing distutils. Support for replacing an already imported distutils is deprecated. In the future, this condition will fail. Register concerns at https://github.com/pypa/setuptools/issues/new?template=distutils-deprecation.yml
  warnings.warn(

2026-08-20 16:37:31,831:WARNING:C:\Users\knish\PycharmProjects\AutoML-Smart-Prediction\.venv\Lib\site-packages\_distutils_hack\__init__.py:30: UserWarning: Setuptools is replacing distutils. Support for replacing an already imported distutils is deprecated. In the future, this condition will fail. Register concerns at https://github.com/pypa/setuptools/issues/new?template=distutils-deprecation.yml
  warnings.warn(

2026-08-20 16:37:31,831:WARNING:C:\Users\knish\PycharmProjects\AutoML-Smart-Prediction\.venv\Lib\site-packages\_distutils_hack\__init__.py:30: UserWarning: Setuptools is replacing distutils. Support for replacing an already imported distutils is deprecated. In the future, this condition will fail. Register concerns at https://github.com/pypa/setuptools/issues/new?template=distutils-deprecation.yml
  warnings.warn(

2026-08-20 16:37:31,831:WARNING:C:\Users\knish\PycharmProjects\AutoML-Smart-Prediction\.venv\Lib\site-packages\_distutils_hack\__init__.py:30: UserWarning: Setuptools is replacing distutils. Support for replacing an already imported distutils is deprecated. In the future, this condition will fail. Register concerns at https://github.com/pypa/setuptools/issues/new?template=distutils-deprecation.yml
  warnings.warn(

2026-08-20 16:37:31,831:WARNING:C:\Users\knish\PycharmProjects\AutoML-Smart-Prediction\.venv\Lib\site-packages\_distutils_hack\__init__.py:30: UserWarning: Setuptools is replacing distutils. Support for replacing an already imported distutils is deprecated. In the future, this condition will fail. Register concerns at https://github.com/pypa/setuptools/issues/new?template=distutils-deprecation.yml
  warnings.warn(

2026-08-20 16:37:31,831:WARNING:C:\Users\knish\PycharmProjects\AutoML-Smart-Prediction\.venv\Lib\site-packages\_distutils_hack\__init__.py:30: UserWarning: Setuptools is replacing distutils. Support for replacing an already imported distutils is deprecated. In the future, this condition will fail. Register concerns at https://github.com/pypa/setuptools/issues/new?template=distutils-deprecation.yml
  warnings.warn(

2026-08-20 16:37:31,833:WARNING:C:\Users\knish\PycharmProjects\AutoML-Smart-Prediction\.venv\Lib\site-packages\_distutils_hack\__init__.py:30: UserWarning: Setuptools is replacing distutils. Support for replacing an already imported distutils is deprecated. In the future, this condition will fail. Register concerns at https://github.com/pypa/setuptools/issues/new?template=distutils-deprecation.yml
  warnings.warn(

2026-08-20 16:37:31,835:WARNING:C:\Users\knish\PycharmProjects\AutoML-Smart-Prediction\.venv\Lib\site-packages\_distutils_hack\__init__.py:30: UserWarning: Setuptools is replacing distutils. Support for replacing an already imported distutils is deprecated. In the future, this condition will fail. Register concerns at https://github.com/pypa/setuptools/issues/new?template=distutils-deprecation.yml
  warnings.warn(

2026-08-20 16:37:32,444:INFO:Calculating mean and std
2026-08-20 16:37:32,449:INFO:Creating metrics dataframe
2026-08-20 16:37:32,456:INFO:Uploading results into container
2026-08-20 16:37:32,458:INFO:Uploading model into container now
2026-08-20 16:37:32,459:INFO:_master_model_container: 1
2026-08-20 16:37:32,460:INFO:_display_container: 2
2026-08-20 16:37:32,460:INFO:LinearRegression(n_jobs=-1)
2026-08-20 16:37:32,460:INFO:create_model() successfully completed......................................
2026-08-20 16:37:32,602:INFO:SubProcess create_model() end ==================================
2026-08-20 16:37:32,602:INFO:Creating metrics dataframe
2026-08-20 16:37:32,621:INFO:Initializing Lasso Regression
2026-08-20 16:37:32,621:INFO:Total runtime is 0.22449010610580444 minutes
2026-08-20 16:37:32,621:INFO:SubProcess create_model() called ==================================
2026-08-20 16:37:32,622:INFO:Initializing create_model()
2026-08-20 16:37:32,622:INFO:create_model(self=<pycaret.regression.oop.RegressionExperiment object at 0x000002880A722650>, estimator=lasso, fold=KFold(n_splits=10, random_state=None, shuffle=False), round=4, cross_validation=True, predict=True, fit_kwargs={}, groups=None, refit=False, probability_threshold=None, experiment_custom_tags=None, verbose=False, system=False, add_to_model_list=True, metrics=None, display=<pycaret.internal.display.display.CommonDisplay object at 0x000002880AFC6C10>, model_only=True, return_train_score=False, error_score=0.0, kwargs={})
2026-08-20 16:37:32,622:INFO:Checking exceptions
2026-08-20 16:37:32,623:INFO:Importing libraries
2026-08-20 16:37:32,623:INFO:Copying training dataset
2026-08-20 16:37:32,640:INFO:Defining folds
2026-08-20 16:37:32,640:INFO:Declaring metric variables
2026-08-20 16:37:32,642:INFO:Importing untrained model
2026-08-20 16:37:32,643:INFO:Lasso Regression Imported successfully
2026-08-20 16:37:32,643:INFO:Starting cross validation
2026-08-20 16:37:32,648:INFO:Cross validating with KFold(n_splits=10, random_state=None, shuffle=False), n_jobs=-1
2026-08-20 16:37:35,613:WARNING:C:\Users\knish\PycharmProjects\AutoML-Smart-Prediction\.venv\Lib\site-packages\_distutils_hack\__init__.py:30: UserWarning: Setuptools is replacing distutils. Support for replacing an already imported distutils is deprecated. In the future, this condition will fail. Register concerns at https://github.com/pypa/setuptools/issues/new?template=distutils-deprecation.yml
  warnings.warn(

2026-08-20 16:37:35,616:WARNING:C:\Users\knish\PycharmProjects\AutoML-Smart-Prediction\.venv\Lib\site-packages\_distutils_hack\__init__.py:30: UserWarning: Setuptools is replacing distutils. Support for replacing an already imported distutils is deprecated. In the future, this condition will fail. Register concerns at https://github.com/pypa/setuptools/issues/new?template=distutils-deprecation.yml
  warnings.warn(

2026-08-20 16:37:35,891:INFO:Calculating mean and std
2026-08-20 16:37:35,892:INFO:Creating metrics dataframe
2026-08-20 16:37:35,896:INFO:Uploading results into container
2026-08-20 16:37:35,897:INFO:Uploading model into container now
2026-08-20 16:37:35,897:INFO:_master_model_container: 2
2026-08-20 16:37:35,898:INFO:_display_container: 2
2026-08-20 16:37:35,898:INFO:Lasso(random_state=42)
2026-08-20 16:37:35,898:INFO:create_model() successfully completed......................................
2026-08-20 16:37:36,016:INFO:SubProcess create_model() end ==================================
2026-08-20 16:37:36,016:INFO:Creating metrics dataframe
2026-08-20 16:37:36,021:INFO:Initializing Ridge Regression
2026-08-20 16:37:36,021:INFO:Total runtime is 0.2811624765396118 minutes
2026-08-20 16:37:36,021:INFO:SubProcess create_model() called ==================================
2026-08-20 16:37:36,022:INFO:Initializing create_model()
2026-08-20 16:37:36,022:INFO:create_model(self=<pycaret.regression.oop.RegressionExperiment object at 0x000002880A722650>, estimator=ridge, fold=KFold(n_splits=10, random_state=None, shuffle=False), round=4, cross_validation=True, predict=True, fit_kwargs={}, groups=None, refit=False, probability_threshold=None, experiment_custom_tags=None, verbose=False, system=False, add_to_model_list=True, metrics=None, display=<pycaret.internal.display.display.CommonDisplay object at 0x000002880AFC6C10>, model_only=True, return_train_score=False, error_score=0.0, kwargs={})
2026-08-20 16:37:36,022:INFO:Checking exceptions
2026-08-20 16:37:36,022:INFO:Importing libraries
2026-08-20 16:37:36,022:INFO:Copying training dataset
2026-08-20 16:37:36,035:INFO:Defining folds
2026-08-20 16:37:36,035:INFO:Declaring metric variables
2026-08-20 16:37:36,035:INFO:Importing untrained model
2026-08-20 16:37:36,036:INFO:Ridge Regression Imported successfully
2026-08-20 16:37:36,036:INFO:Starting cross validation
2026-08-20 16:37:36,042:INFO:Cross validating with KFold(n_splits=10, random_state=None, shuffle=False), n_jobs=-1
2026-08-20 16:37:36,554:INFO:Calculating mean and std
2026-08-20 16:37:36,555:INFO:Creating metrics dataframe
2026-08-20 16:37:36,557:INFO:Uploading results into container
2026-08-20 16:37:36,558:INFO:Uploading model into container now
2026-08-20 16:37:36,558:INFO:_master_model_container: 3
2026-08-20 16:37:36,558:INFO:_display_container: 2
2026-08-20 16:37:36,558:INFO:Ridge(random_state=42)
2026-08-20 16:37:36,558:INFO:create_model() successfully completed......................................
2026-08-20 16:37:36,681:INFO:SubProcess create_model() end ==================================
2026-08-20 16:37:36,681:INFO:Creating metrics dataframe
2026-08-20 16:37:36,685:INFO:Initializing Elastic Net
2026-08-20 16:37:36,685:INFO:Total runtime is 0.29223153193791707 minutes
2026-08-20 16:37:36,685:INFO:SubProcess create_model() called ==================================
2026-08-20 16:37:36,686:INFO:Initializing create_model()
2026-08-20 16:37:36,686:INFO:create_model(self=<pycaret.regression.oop.RegressionExperiment object at 0x000002880A722650>, estimator=en, fold=KFold(n_splits=10, random_state=None, shuffle=False), round=4, cross_validation=True, predict=True, fit_kwargs={}, groups=None, refit=False, probability_threshold=None, experiment_custom_tags=None, verbose=False, system=False, add_to_model_list=True, metrics=None, display=<pycaret.internal.display.display.CommonDisplay object at 0x000002880AFC6C10>, model_only=True, return_train_score=False, error_score=0.0, kwargs={})
2026-08-20 16:37:36,686:INFO:Checking exceptions
2026-08-20 16:37:36,686:INFO:Importing libraries
2026-08-20 16:37:36,686:INFO:Copying training dataset
2026-08-20 16:37:36,693:INFO:Defining folds
2026-08-20 16:37:36,694:INFO:Declaring metric variables
2026-08-20 16:37:36,694:INFO:Importing untrained model
2026-08-20 16:37:36,694:INFO:Elastic Net Imported successfully
2026-08-20 16:37:36,695:INFO:Starting cross validation
2026-08-20 16:37:36,700:INFO:Cross validating with KFold(n_splits=10, random_state=None, shuffle=False), n_jobs=-1
2026-08-20 16:37:37,207:INFO:Calculating mean and std
2026-08-20 16:37:37,208:INFO:Creating metrics dataframe
2026-08-20 16:37:37,210:INFO:Uploading results into container
2026-08-20 16:37:37,211:INFO:Uploading model into container now
2026-08-20 16:37:37,211:INFO:_master_model_container: 4
2026-08-20 16:37:37,211:INFO:_display_container: 2
2026-08-20 16:37:37,212:INFO:ElasticNet(random_state=42)
2026-08-20 16:37:37,212:INFO:create_model() successfully completed......................................
2026-08-20 16:37:37,317:INFO:SubProcess create_model() end ==================================
2026-08-20 16:37:37,318:INFO:Creating metrics dataframe
2026-08-20 16:37:37,322:INFO:Initializing Least Angle Regression
2026-08-20 16:37:37,322:INFO:Total runtime is 0.3028459390004476 minutes
2026-08-20 16:37:37,322:INFO:SubProcess create_model() called ==================================
2026-08-20 16:37:37,322:INFO:Initializing create_model()
2026-08-20 16:37:37,323:INFO:create_model(self=<pycaret.regression.oop.RegressionExperiment object at 0x000002880A722650>, estimator=lar, fold=KFold(n_splits=10, random_state=None, shuffle=False), round=4, cross_validation=True, predict=True, fit_kwargs={}, groups=None, refit=False, probability_threshold=None, experiment_custom_tags=None, verbose=False, system=False, add_to_model_list=True, metrics=None, display=<pycaret.internal.display.display.CommonDisplay object at 0x000002880AFC6C10>, model_only=True, return_train_score=False, error_score=0.0, kwargs={})
2026-08-20 16:37:37,323:INFO:Checking exceptions
2026-08-20 16:37:37,323:INFO:Importing libraries
2026-08-20 16:37:37,323:INFO:Copying training dataset
2026-08-20 16:37:37,332:INFO:Defining folds
2026-08-20 16:37:37,332:INFO:Declaring metric variables
2026-08-20 16:37:37,333:INFO:Importing untrained model
2026-08-20 16:37:37,333:INFO:Least Angle Regression Imported successfully
2026-08-20 16:37:37,334:INFO:Starting cross validation
2026-08-20 16:37:37,337:INFO:Cross validating with KFold(n_splits=10, random_state=None, shuffle=False), n_jobs=-1
2026-08-20 16:37:37,931:INFO:Calculating mean and std
2026-08-20 16:37:37,932:INFO:Creating metrics dataframe
2026-08-20 16:37:37,934:INFO:Uploading results into container
2026-08-20 16:37:37,934:INFO:Uploading model into container now
2026-08-20 16:37:37,935:INFO:_master_model_container: 5
2026-08-20 16:37:37,935:INFO:_display_container: 2
2026-08-20 16:37:37,935:INFO:Lars(random_state=42)
2026-08-20 16:37:37,935:INFO:create_model() successfully completed......................................
2026-08-20 16:37:38,027:INFO:SubProcess create_model() end ==================================
2026-08-20 16:37:38,027:INFO:Creating metrics dataframe
2026-08-20 16:37:38,030:INFO:Initializing Lasso Least Angle Regression
2026-08-20 16:37:38,030:INFO:Total runtime is 0.31463515758514404 minutes
2026-08-20 16:37:38,030:INFO:SubProcess create_model() called ==================================
2026-08-20 16:37:38,030:INFO:Initializing create_model()
2026-08-20 16:37:38,031:INFO:create_model(self=<pycaret.regression.oop.RegressionExperiment object at 0x000002880A722650>, estimator=llar, fold=KFold(n_splits=10, random_state=None, shuffle=False), round=4, cross_validation=True, predict=True, fit_kwargs={}, groups=None, refit=False, probability_threshold=None, experiment_custom_tags=None, verbose=False, system=False, add_to_model_list=True, metrics=None, display=<pycaret.internal.display.display.CommonDisplay object at 0x000002880AFC6C10>, model_only=True, return_train_score=False, error_score=0.0, kwargs={})
2026-08-20 16:37:38,031:INFO:Checking exceptions
2026-08-20 16:37:38,031:INFO:Importing libraries
2026-08-20 16:37:38,031:INFO:Copying training dataset
2026-08-20 16:37:38,036:INFO:Defining folds
2026-08-20 16:37:38,036:INFO:Declaring metric variables
2026-08-20 16:37:38,036:INFO:Importing untrained model
2026-08-20 16:37:38,036:INFO:Lasso Least Angle Regression Imported successfully
2026-08-20 16:37:38,037:INFO:Starting cross validation
2026-08-20 16:37:38,039:INFO:Cross validating with KFold(n_splits=10, random_state=None, shuffle=False), n_jobs=-1
2026-08-20 16:37:38,575:INFO:Calculating mean and std
2026-08-20 16:37:38,576:INFO:Creating metrics dataframe
2026-08-20 16:37:38,578:INFO:Uploading results into container
2026-08-20 16:37:38,579:INFO:Uploading model into container now
2026-08-20 16:37:38,579:INFO:_master_model_container: 6
2026-08-20 16:37:38,580:INFO:_display_container: 2
2026-08-20 16:37:38,580:INFO:LassoLars(random_state=42)
2026-08-20 16:37:38,580:INFO:create_model() successfully completed......................................
2026-08-20 16:37:38,682:INFO:SubProcess create_model() end ==================================
2026-08-20 16:37:38,682:INFO:Creating metrics dataframe
2026-08-20 16:37:38,685:INFO:Initializing Orthogonal Matching Pursuit
2026-08-20 16:37:38,685:INFO:Total runtime is 0.3255597790082296 minutes
2026-08-20 16:37:38,686:INFO:SubProcess create_model() called ==================================
2026-08-20 16:37:38,686:INFO:Initializing create_model()
2026-08-20 16:37:38,686:INFO:create_model(self=<pycaret.regression.oop.RegressionExperiment object at 0x000002880A722650>, estimator=omp, fold=KFold(n_splits=10, random_state=None, shuffle=False), round=4, cross_validation=True, predict=True, fit_kwargs={}, groups=None, refit=False, probability_threshold=None, experiment_custom_tags=None, verbose=False, system=False, add_to_model_list=True, metrics=None, display=<pycaret.internal.display.display.CommonDisplay object at 0x000002880AFC6C10>, model_only=True, return_train_score=False, error_score=0.0, kwargs={})
2026-08-20 16:37:38,686:INFO:Checking exceptions
2026-08-20 16:37:38,686:INFO:Importing libraries
2026-08-20 16:37:38,686:INFO:Copying training dataset
2026-08-20 16:37:38,693:INFO:Defining folds
2026-08-20 16:37:38,693:INFO:Declaring metric variables
2026-08-20 16:37:38,693:INFO:Importing untrained model
2026-08-20 16:37:38,694:INFO:Orthogonal Matching Pursuit Imported successfully
2026-08-20 16:37:38,694:INFO:Starting cross validation
2026-08-20 16:37:38,699:INFO:Cross validating with KFold(n_splits=10, random_state=None, shuffle=False), n_jobs=-1
2026-08-20 16:37:39,302:INFO:Calculating mean and std
2026-08-20 16:37:39,303:INFO:Creating metrics dataframe
2026-08-20 16:37:39,305:INFO:Uploading results into container
2026-08-20 16:37:39,305:INFO:Uploading model into container now
2026-08-20 16:37:39,306:INFO:_master_model_container: 7
2026-08-20 16:37:39,306:INFO:_display_container: 2
2026-08-20 16:37:39,306:INFO:OrthogonalMatchingPursuit()
2026-08-20 16:37:39,306:INFO:create_model() successfully completed......................................
2026-08-20 16:37:39,412:INFO:SubProcess create_model() end ==================================
2026-08-20 16:37:39,412:INFO:Creating metrics dataframe
2026-08-20 16:37:39,417:INFO:Initializing Bayesian Ridge
2026-08-20 16:37:39,417:INFO:Total runtime is 0.3377570748329163 minutes
2026-08-20 16:37:39,417:INFO:SubProcess create_model() called ==================================
2026-08-20 16:37:39,418:INFO:Initializing create_model()
2026-08-20 16:37:39,418:INFO:create_model(self=<pycaret.regression.oop.RegressionExperiment object at 0x000002880A722650>, estimator=br, fold=KFold(n_splits=10, random_state=None, shuffle=False), round=4, cross_validation=True, predict=True, fit_kwargs={}, groups=None, refit=False, probability_threshold=None, experiment_custom_tags=None, verbose=False, system=False, add_to_model_list=True, metrics=None, display=<pycaret.internal.display.display.CommonDisplay object at 0x000002880AFC6C10>, model_only=True, return_train_score=False, error_score=0.0, kwargs={})
2026-08-20 16:37:39,418:INFO:Checking exceptions
2026-08-20 16:37:39,418:INFO:Importing libraries
2026-08-20 16:37:39,418:INFO:Copying training dataset
2026-08-20 16:37:39,427:INFO:Defining folds
2026-08-20 16:37:39,428:INFO:Declaring metric variables
2026-08-20 16:37:39,428:INFO:Importing untrained model
2026-08-20 16:37:39,429:INFO:Bayesian Ridge Imported successfully
2026-08-20 16:37:39,429:INFO:Starting cross validation
2026-08-20 16:37:39,433:INFO:Cross validating with KFold(n_splits=10, random_state=None, shuffle=False), n_jobs=-1
2026-08-20 16:37:40,003:INFO:Calculating mean and std
2026-08-20 16:37:40,004:INFO:Creating metrics dataframe
2026-08-20 16:37:40,005:INFO:Uploading results into container
2026-08-20 16:37:40,006:INFO:Uploading model into container now
2026-08-20 16:37:40,006:INFO:_master_model_container: 8
2026-08-20 16:37:40,006:INFO:_display_container: 2
2026-08-20 16:37:40,007:INFO:BayesianRidge()
2026-08-20 16:37:40,007:INFO:create_model() successfully completed......................................
2026-08-20 16:37:40,110:INFO:SubProcess create_model() end ==================================
2026-08-20 16:37:40,110:INFO:Creating metrics dataframe
2026-08-20 16:37:40,116:INFO:Initializing Passive Aggressive Regressor
2026-08-20 16:37:40,116:INFO:Total runtime is 0.34941239754358927 minutes
2026-08-20 16:37:40,116:INFO:SubProcess create_model() called ==================================
2026-08-20 16:37:40,116:INFO:Initializing create_model()
2026-08-20 16:37:40,116:INFO:create_model(self=<pycaret.regression.oop.RegressionExperiment object at 0x000002880A722650>, estimator=par, fold=KFold(n_splits=10, random_state=None, shuffle=False), round=4, cross_validation=True, predict=True, fit_kwargs={}, groups=None, refit=False, probability_threshold=None, experiment_custom_tags=None, verbose=False, system=False, add_to_model_list=True, metrics=None, display=<pycaret.internal.display.display.CommonDisplay object at 0x000002880AFC6C10>, model_only=True, return_train_score=False, error_score=0.0, kwargs={})
2026-08-20 16:37:40,116:INFO:Checking exceptions
2026-08-20 16:37:40,116:INFO:Importing libraries
2026-08-20 16:37:40,116:INFO:Copying training dataset
2026-08-20 16:37:40,123:INFO:Defining folds
2026-08-20 16:37:40,123:INFO:Declaring metric variables
2026-08-20 16:37:40,123:INFO:Importing untrained model
2026-08-20 16:37:40,123:INFO:Passive Aggressive Regressor Imported successfully
2026-08-20 16:37:40,124:INFO:Starting cross validation
2026-08-20 16:37:40,126:INFO:Cross validating with KFold(n_splits=10, random_state=None, shuffle=False), n_jobs=-1
2026-08-20 16:37:40,655:INFO:Calculating mean and std
2026-08-20 16:37:40,656:INFO:Creating metrics dataframe
2026-08-20 16:37:40,658:INFO:Uploading results into container
2026-08-20 16:37:40,659:INFO:Uploading model into container now
2026-08-20 16:37:40,660:INFO:_master_model_container: 9
2026-08-20 16:37:40,660:INFO:_display_container: 2
2026-08-20 16:37:40,660:INFO:PassiveAggressiveRegressor(random_state=42)
2026-08-20 16:37:40,660:INFO:create_model() successfully completed......................................
2026-08-20 16:37:40,767:INFO:SubProcess create_model() end ==================================
2026-08-20 16:37:40,768:INFO:Creating metrics dataframe
2026-08-20 16:37:40,773:INFO:Initializing Huber Regressor
2026-08-20 16:37:40,773:INFO:Total runtime is 0.36035141547520955 minutes
2026-08-20 16:37:40,773:INFO:SubProcess create_model() called ==================================
2026-08-20 16:37:40,773:INFO:Initializing create_model()
2026-08-20 16:37:40,773:INFO:create_model(self=<pycaret.regression.oop.RegressionExperiment object at 0x000002880A722650>, estimator=huber, fold=KFold(n_splits=10, random_state=None, shuffle=False), round=4, cross_validation=True, predict=True, fit_kwargs={}, groups=None, refit=False, probability_threshold=None, experiment_custom_tags=None, verbose=False, system=False, add_to_model_list=True, metrics=None, display=<pycaret.internal.display.display.CommonDisplay object at 0x000002880AFC6C10>, model_only=True, return_train_score=False, error_score=0.0, kwargs={})
2026-08-20 16:37:40,773:INFO:Checking exceptions
2026-08-20 16:37:40,773:INFO:Importing libraries
2026-08-20 16:37:40,773:INFO:Copying training dataset
2026-08-20 16:37:40,779:INFO:Defining folds
2026-08-20 16:37:40,780:INFO:Declaring metric variables
2026-08-20 16:37:40,780:INFO:Importing untrained model
2026-08-20 16:37:40,780:INFO:Huber Regressor Imported successfully
2026-08-20 16:37:40,780:INFO:Starting cross validation
2026-08-20 16:37:40,785:INFO:Cross validating with KFold(n_splits=10, random_state=None, shuffle=False), n_jobs=-1
2026-08-20 16:37:41,344:INFO:Calculating mean and std
2026-08-20 16:37:41,345:INFO:Creating metrics dataframe
2026-08-20 16:37:41,349:INFO:Uploading results into container
2026-08-20 16:37:41,350:INFO:Uploading model into container now
2026-08-20 16:37:41,352:INFO:_master_model_container: 10
2026-08-20 16:37:41,352:INFO:_display_container: 2
2026-08-20 16:37:41,352:INFO:HuberRegressor()
2026-08-20 16:37:41,353:INFO:create_model() successfully completed......................................
2026-08-20 16:37:41,451:INFO:SubProcess create_model() end ==================================
2026-08-20 16:37:41,452:INFO:Creating metrics dataframe
2026-08-20 16:37:41,455:INFO:Initializing K Neighbors Regressor
2026-08-20 16:37:41,455:INFO:Total runtime is 0.37173237403233844 minutes
2026-08-20 16:37:41,455:INFO:SubProcess create_model() called ==================================
2026-08-20 16:37:41,455:INFO:Initializing create_model()
2026-08-20 16:37:41,455:INFO:create_model(self=<pycaret.regression.oop.RegressionExperiment object at 0x000002880A722650>, estimator=knn, fold=KFold(n_splits=10, random_state=None, shuffle=False), round=4, cross_validation=True, predict=True, fit_kwargs={}, groups=None, refit=False, probability_threshold=None, experiment_custom_tags=None, verbose=False, system=False, add_to_model_list=True, metrics=None, display=<pycaret.internal.display.display.CommonDisplay object at 0x000002880AFC6C10>, model_only=True, return_train_score=False, error_score=0.0, kwargs={})
2026-08-20 16:37:41,456:INFO:Checking exceptions
2026-08-20 16:37:41,456:INFO:Importing libraries
2026-08-20 16:37:41,456:INFO:Copying training dataset
2026-08-20 16:37:41,464:INFO:Defining folds
2026-08-20 16:37:41,464:INFO:Declaring metric variables
2026-08-20 16:37:41,464:INFO:Importing untrained model
2026-08-20 16:37:41,465:INFO:K Neighbors Regressor Imported successfully
2026-08-20 16:37:41,465:INFO:Starting cross validation
2026-08-20 16:37:41,468:INFO:Cross validating with KFold(n_splits=10, random_state=None, shuffle=False), n_jobs=-1
2026-08-20 16:37:41,942:INFO:Calculating mean and std
2026-08-20 16:37:41,943:INFO:Creating metrics dataframe
2026-08-20 16:37:41,945:INFO:Uploading results into container
2026-08-20 16:37:41,945:INFO:Uploading model into container now
2026-08-20 16:37:41,946:INFO:_master_model_container: 11
2026-08-20 16:37:41,946:INFO:_display_container: 2
2026-08-20 16:37:41,946:INFO:KNeighborsRegressor(n_jobs=-1)
2026-08-20 16:37:41,946:INFO:create_model() successfully completed......................................
2026-08-20 16:37:42,045:INFO:SubProcess create_model() end ==================================
2026-08-20 16:37:42,046:INFO:Creating metrics dataframe
2026-08-20 16:37:42,050:INFO:Initializing Decision Tree Regressor
2026-08-20 16:37:42,050:INFO:Total runtime is 0.38164442380269364 minutes
2026-08-20 16:37:42,050:INFO:SubProcess create_model() called ==================================
2026-08-20 16:37:42,051:INFO:Initializing create_model()
2026-08-20 16:37:42,051:INFO:create_model(self=<pycaret.regression.oop.RegressionExperiment object at 0x000002880A722650>, estimator=dt, fold=KFold(n_splits=10, random_state=None, shuffle=False), round=4, cross_validation=True, predict=True, fit_kwargs={}, groups=None, refit=False, probability_threshold=None, experiment_custom_tags=None, verbose=False, system=False, add_to_model_list=True, metrics=None, display=<pycaret.internal.display.display.CommonDisplay object at 0x000002880AFC6C10>, model_only=True, return_train_score=False, error_score=0.0, kwargs={})
2026-08-20 16:37:42,051:INFO:Checking exceptions
2026-08-20 16:37:42,051:INFO:Importing libraries
2026-08-20 16:37:42,051:INFO:Copying training dataset
2026-08-20 16:37:42,058:INFO:Defining folds
2026-08-20 16:37:42,058:INFO:Declaring metric variables
2026-08-20 16:37:42,060:INFO:Importing untrained model
2026-08-20 16:37:42,060:INFO:Decision Tree Regressor Imported successfully
2026-08-20 16:37:42,060:INFO:Starting cross validation
2026-08-20 16:37:42,063:INFO:Cross validating with KFold(n_splits=10, random_state=None, shuffle=False), n_jobs=-1
2026-08-20 16:37:42,676:INFO:Calculating mean and std
2026-08-20 16:37:42,677:INFO:Creating metrics dataframe
2026-08-20 16:37:42,679:INFO:Uploading results into container
2026-08-20 16:37:42,680:INFO:Uploading model into container now
2026-08-20 16:37:42,680:INFO:_master_model_container: 12
2026-08-20 16:37:42,680:INFO:_display_container: 2
2026-08-20 16:37:42,680:INFO:DecisionTreeRegressor(random_state=42)
2026-08-20 16:37:42,680:INFO:create_model() successfully completed......................................
2026-08-20 16:37:42,786:INFO:SubProcess create_model() end ==================================
2026-08-20 16:37:42,787:INFO:Creating metrics dataframe
2026-08-20 16:37:42,792:INFO:Initializing Random Forest Regressor
2026-08-20 16:37:42,792:INFO:Total runtime is 0.39400168657302853 minutes
2026-08-20 16:37:42,793:INFO:SubProcess create_model() called ==================================
2026-08-20 16:37:42,793:INFO:Initializing create_model()
2026-08-20 16:37:42,793:INFO:create_model(self=<pycaret.regression.oop.RegressionExperiment object at 0x000002880A722650>, estimator=rf, fold=KFold(n_splits=10, random_state=None, shuffle=False), round=4, cross_validation=True, predict=True, fit_kwargs={}, groups=None, refit=False, probability_threshold=None, experiment_custom_tags=None, verbose=False, system=False, add_to_model_list=True, metrics=None, display=<pycaret.internal.display.display.CommonDisplay object at 0x000002880AFC6C10>, model_only=True, return_train_score=False, error_score=0.0, kwargs={})
2026-08-20 16:37:42,793:INFO:Checking exceptions
2026-08-20 16:37:42,793:INFO:Importing libraries
2026-08-20 16:37:42,793:INFO:Copying training dataset
2026-08-20 16:37:42,801:INFO:Defining folds
2026-08-20 16:37:42,801:INFO:Declaring metric variables
2026-08-20 16:37:42,801:INFO:Importing untrained model
2026-08-20 16:37:42,802:INFO:Random Forest Regressor Imported successfully
2026-08-20 16:37:42,802:INFO:Starting cross validation
2026-08-20 16:37:42,807:INFO:Cross validating with KFold(n_splits=10, random_state=None, shuffle=False), n_jobs=-1
2026-08-20 16:37:43,894:INFO:Calculating mean and std
2026-08-20 16:37:43,895:INFO:Creating metrics dataframe
2026-08-20 16:37:43,897:INFO:Uploading results into container
2026-08-20 16:37:43,898:INFO:Uploading model into container now
2026-08-20 16:37:43,899:INFO:_master_model_container: 13
2026-08-20 16:37:43,899:INFO:_display_container: 2
2026-08-20 16:37:43,899:INFO:RandomForestRegressor(n_jobs=-1, random_state=42)
2026-08-20 16:37:43,899:INFO:create_model() successfully completed......................................
2026-08-20 16:37:44,013:INFO:SubProcess create_model() end ==================================
2026-08-20 16:37:44,013:INFO:Creating metrics dataframe
2026-08-20 16:37:44,018:INFO:Initializing Extra Trees Regressor
2026-08-20 16:37:44,018:INFO:Total runtime is 0.41444503466288246 minutes
2026-08-20 16:37:44,019:INFO:SubProcess create_model() called ==================================
2026-08-20 16:37:44,020:INFO:Initializing create_model()
2026-08-20 16:37:44,020:INFO:create_model(self=<pycaret.regression.oop.RegressionExperiment object at 0x000002880A722650>, estimator=et, fold=KFold(n_splits=10, random_state=None, shuffle=False), round=4, cross_validation=True, predict=True, fit_kwargs={}, groups=None, refit=False, probability_threshold=None, experiment_custom_tags=None, verbose=False, system=False, add_to_model_list=True, metrics=None, display=<pycaret.internal.display.display.CommonDisplay object at 0x000002880AFC6C10>, model_only=True, return_train_score=False, error_score=0.0, kwargs={})
2026-08-20 16:37:44,020:INFO:Checking exceptions
2026-08-20 16:37:44,021:INFO:Importing libraries
2026-08-20 16:37:44,022:INFO:Copying training dataset
2026-08-20 16:37:44,033:INFO:Defining folds
2026-08-20 16:37:44,034:INFO:Declaring metric variables
2026-08-20 16:37:44,034:INFO:Importing untrained model
2026-08-20 16:37:44,034:INFO:Extra Trees Regressor Imported successfully
2026-08-20 16:37:44,034:INFO:Starting cross validation
2026-08-20 16:37:44,037:INFO:Cross validating with KFold(n_splits=10, random_state=None, shuffle=False), n_jobs=-1
2026-08-20 16:37:45,037:INFO:Calculating mean and std
2026-08-20 16:37:45,038:INFO:Creating metrics dataframe
2026-08-20 16:37:45,040:INFO:Uploading results into container
2026-08-20 16:37:45,041:INFO:Uploading model into container now
2026-08-20 16:37:45,042:INFO:_master_model_container: 14
2026-08-20 16:37:45,042:INFO:_display_container: 2
2026-08-20 16:37:45,043:INFO:ExtraTreesRegressor(n_jobs=-1, random_state=42)
2026-08-20 16:37:45,043:INFO:create_model() successfully completed......................................
2026-08-20 16:37:45,166:INFO:SubProcess create_model() end ==================================
2026-08-20 16:37:45,167:INFO:Creating metrics dataframe
2026-08-20 16:37:45,173:INFO:Initializing AdaBoost Regressor
2026-08-20 16:37:45,173:INFO:Total runtime is 0.4336878538131714 minutes
2026-08-20 16:37:45,173:INFO:SubProcess create_model() called ==================================
2026-08-20 16:37:45,174:INFO:Initializing create_model()
2026-08-20 16:37:45,174:INFO:create_model(self=<pycaret.regression.oop.RegressionExperiment object at 0x000002880A722650>, estimator=ada, fold=KFold(n_splits=10, random_state=None, shuffle=False), round=4, cross_validation=True, predict=True, fit_kwargs={}, groups=None, refit=False, probability_threshold=None, experiment_custom_tags=None, verbose=False, system=False, add_to_model_list=True, metrics=None, display=<pycaret.internal.display.display.CommonDisplay object at 0x000002880AFC6C10>, model_only=True, return_train_score=False, error_score=0.0, kwargs={})
2026-08-20 16:37:45,174:INFO:Checking exceptions
2026-08-20 16:37:45,174:INFO:Importing libraries
2026-08-20 16:37:45,174:INFO:Copying training dataset
2026-08-20 16:37:45,179:INFO:Defining folds
2026-08-20 16:37:45,180:INFO:Declaring metric variables
2026-08-20 16:37:45,180:INFO:Importing untrained model
2026-08-20 16:37:45,180:INFO:AdaBoost Regressor Imported successfully
2026-08-20 16:37:45,180:INFO:Starting cross validation
2026-08-20 16:37:45,183:INFO:Cross validating with KFold(n_splits=10, random_state=None, shuffle=False), n_jobs=-1
2026-08-20 16:37:45,927:INFO:Calculating mean and std
2026-08-20 16:37:45,927:INFO:Creating metrics dataframe
2026-08-20 16:37:45,929:INFO:Uploading results into container
2026-08-20 16:37:45,930:INFO:Uploading model into container now
2026-08-20 16:37:45,930:INFO:_master_model_container: 15
2026-08-20 16:37:45,930:INFO:_display_container: 2
2026-08-20 16:37:45,930:INFO:AdaBoostRegressor(random_state=42)
2026-08-20 16:37:45,930:INFO:create_model() successfully completed......................................
2026-08-20 16:37:46,029:INFO:SubProcess create_model() end ==================================
2026-08-20 16:37:46,030:INFO:Creating metrics dataframe
2026-08-20 16:37:46,034:INFO:Initializing Gradient Boosting Regressor
2026-08-20 16:37:46,034:INFO:Total runtime is 0.44803680181503297 minutes
2026-08-20 16:37:46,034:INFO:SubProcess create_model() called ==================================
2026-08-20 16:37:46,035:INFO:Initializing create_model()
2026-08-20 16:37:46,035:INFO:create_model(self=<pycaret.regression.oop.RegressionExperiment object at 0x000002880A722650>, estimator=gbr, fold=KFold(n_splits=10, random_state=None, shuffle=False), round=4, cross_validation=True, predict=True, fit_kwargs={}, groups=None, refit=False, probability_threshold=None, experiment_custom_tags=None, verbose=False, system=False, add_to_model_list=True, metrics=None, display=<pycaret.internal.display.display.CommonDisplay object at 0x000002880AFC6C10>, model_only=True, return_train_score=False, error_score=0.0, kwargs={})
2026-08-20 16:37:46,035:INFO:Checking exceptions
2026-08-20 16:37:46,035:INFO:Importing libraries
2026-08-20 16:37:46,035:INFO:Copying training dataset
2026-08-20 16:37:46,043:INFO:Defining folds
2026-08-20 16:37:46,044:INFO:Declaring metric variables
2026-08-20 16:37:46,044:INFO:Importing untrained model
2026-08-20 16:37:46,044:INFO:Gradient Boosting Regressor Imported successfully
2026-08-20 16:37:46,045:INFO:Starting cross validation
2026-08-20 16:37:46,048:INFO:Cross validating with KFold(n_splits=10, random_state=None, shuffle=False), n_jobs=-1
2026-08-20 16:37:46,829:INFO:Calculating mean and std
2026-08-20 16:37:46,831:INFO:Creating metrics dataframe
2026-08-20 16:37:46,832:INFO:Uploading results into container
2026-08-20 16:37:46,833:INFO:Uploading model into container now
2026-08-20 16:37:46,833:INFO:_master_model_container: 16
2026-08-20 16:37:46,833:INFO:_display_container: 2
2026-08-20 16:37:46,834:INFO:GradientBoostingRegressor(random_state=42)
2026-08-20 16:37:46,834:INFO:create_model() successfully completed......................................
2026-08-20 16:37:46,941:INFO:SubProcess create_model() end ==================================
2026-08-20 16:37:46,941:INFO:Creating metrics dataframe
2026-08-20 16:37:46,945:INFO:Initializing Light Gradient Boosting Machine
2026-08-20 16:37:46,945:INFO:Total runtime is 0.46321707566579184 minutes
2026-08-20 16:37:46,946:INFO:SubProcess create_model() called ==================================
2026-08-20 16:37:46,946:INFO:Initializing create_model()
2026-08-20 16:37:46,946:INFO:create_model(self=<pycaret.regression.oop.RegressionExperiment object at 0x000002880A722650>, estimator=lightgbm, fold=KFold(n_splits=10, random_state=None, shuffle=False), round=4, cross_validation=True, predict=True, fit_kwargs={}, groups=None, refit=False, probability_threshold=None, experiment_custom_tags=None, verbose=False, system=False, add_to_model_list=True, metrics=None, display=<pycaret.internal.display.display.CommonDisplay object at 0x000002880AFC6C10>, model_only=True, return_train_score=False, error_score=0.0, kwargs={})
2026-08-20 16:37:46,946:INFO:Checking exceptions
2026-08-20 16:37:46,946:INFO:Importing libraries
2026-08-20 16:37:46,947:INFO:Copying training dataset
2026-08-20 16:37:46,955:INFO:Defining folds
2026-08-20 16:37:46,955:INFO:Declaring metric variables
2026-08-20 16:37:46,955:INFO:Importing untrained model
2026-08-20 16:37:46,956:INFO:Light Gradient Boosting Machine Imported successfully
2026-08-20 16:37:46,957:INFO:Starting cross validation
2026-08-20 16:37:46,960:INFO:Cross validating with KFold(n_splits=10, random_state=None, shuffle=False), n_jobs=-1
2026-08-20 16:37:47,516:WARNING:create_model() for lightgbm raised an exception or returned all 0.0, trying without fit_kwargs:
2026-08-20 16:37:47,558:WARNING:Traceback (most recent call last):
  File "C:\Users\knish\PycharmProjects\AutoML-Smart-Prediction\.venv\Lib\site-packages\pycaret\internal\pycaret_experiment\supervised_experiment.py", line 794, in compare_models
    model, model_fit_time = self._create_model(**create_model_args)
                            ^^^^^^^^^^^^^^^^^^^^^^^^^^^^^^^^^^^^^^^
  File "C:\Users\knish\PycharmProjects\AutoML-Smart-Prediction\.venv\Lib\site-packages\pycaret\internal\pycaret_experiment\supervised_experiment.py", line 1533, in _create_model
    model, model_fit_time, model_results, _ = self._create_model_with_cv(
                                              ^^^^^^^^^^^^^^^^^^^^^^^^^^^
  File "C:\Users\knish\PycharmProjects\AutoML-Smart-Prediction\.venv\Lib\site-packages\pycaret\internal\pycaret_experiment\supervised_experiment.py", line 1126, in _create_model_with_cv
    scores = cross_validate(
             ^^^^^^^^^^^^^^^
  File "C:\Users\knish\PycharmProjects\AutoML-Smart-Prediction\.venv\Lib\site-packages\sklearn\utils\_param_validation.py", line 213, in wrapper
    return func(*args, **kwargs)
           ^^^^^^^^^^^^^^^^^^^^^
  File "C:\Users\knish\PycharmProjects\AutoML-Smart-Prediction\.venv\Lib\site-packages\sklearn\model_selection\_validation.py", line 450, in cross_validate
    _warn_or_raise_about_fit_failures(results, error_score)
  File "C:\Users\knish\PycharmProjects\AutoML-Smart-Prediction\.venv\Lib\site-packages\sklearn\model_selection\_validation.py", line 536, in _warn_or_raise_about_fit_failures
    raise ValueError(all_fits_failed_message)
ValueError: 
All the 10 fits failed.
It is very likely that your model is misconfigured.
You can try to debug the error by setting error_score='raise'.

Below are more details about the failures:
--------------------------------------------------------------------------------
10 fits failed with the following error:
Traceback (most recent call last):
  File "C:\Users\knish\PycharmProjects\AutoML-Smart-Prediction\.venv\Lib\site-packages\sklearn\model_selection\_validation.py", line 895, in _fit_and_score
    estimator.fit(X_train, y_train, **fit_params)
  File "C:\Users\knish\PycharmProjects\AutoML-Smart-Prediction\.venv\Lib\site-packages\pycaret\internal\pipeline.py", line 278, in fit
    fitted_estimator = self._memory_fit(
                       ^^^^^^^^^^^^^^^^^
  File "C:\Users\knish\PycharmProjects\AutoML-Smart-Prediction\.venv\Lib\site-packages\joblib\memory.py", line 353, in __call__
    return self.func(*args, **kwargs)
           ^^^^^^^^^^^^^^^^^^^^^^^^^^
  File "C:\Users\knish\PycharmProjects\AutoML-Smart-Prediction\.venv\Lib\site-packages\pycaret\internal\pipeline.py", line 69, in _fit_one
    transformer.fit(*args)
  File "C:\Users\knish\PycharmProjects\AutoML-Smart-Prediction\.venv\Lib\site-packages\lightgbm\sklearn.py", line 1536, in fit
    super().fit(
  File "C:\Users\knish\PycharmProjects\AutoML-Smart-Prediction\.venv\Lib\site-packages\lightgbm\sklearn.py", line 1171, in fit
    self._Booster = train(
                    ^^^^^^
  File "C:\Users\knish\PycharmProjects\AutoML-Smart-Prediction\.venv\Lib\site-packages\lightgbm\engine.py", line 296, in train
    booster = Booster(params=params, train_set=train_set)
              ^^^^^^^^^^^^^^^^^^^^^^^^^^^^^^^^^^^^^^^^^^^
  File "C:\Users\knish\PycharmProjects\AutoML-Smart-Prediction\.venv\Lib\site-packages\lightgbm\basic.py", line 3758, in __init__
    train_set.construct()
  File "C:\Users\knish\PycharmProjects\AutoML-Smart-Prediction\.venv\Lib\site-packages\lightgbm\basic.py", line 2574, in construct
    self._lazy_init(
  File "C:\Users\knish\PycharmProjects\AutoML-Smart-Prediction\.venv\Lib\site-packages\lightgbm\basic.py", line 2189, in _lazy_init
    self.set_label(label)
  File "C:\Users\knish\PycharmProjects\AutoML-Smart-Prediction\.venv\Lib\site-packages\lightgbm\basic.py", line 3097, in set_label
    self.set_field("label", label_array)
  File "C:\Users\knish\PycharmProjects\AutoML-Smart-Prediction\.venv\Lib\site-packages\lightgbm\basic.py", line 2860, in set_field
    _LIB.LGBM_DatasetSetField(
OSError: exception: access violation reading 0x0000000000000000


2026-08-20 16:37:47,558:INFO:Initializing create_model()
2026-08-20 16:37:47,558:INFO:create_model(self=<pycaret.regression.oop.RegressionExperiment object at 0x000002880A722650>, estimator=lightgbm, fold=KFold(n_splits=10, random_state=None, shuffle=False), round=4, cross_validation=True, predict=True, fit_kwargs={}, groups=None, refit=False, probability_threshold=None, experiment_custom_tags=None, verbose=False, system=False, add_to_model_list=True, metrics=None, display=<pycaret.internal.display.display.CommonDisplay object at 0x000002880AFC6C10>, model_only=True, return_train_score=False, error_score=0.0, kwargs={})
2026-08-20 16:37:47,558:INFO:Checking exceptions
2026-08-20 16:37:47,558:INFO:Importing libraries
2026-08-20 16:37:47,559:INFO:Copying training dataset
2026-08-20 16:37:47,564:INFO:Defining folds
2026-08-20 16:37:47,564:INFO:Declaring metric variables
2026-08-20 16:37:47,564:INFO:Importing untrained model
2026-08-20 16:37:47,564:INFO:Light Gradient Boosting Machine Imported successfully
2026-08-20 16:37:47,565:INFO:Starting cross validation
2026-08-20 16:37:47,567:INFO:Cross validating with KFold(n_splits=10, random_state=None, shuffle=False), n_jobs=-1
2026-08-20 16:37:47,992:ERROR:create_model() for lightgbm raised an exception or returned all 0.0:
2026-08-20 16:37:47,994:ERROR:Traceback (most recent call last):
  File "C:\Users\knish\PycharmProjects\AutoML-Smart-Prediction\.venv\Lib\site-packages\pycaret\internal\pycaret_experiment\supervised_experiment.py", line 794, in compare_models
    model, model_fit_time = self._create_model(**create_model_args)
                            ^^^^^^^^^^^^^^^^^^^^^^^^^^^^^^^^^^^^^^^
  File "C:\Users\knish\PycharmProjects\AutoML-Smart-Prediction\.venv\Lib\site-packages\pycaret\internal\pycaret_experiment\supervised_experiment.py", line 1533, in _create_model
    model, model_fit_time, model_results, _ = self._create_model_with_cv(
                                              ^^^^^^^^^^^^^^^^^^^^^^^^^^^
  File "C:\Users\knish\PycharmProjects\AutoML-Smart-Prediction\.venv\Lib\site-packages\pycaret\internal\pycaret_experiment\supervised_experiment.py", line 1126, in _create_model_with_cv
    scores = cross_validate(
             ^^^^^^^^^^^^^^^
  File "C:\Users\knish\PycharmProjects\AutoML-Smart-Prediction\.venv\Lib\site-packages\sklearn\utils\_param_validation.py", line 213, in wrapper
    return func(*args, **kwargs)
           ^^^^^^^^^^^^^^^^^^^^^
  File "C:\Users\knish\PycharmProjects\AutoML-Smart-Prediction\.venv\Lib\site-packages\sklearn\model_selection\_validation.py", line 450, in cross_validate
    _warn_or_raise_about_fit_failures(results, error_score)
  File "C:\Users\knish\PycharmProjects\AutoML-Smart-Prediction\.venv\Lib\site-packages\sklearn\model_selection\_validation.py", line 536, in _warn_or_raise_about_fit_failures
    raise ValueError(all_fits_failed_message)
ValueError: 
All the 10 fits failed.
It is very likely that your model is misconfigured.
You can try to debug the error by setting error_score='raise'.

Below are more details about the failures:
--------------------------------------------------------------------------------
10 fits failed with the following error:
Traceback (most recent call last):
  File "C:\Users\knish\PycharmProjects\AutoML-Smart-Prediction\.venv\Lib\site-packages\sklearn\model_selection\_validation.py", line 895, in _fit_and_score
    estimator.fit(X_train, y_train, **fit_params)
  File "C:\Users\knish\PycharmProjects\AutoML-Smart-Prediction\.venv\Lib\site-packages\pycaret\internal\pipeline.py", line 278, in fit
    fitted_estimator = self._memory_fit(
                       ^^^^^^^^^^^^^^^^^
  File "C:\Users\knish\PycharmProjects\AutoML-Smart-Prediction\.venv\Lib\site-packages\joblib\memory.py", line 353, in __call__
    return self.func(*args, **kwargs)
           ^^^^^^^^^^^^^^^^^^^^^^^^^^
  File "C:\Users\knish\PycharmProjects\AutoML-Smart-Prediction\.venv\Lib\site-packages\pycaret\internal\pipeline.py", line 69, in _fit_one
    transformer.fit(*args)
  File "C:\Users\knish\PycharmProjects\AutoML-Smart-Prediction\.venv\Lib\site-packages\lightgbm\sklearn.py", line 1536, in fit
    super().fit(
  File "C:\Users\knish\PycharmProjects\AutoML-Smart-Prediction\.venv\Lib\site-packages\lightgbm\sklearn.py", line 1171, in fit
    self._Booster = train(
                    ^^^^^^
  File "C:\Users\knish\PycharmProjects\AutoML-Smart-Prediction\.venv\Lib\site-packages\lightgbm\engine.py", line 296, in train
    booster = Booster(params=params, train_set=train_set)
              ^^^^^^^^^^^^^^^^^^^^^^^^^^^^^^^^^^^^^^^^^^^
  File "C:\Users\knish\PycharmProjects\AutoML-Smart-Prediction\.venv\Lib\site-packages\lightgbm\basic.py", line 3758, in __init__
    train_set.construct()
  File "C:\Users\knish\PycharmProjects\AutoML-Smart-Prediction\.venv\Lib\site-packages\lightgbm\basic.py", line 2574, in construct
    self._lazy_init(
  File "C:\Users\knish\PycharmProjects\AutoML-Smart-Prediction\.venv\Lib\site-packages\lightgbm\basic.py", line 2189, in _lazy_init
    self.set_label(label)
  File "C:\Users\knish\PycharmProjects\AutoML-Smart-Prediction\.venv\Lib\site-packages\lightgbm\basic.py", line 3097, in set_label
    self.set_field("label", label_array)
  File "C:\Users\knish\PycharmProjects\AutoML-Smart-Prediction\.venv\Lib\site-packages\lightgbm\basic.py", line 2860, in set_field
    _LIB.LGBM_DatasetSetField(
OSError: exception: access violation reading 0x0000000000000000


During handling of the above exception, another exception occurred:

Traceback (most recent call last):
  File "C:\Users\knish\PycharmProjects\AutoML-Smart-Prediction\.venv\Lib\site-packages\pycaret\internal\pycaret_experiment\supervised_experiment.py", line 815, in compare_models
    model, model_fit_time = self._create_model(**create_model_args)
                            ^^^^^^^^^^^^^^^^^^^^^^^^^^^^^^^^^^^^^^^
  File "C:\Users\knish\PycharmProjects\AutoML-Smart-Prediction\.venv\Lib\site-packages\pycaret\internal\pycaret_experiment\supervised_experiment.py", line 1533, in _create_model
    model, model_fit_time, model_results, _ = self._create_model_with_cv(
                                              ^^^^^^^^^^^^^^^^^^^^^^^^^^^
  File "C:\Users\knish\PycharmProjects\AutoML-Smart-Prediction\.venv\Lib\site-packages\pycaret\internal\pycaret_experiment\supervised_experiment.py", line 1126, in _create_model_with_cv
    scores = cross_validate(
             ^^^^^^^^^^^^^^^
  File "C:\Users\knish\PycharmProjects\AutoML-Smart-Prediction\.venv\Lib\site-packages\sklearn\utils\_param_validation.py", line 213, in wrapper
    return func(*args, **kwargs)
           ^^^^^^^^^^^^^^^^^^^^^
  File "C:\Users\knish\PycharmProjects\AutoML-Smart-Prediction\.venv\Lib\site-packages\sklearn\model_selection\_validation.py", line 450, in cross_validate
    _warn_or_raise_about_fit_failures(results, error_score)
  File "C:\Users\knish\PycharmProjects\AutoML-Smart-Prediction\.venv\Lib\site-packages\sklearn\model_selection\_validation.py", line 536, in _warn_or_raise_about_fit_failures
    raise ValueError(all_fits_failed_message)
ValueError: 
All the 10 fits failed.
It is very likely that your model is misconfigured.
You can try to debug the error by setting error_score='raise'.

Below are more details about the failures:
--------------------------------------------------------------------------------
10 fits failed with the following error:
Traceback (most recent call last):
  File "C:\Users\knish\PycharmProjects\AutoML-Smart-Prediction\.venv\Lib\site-packages\sklearn\model_selection\_validation.py", line 895, in _fit_and_score
    estimator.fit(X_train, y_train, **fit_params)
  File "C:\Users\knish\PycharmProjects\AutoML-Smart-Prediction\.venv\Lib\site-packages\pycaret\internal\pipeline.py", line 278, in fit
    fitted_estimator = self._memory_fit(
                       ^^^^^^^^^^^^^^^^^
  File "C:\Users\knish\PycharmProjects\AutoML-Smart-Prediction\.venv\Lib\site-packages\joblib\memory.py", line 353, in __call__
    return self.func(*args, **kwargs)
           ^^^^^^^^^^^^^^^^^^^^^^^^^^
  File "C:\Users\knish\PycharmProjects\AutoML-Smart-Prediction\.venv\Lib\site-packages\pycaret\internal\pipeline.py", line 69, in _fit_one
    transformer.fit(*args)
  File "C:\Users\knish\PycharmProjects\AutoML-Smart-Prediction\.venv\Lib\site-packages\lightgbm\sklearn.py", line 1536, in fit
    super().fit(
  File "C:\Users\knish\PycharmProjects\AutoML-Smart-Prediction\.venv\Lib\site-packages\lightgbm\sklearn.py", line 1171, in fit
    self._Booster = train(
                    ^^^^^^
  File "C:\Users\knish\PycharmProjects\AutoML-Smart-Prediction\.venv\Lib\site-packages\lightgbm\engine.py", line 296, in train
    booster = Booster(params=params, train_set=train_set)
              ^^^^^^^^^^^^^^^^^^^^^^^^^^^^^^^^^^^^^^^^^^^
  File "C:\Users\knish\PycharmProjects\AutoML-Smart-Prediction\.venv\Lib\site-packages\lightgbm\basic.py", line 3758, in __init__
    train_set.construct()
  File "C:\Users\knish\PycharmProjects\AutoML-Smart-Prediction\.venv\Lib\site-packages\lightgbm\basic.py", line 2574, in construct
    self._lazy_init(
  File "C:\Users\knish\PycharmProjects\AutoML-Smart-Prediction\.venv\Lib\site-packages\lightgbm\basic.py", line 2189, in _lazy_init
    self.set_label(label)
  File "C:\Users\knish\PycharmProjects\AutoML-Smart-Prediction\.venv\Lib\site-packages\lightgbm\basic.py", line 3097, in set_label
    self.set_field("label", label_array)
  File "C:\Users\knish\PycharmProjects\AutoML-Smart-Prediction\.venv\Lib\site-packages\lightgbm\basic.py", line 2860, in set_field
    _LIB.LGBM_DatasetSetField(
OSError: exception: access violation reading 0x0000000000000000


2026-08-20 16:37:47,995:INFO:Initializing Dummy Regressor
2026-08-20 16:37:47,995:INFO:Total runtime is 0.4807225863138835 minutes
2026-08-20 16:37:47,995:INFO:SubProcess create_model() called ==================================
2026-08-20 16:37:47,996:INFO:Initializing create_model()
2026-08-20 16:37:47,996:INFO:create_model(self=<pycaret.regression.oop.RegressionExperiment object at 0x000002880A722650>, estimator=dummy, fold=KFold(n_splits=10, random_state=None, shuffle=False), round=4, cross_validation=True, predict=True, fit_kwargs={}, groups=None, refit=False, probability_threshold=None, experiment_custom_tags=None, verbose=False, system=False, add_to_model_list=True, metrics=None, display=<pycaret.internal.display.display.CommonDisplay object at 0x000002880AFC6C10>, model_only=True, return_train_score=False, error_score=0.0, kwargs={})
2026-08-20 16:37:47,996:INFO:Checking exceptions
2026-08-20 16:37:47,996:INFO:Importing libraries
2026-08-20 16:37:47,996:INFO:Copying training dataset
2026-08-20 16:37:48,004:INFO:Defining folds
2026-08-20 16:37:48,004:INFO:Declaring metric variables
2026-08-20 16:37:48,004:INFO:Importing untrained model
2026-08-20 16:37:48,004:INFO:Dummy Regressor Imported successfully
2026-08-20 16:37:48,005:INFO:Starting cross validation
2026-08-20 16:37:48,008:INFO:Cross validating with KFold(n_splits=10, random_state=None, shuffle=False), n_jobs=-1
2026-08-20 16:37:48,467:INFO:Calculating mean and std
2026-08-20 16:37:48,468:INFO:Creating metrics dataframe
2026-08-20 16:37:48,470:INFO:Uploading results into container
2026-08-20 16:37:48,471:INFO:Uploading model into container now
2026-08-20 16:37:48,471:INFO:_master_model_container: 17
2026-08-20 16:37:48,471:INFO:_display_container: 2
2026-08-20 16:37:48,471:INFO:DummyRegressor()
2026-08-20 16:37:48,471:INFO:create_model() successfully completed......................................
2026-08-20 16:37:48,580:INFO:SubProcess create_model() end ==================================
2026-08-20 16:37:48,580:INFO:Creating metrics dataframe
2026-08-20 16:37:48,585:WARNING:C:\Users\knish\PycharmProjects\AutoML-Smart-Prediction\.venv\Lib\site-packages\pycaret\internal\pycaret_experiment\supervised_experiment.py:339: FutureWarning: Styler.applymap has been deprecated. Use Styler.map instead.
  .applymap(highlight_cols, subset=["TT (Sec)"])

2026-08-20 16:37:48,587:INFO:Initializing create_model()
2026-08-20 16:37:48,587:INFO:create_model(self=<pycaret.regression.oop.RegressionExperiment object at 0x000002880A722650>, estimator=RandomForestRegressor(n_jobs=-1, random_state=42), fold=KFold(n_splits=10, random_state=None, shuffle=False), round=4, cross_validation=False, predict=False, fit_kwargs={}, groups=None, refit=True, probability_threshold=None, experiment_custom_tags=None, verbose=False, system=False, add_to_model_list=True, metrics=None, display=None, model_only=True, return_train_score=False, error_score=0.0, kwargs={})
2026-08-20 16:37:48,587:INFO:Checking exceptions
2026-08-20 16:37:48,588:INFO:Importing libraries
2026-08-20 16:37:48,589:INFO:Copying training dataset
2026-08-20 16:37:48,600:INFO:Defining folds
2026-08-20 16:37:48,600:INFO:Declaring metric variables
2026-08-20 16:37:48,600:INFO:Importing untrained model
2026-08-20 16:37:48,601:INFO:Declaring custom model
2026-08-20 16:37:48,601:INFO:Random Forest Regressor Imported successfully
2026-08-20 16:37:48,604:INFO:Cross validation set to False
2026-08-20 16:37:48,604:INFO:Fitting Model
2026-08-20 16:37:48,907:INFO:RandomForestRegressor(n_jobs=-1, random_state=42)
2026-08-20 16:37:48,907:INFO:create_model() successfully completed......................................
2026-08-20 16:37:49,032:INFO:_master_model_container: 17
2026-08-20 16:37:49,032:INFO:_display_container: 2
2026-08-20 16:37:49,032:INFO:RandomForestRegressor(n_jobs=-1, random_state=42)
2026-08-20 16:37:49,032:INFO:compare_models() successfully completed......................................
2026-08-20 16:37:49,033:INFO:Initializing tune_model()
2026-08-20 16:37:49,033:INFO:tune_model(self=<pycaret.regression.oop.RegressionExperiment object at 0x000002880A722650>, estimator=RandomForestRegressor(n_jobs=-1, random_state=42), fold=None, round=4, n_iter=10, custom_grid=None, optimize=RMSE, custom_scorer=None, search_library=scikit-learn, search_algorithm=None, early_stopping=False, early_stopping_max_iters=10, choose_better=True, fit_kwargs=None, groups=None, return_tuner=False, verbose=True, tuner_verbose=True, return_train_score=False, kwargs={})
2026-08-20 16:37:49,034:INFO:Checking exceptions
2026-08-20 16:37:49,037:INFO:Copying training dataset
2026-08-20 16:37:49,042:INFO:Checking base model
2026-08-20 16:37:49,043:INFO:Base model : Random Forest Regressor
2026-08-20 16:37:49,043:INFO:Declaring metric variables
2026-08-20 16:37:49,043:INFO:Defining Hyperparameters
2026-08-20 16:37:49,147:INFO:Tuning with n_jobs=-1
2026-08-20 16:37:49,147:INFO:Initializing RandomizedSearchCV
2026-08-20 16:37:58,628:INFO:best_params: {'actual_estimator__n_estimators': 280, 'actual_estimator__min_samples_split': 7, 'actual_estimator__min_samples_leaf': 2, 'actual_estimator__min_impurity_decrease': 0.01, 'actual_estimator__max_features': 1.0, 'actual_estimator__max_depth': 5, 'actual_estimator__criterion': 'squared_error', 'actual_estimator__bootstrap': True}
2026-08-20 16:37:58,628:INFO:Hyperparameter search completed
2026-08-20 16:37:58,628:INFO:SubProcess create_model() called ==================================
2026-08-20 16:37:58,628:INFO:Initializing create_model()
2026-08-20 16:37:58,628:INFO:create_model(self=<pycaret.regression.oop.RegressionExperiment object at 0x000002880A722650>, estimator=RandomForestRegressor(n_jobs=-1, random_state=42), fold=KFold(n_splits=10, random_state=None, shuffle=False), round=4, cross_validation=True, predict=True, fit_kwargs={}, groups=None, refit=True, probability_threshold=None, experiment_custom_tags=None, verbose=True, system=False, add_to_model_list=True, metrics=None, display=<pycaret.internal.display.display.CommonDisplay object at 0x000002880AFAF0D0>, model_only=True, return_train_score=False, error_score=0.0, kwargs={'n_estimators': 280, 'min_samples_split': 7, 'min_samples_leaf': 2, 'min_impurity_decrease': 0.01, 'max_features': 1.0, 'max_depth': 5, 'criterion': 'squared_error', 'bootstrap': True})
2026-08-20 16:37:58,628:INFO:Checking exceptions
2026-08-20 16:37:58,629:INFO:Importing libraries
2026-08-20 16:37:58,629:INFO:Copying training dataset
2026-08-20 16:37:58,636:INFO:Defining folds
2026-08-20 16:37:58,636:INFO:Declaring metric variables
2026-08-20 16:37:58,636:INFO:Importing untrained model
2026-08-20 16:37:58,636:INFO:Declaring custom model
2026-08-20 16:37:58,637:INFO:Random Forest Regressor Imported successfully
2026-08-20 16:37:58,637:INFO:Starting cross validation
2026-08-20 16:37:58,639:INFO:Cross validating with KFold(n_splits=10, random_state=None, shuffle=False), n_jobs=-1
2026-08-20 16:38:00,177:INFO:Calculating mean and std
2026-08-20 16:38:00,177:INFO:Creating metrics dataframe
2026-08-20 16:38:00,179:INFO:Finalizing model
2026-08-20 16:38:00,749:INFO:Uploading results into container
2026-08-20 16:38:00,750:INFO:Uploading model into container now
2026-08-20 16:38:00,750:INFO:_master_model_container: 18
2026-08-20 16:38:00,750:INFO:_display_container: 3
2026-08-20 16:38:00,752:INFO:RandomForestRegressor(max_depth=5, min_impurity_decrease=0.01,
                      min_samples_leaf=2, min_samples_split=7, n_estimators=280,
                      n_jobs=-1, random_state=42)
2026-08-20 16:38:00,752:INFO:create_model() successfully completed......................................
2026-08-20 16:38:00,857:INFO:SubProcess create_model() end ==================================
2026-08-20 16:38:00,858:INFO:choose_better activated
2026-08-20 16:38:00,858:INFO:SubProcess create_model() called ==================================
2026-08-20 16:38:00,859:INFO:Initializing create_model()
2026-08-20 16:38:00,859:INFO:create_model(self=<pycaret.regression.oop.RegressionExperiment object at 0x000002880A722650>, estimator=RandomForestRegressor(n_jobs=-1, random_state=42), fold=KFold(n_splits=10, random_state=None, shuffle=False), round=4, cross_validation=True, predict=True, fit_kwargs={}, groups=None, refit=True, probability_threshold=None, experiment_custom_tags=None, verbose=False, system=False, add_to_model_list=True, metrics=None, display=None, model_only=True, return_train_score=False, error_score=0.0, kwargs={})
2026-08-20 16:38:00,859:INFO:Checking exceptions
2026-08-20 16:38:00,860:INFO:Importing libraries
2026-08-20 16:38:00,861:INFO:Copying training dataset
2026-08-20 16:38:00,869:INFO:Defining folds
2026-08-20 16:38:00,869:INFO:Declaring metric variables
2026-08-20 16:38:00,869:INFO:Importing untrained model
2026-08-20 16:38:00,869:INFO:Declaring custom model
2026-08-20 16:38:00,870:INFO:Random Forest Regressor Imported successfully
2026-08-20 16:38:00,871:INFO:Starting cross validation
2026-08-20 16:38:00,874:INFO:Cross validating with KFold(n_splits=10, random_state=None, shuffle=False), n_jobs=-1
2026-08-20 16:38:01,985:INFO:Calculating mean and std
2026-08-20 16:38:01,986:INFO:Creating metrics dataframe
2026-08-20 16:38:01,989:INFO:Finalizing model
2026-08-20 16:38:02,298:INFO:Uploading results into container
2026-08-20 16:38:02,299:INFO:Uploading model into container now
2026-08-20 16:38:02,300:INFO:_master_model_container: 19
2026-08-20 16:38:02,300:INFO:_display_container: 4
2026-08-20 16:38:02,300:INFO:RandomForestRegressor(n_jobs=-1, random_state=42)
2026-08-20 16:38:02,300:INFO:create_model() successfully completed......................................
2026-08-20 16:38:02,404:INFO:SubProcess create_model() end ==================================
2026-08-20 16:38:02,405:INFO:RandomForestRegressor(n_jobs=-1, random_state=42) result for RMSE is 4.0089
2026-08-20 16:38:02,406:INFO:RandomForestRegressor(max_depth=5, min_impurity_decrease=0.01,
                      min_samples_leaf=2, min_samples_split=7, n_estimators=280,
                      n_jobs=-1, random_state=42) result for RMSE is 3.9657
2026-08-20 16:38:02,406:INFO:RandomForestRegressor(max_depth=5, min_impurity_decrease=0.01,
                      min_samples_leaf=2, min_samples_split=7, n_estimators=280,
                      n_jobs=-1, random_state=42) is best model
2026-08-20 16:38:02,406:INFO:choose_better completed
2026-08-20 16:38:02,419:INFO:_master_model_container: 19
2026-08-20 16:38:02,420:INFO:_display_container: 3
2026-08-20 16:38:02,421:INFO:RandomForestRegressor(max_depth=5, min_impurity_decrease=0.01,
                      min_samples_leaf=2, min_samples_split=7, n_estimators=280,
                      n_jobs=-1, random_state=42)
2026-08-20 16:38:02,421:INFO:tune_model() successfully completed......................................
2026-08-20 16:38:02,532:INFO:Initializing predict_model()
2026-08-20 16:38:02,532:INFO:predict_model(self=<pycaret.regression.oop.RegressionExperiment object at 0x000002880A722650>, estimator=RandomForestRegressor(max_depth=5, min_impurity_decrease=0.01,
                      min_samples_leaf=2, min_samples_split=7, n_estimators=280,
                      n_jobs=-1, random_state=42), probability_threshold=None, encoded_labels=False, raw_score=False, round=4, verbose=True, ml_usecase=None, preprocess=True, encode_labels=<function _SupervisedExperiment.predict_model.<locals>.encode_labels at 0x00000288094DB880>)
2026-08-20 16:38:02,532:INFO:Checking exceptions
2026-08-20 16:38:02,532:INFO:Preloading libraries
2026-08-20 16:38:02,532:INFO:Set up data.
2026-08-20 16:38:02,548:INFO:Set up index.
2026-08-20 16:38:02,678:WARNING:C:\Users\knish\PycharmProjects\AutoML-Smart-Prediction\.venv\Lib\site-packages\sklearn\metrics\_regression.py:483: FutureWarning: 'squared' is deprecated in version 1.4 and will be removed in 1.6. To calculate the root mean squared error, use the function'root_mean_squared_error'.
  warnings.warn(

2026-08-20 16:38:02,806:INFO:Initializing finalize_model()
2026-08-20 16:38:02,806:INFO:finalize_model(self=<pycaret.regression.oop.RegressionExperiment object at 0x000002880A722650>, estimator=RandomForestRegressor(max_depth=5, min_impurity_decrease=0.01,
                      min_samples_leaf=2, min_samples_split=7, n_estimators=280,
                      n_jobs=-1, random_state=42), fit_kwargs=None, groups=None, model_only=False, experiment_custom_tags=None)
2026-08-20 16:38:02,807:INFO:Finalizing RandomForestRegressor(max_depth=5, min_impurity_decrease=0.01,
                      min_samples_leaf=2, min_samples_split=7, n_estimators=280,
                      n_jobs=-1, random_state=42)
2026-08-20 16:38:02,812:INFO:Initializing create_model()
2026-08-20 16:38:02,813:INFO:create_model(self=<pycaret.regression.oop.RegressionExperiment object at 0x000002880A722650>, estimator=RandomForestRegressor(max_depth=5, min_impurity_decrease=0.01,
                      min_samples_leaf=2, min_samples_split=7, n_estimators=280,
                      n_jobs=-1, random_state=42), fold=None, round=4, cross_validation=False, predict=False, fit_kwargs={}, groups=None, refit=True, probability_threshold=None, experiment_custom_tags=None, verbose=False, system=False, add_to_model_list=False, metrics=None, display=None, model_only=False, return_train_score=False, error_score=0.0, kwargs={})
2026-08-20 16:38:02,813:INFO:Checking exceptions
2026-08-20 16:38:02,813:INFO:Importing libraries
2026-08-20 16:38:02,813:INFO:Copying training dataset
2026-08-20 16:38:02,814:INFO:Defining folds
2026-08-20 16:38:02,814:INFO:Declaring metric variables
2026-08-20 16:38:02,814:INFO:Importing untrained model
2026-08-20 16:38:02,814:INFO:Declaring custom model
2026-08-20 16:38:02,815:INFO:Random Forest Regressor Imported successfully
2026-08-20 16:38:02,819:INFO:Cross validation set to False
2026-08-20 16:38:02,819:INFO:Fitting Model
2026-08-20 16:38:03,600:INFO:Pipeline(memory=Memory(location=None),
         steps=[('numerical_imputer',
                 TransformerWrapper(include=['age', 'Medu', 'Fedu',
                                             'traveltime', 'studytime',
                                             'failures', 'famrel', 'freetime',
                                             'goout', 'Dalc', 'Walc', 'health',
                                             'absences'],
                                    transformer=SimpleImputer())),
                ('categorical_imputer',
                 TransformerWrapper(include=['school', 'sex', 'address',
                                             'famsize', 'Pstatus', 'Mjob',
                                             'Fjo...
                                             'guardian'],
                                    transformer=OneHotEncoder(cols=['Mjob',
                                                                    'Fjob',
                                                                    'reason',
                                                                    'guardian'],
                                                              handle_missing='return_nan',
                                                              use_cat_names=True))),
                ('normalize', TransformerWrapper(transformer=StandardScaler())),
                ('actual_estimator',
                 RandomForestRegressor(max_depth=5, min_impurity_decrease=0.01,
                                       min_samples_leaf=2, min_samples_split=7,
                                       n_estimators=280, n_jobs=-1,
                                       random_state=42))])
2026-08-20 16:38:03,600:INFO:create_model() successfully completed......................................
2026-08-20 16:38:03,705:INFO:_master_model_container: 19
2026-08-20 16:38:03,706:INFO:_display_container: 4
2026-08-20 16:38:03,912:INFO:Pipeline(memory=Memory(location=None),
         steps=[('numerical_imputer',
                 TransformerWrapper(include=['age', 'Medu', 'Fedu',
                                             'traveltime', 'studytime',
                                             'failures', 'famrel', 'freetime',
                                             'goout', 'Dalc', 'Walc', 'health',
                                             'absences'],
                                    transformer=SimpleImputer())),
                ('categorical_imputer',
                 TransformerWrapper(include=['school', 'sex', 'address',
                                             'famsize', 'Pstatus', 'Mjob',
                                             'Fjo...
                                             'guardian'],
                                    transformer=OneHotEncoder(cols=['Mjob',
                                                                    'Fjob',
                                                                    'reason',
                                                                    'guardian'],
                                                              handle_missing='return_nan',
                                                              use_cat_names=True))),
                ('normalize', TransformerWrapper(transformer=StandardScaler())),
                ('actual_estimator',
                 RandomForestRegressor(max_depth=5, min_impurity_decrease=0.01,
                                       min_samples_leaf=2, min_samples_split=7,
                                       n_estimators=280, n_jobs=-1,
                                       random_state=42))])
2026-08-20 16:38:03,912:INFO:finalize_model() successfully completed......................................
2026-08-20 16:38:04,356:INFO:Initializing save_model()
2026-08-20 16:38:04,357:INFO:save_model(model=Pipeline(memory=Memory(location=None),
         steps=[('numerical_imputer',
                 TransformerWrapper(include=['age', 'Medu', 'Fedu',
                                             'traveltime', 'studytime',
                                             'failures', 'famrel', 'freetime',
                                             'goout', 'Dalc', 'Walc', 'health',
                                             'absences'],
                                    transformer=SimpleImputer())),
                ('categorical_imputer',
                 TransformerWrapper(include=['school', 'sex', 'address',
                                             'famsize', 'Pstatus', 'Mjob',
                                             'Fjo...
                                             'guardian'],
                                    transformer=OneHotEncoder(cols=['Mjob',
                                                                    'Fjob',
                                                                    'reason',
                                                                    'guardian'],
                                                              handle_missing='return_nan',
                                                              use_cat_names=True))),
                ('normalize', TransformerWrapper(transformer=StandardScaler())),
                ('actual_estimator',
                 RandomForestRegressor(max_depth=5, min_impurity_decrease=0.01,
                                       min_samples_leaf=2, min_samples_split=7,
                                       n_estimators=280, n_jobs=-1,
                                       random_state=42))]), model_name=C:\Users\knish\PycharmProjects\AutoML-Smart-Prediction\models\best_model, prep_pipe_=Pipeline(memory=FastMemory(location=C:\Users\knish\AppData\Local\Temp\joblib),
         steps=[('numerical_imputer',
                 TransformerWrapper(include=['age', 'Medu', 'Fedu',
                                             'traveltime', 'studytime',
                                             'failures', 'famrel', 'freetime',
                                             'goout', 'Dalc', 'Walc', 'health',
                                             'absences'],
                                    transformer=SimpleImputer())),
                ('categorical_imputer',
                 TransformerWrapper(include=['school', 'sex', '...
dtype: int64},
                                                                        {'col': 'romantic',
                                                                         'data_type': dtype('O'),
                                                                         'mapping': no     0
yes    1
NaN   -1
dtype: int64}]))),
                ('onehot_encoding',
                 TransformerWrapper(include=['Mjob', 'Fjob', 'reason',
                                             'guardian'],
                                    transformer=OneHotEncoder(cols=['Mjob',
                                                                    'Fjob',
                                                                    'reason',
                                                                    'guardian'],
                                                              handle_missing='return_nan',
                                                              use_cat_names=True))),
                ('normalize',
                 TransformerWrapper(transformer=StandardScaler()))]), verbose=True, use_case=MLUsecase.REGRESSION, kwargs={})
2026-08-20 16:38:04,357:INFO:Adding model into prep_pipe
2026-08-20 16:38:04,357:WARNING:Only Model saved as it was a pipeline.
2026-08-20 16:38:04,474:INFO:C:\Users\knish\PycharmProjects\AutoML-Smart-Prediction\models\best_model.pkl saved in current working directory
2026-08-20 16:38:04,644:INFO:Pipeline(memory=Memory(location=None),
         steps=[('numerical_imputer',
                 TransformerWrapper(include=['age', 'Medu', 'Fedu',
                                             'traveltime', 'studytime',
                                             'failures', 'famrel', 'freetime',
                                             'goout', 'Dalc', 'Walc', 'health',
                                             'absences'],
                                    transformer=SimpleImputer())),
                ('categorical_imputer',
                 TransformerWrapper(include=['school', 'sex', 'address',
                                             'famsize', 'Pstatus', 'Mjob',
                                             'Fjo...
                                             'guardian'],
                                    transformer=OneHotEncoder(cols=['Mjob',
                                                                    'Fjob',
                                                                    'reason',
                                                                    'guardian'],
                                                              handle_missing='return_nan',
                                                              use_cat_names=True))),
                ('normalize', TransformerWrapper(transformer=StandardScaler())),
                ('actual_estimator',
                 RandomForestRegressor(max_depth=5, min_impurity_decrease=0.01,
                                       min_samples_leaf=2, min_samples_split=7,
                                       n_estimators=280, n_jobs=-1,
                                       random_state=42))])
2026-08-20 16:38:04,644:INFO:save_model() successfully completed......................................
2026-08-20 16:47:28,963:WARNING:
'cuml' is a soft dependency and not included in the pycaret installation. Please run: `pip install cuml` to install.
2026-08-20 16:47:28,970:WARNING:
'cuml' is a soft dependency and not included in the pycaret installation. Please run: `pip install cuml` to install.
2026-08-20 16:47:28,970:WARNING:
'cuml' is a soft dependency and not included in the pycaret installation. Please run: `pip install cuml` to install.
2026-08-20 16:47:28,970:WARNING:
'cuml' is a soft dependency and not included in the pycaret installation. Please run: `pip install cuml` to install.
2026-08-20 16:47:29,104:INFO:PyCaret RegressionExperiment
2026-08-20 16:47:29,104:INFO:Logging name: reg-default-name
2026-08-20 16:47:29,104:INFO:ML Usecase: MLUsecase.REGRESSION
2026-08-20 16:47:29,104:INFO:version 3.3.2
2026-08-20 16:47:29,104:INFO:Initializing setup()
2026-08-20 16:47:29,104:INFO:self.USI: db68
2026-08-20 16:47:29,104:INFO:self._variable_keys: {'y', '_available_plots', 'X', 'idx', 'log_plots_param', 'seed', 'X_train', 'y_test', 'data', 'fold_generator', 'y_train', 'fold_groups_param', 'pipeline', 'html_param', 'USI', 'logging_param', 'X_test', 'target_param', 'memory', 'fold_shuffle_param', 'transform_target_param', '_ml_usecase', 'exp_id', 'gpu_param', 'n_jobs_param', 'exp_name_log', 'gpu_n_jobs_param'}
2026-08-20 16:47:29,104:INFO:Checking environment
2026-08-20 16:47:29,104:INFO:python_version: 3.11.0
2026-08-20 16:47:29,104:INFO:python_build: ('main', 'Oct 24 2022 18:26:48')
2026-08-20 16:47:29,104:INFO:machine: AMD64
2026-08-20 16:47:29,158:INFO:platform: Windows-10-10.0.26200-SP0
2026-08-20 16:47:29,159:INFO:Memory: svmem(total=12581920768, available=1859096576, percent=85.2, used=10722824192, free=1859096576)
2026-08-20 16:47:29,159:INFO:Physical Core: 10
2026-08-20 16:47:29,159:INFO:Logical Core: 12
2026-08-20 16:47:29,159:INFO:Checking libraries
2026-08-20 16:47:29,159:INFO:System:
2026-08-20 16:47:29,159:INFO:    python: 3.11.0 (main, Oct 24 2022, 18:26:48) [MSC v.1933 64 bit (AMD64)]
2026-08-20 16:47:29,159:INFO:executable: C:\Users\knish\PycharmProjects\AutoML-Smart-Prediction\.venv\Scripts\python.exe
2026-08-20 16:47:29,159:INFO:   machine: Windows-10-10.0.26200-SP0
2026-08-20 16:47:29,159:INFO:PyCaret required dependencies:
2026-08-20 16:47:29,160:WARNING:C:\Users\knish\PycharmProjects\AutoML-Smart-Prediction\.venv\Lib\site-packages\_distutils_hack\__init__.py:30: UserWarning: Setuptools is replacing distutils. Support for replacing an already imported distutils is deprecated. In the future, this condition will fail. Register concerns at https://github.com/pypa/setuptools/issues/new?template=distutils-deprecation.yml
  warnings.warn(

2026-08-20 16:47:29,191:INFO:                 pip: 26.0.1
2026-08-20 16:47:29,191:INFO:          setuptools: 82.0.0
2026-08-20 16:47:29,191:INFO:             pycaret: 3.3.2
2026-08-20 16:47:29,191:INFO:             IPython: 9.16.1
2026-08-20 16:47:29,191:INFO:          ipywidgets: 8.1.8
2026-08-20 16:47:29,191:INFO:                tqdm: 4.70.0
2026-08-20 16:47:29,191:INFO:               numpy: 1.26.4
2026-08-20 16:47:29,191:INFO:              pandas: 2.1.4
2026-08-20 16:47:29,191:INFO:              jinja2: 3.1.6
2026-08-20 16:47:29,191:INFO:               scipy: 1.11.4
2026-08-20 16:47:29,191:INFO:              joblib: 1.3.2
2026-08-20 16:47:29,191:INFO:             sklearn: 1.4.2
2026-08-20 16:47:29,191:INFO:                pyod: 3.4.0
2026-08-20 16:47:29,191:INFO:            imblearn: 0.14.2
2026-08-20 16:47:29,191:INFO:   category_encoders: 2.7.0
2026-08-20 16:47:29,191:INFO:            lightgbm: 4.7.0
2026-08-20 16:47:29,191:INFO:               numba: 0.67.0
2026-08-20 16:47:29,191:INFO:            requests: 2.34.2
2026-08-20 16:47:29,191:INFO:          matplotlib: 3.7.5
2026-08-20 16:47:29,191:INFO:          scikitplot: 0.3.7
2026-08-20 16:47:29,191:INFO:         yellowbrick: 1.5
2026-08-20 16:47:29,191:INFO:              plotly: 6.9.0
2026-08-20 16:47:29,191:INFO:    plotly-resampler: Not installed
2026-08-20 16:47:29,191:INFO:             kaleido: 1.3.0
2026-08-20 16:47:29,191:INFO:           schemdraw: 0.15
2026-08-20 16:47:29,192:INFO:         statsmodels: 0.14.6
2026-08-20 16:47:29,192:INFO:              sktime: 0.26.0
2026-08-20 16:47:29,192:INFO:               tbats: 1.1.3
2026-08-20 16:47:29,192:INFO:            pmdarima: 2.0.4
2026-08-20 16:47:29,192:INFO:              psutil: 7.2.2
2026-08-20 16:47:29,192:INFO:          markupsafe: 3.0.3
2026-08-20 16:47:29,192:INFO:             pickle5: Not installed
2026-08-20 16:47:29,192:INFO:         cloudpickle: 3.1.2
2026-08-20 16:47:29,192:INFO:         deprecation: 2.1.0
2026-08-20 16:47:29,192:INFO:              xxhash: 4.0.0
2026-08-20 16:47:29,192:INFO:           wurlitzer: Not installed
2026-08-20 16:47:29,192:INFO:PyCaret optional dependencies:
2026-08-20 16:47:30,058:INFO:                shap: Not installed
2026-08-20 16:47:30,059:INFO:           interpret: Not installed
2026-08-20 16:47:30,059:INFO:                umap: Not installed
2026-08-20 16:47:30,059:INFO:     ydata_profiling: Not installed
2026-08-20 16:47:30,059:INFO:  explainerdashboard: Not installed
2026-08-20 16:47:30,059:INFO:             autoviz: Not installed
2026-08-20 16:47:30,059:INFO:           fairlearn: Not installed
2026-08-20 16:47:30,059:INFO:          deepchecks: Not installed
2026-08-20 16:47:30,059:INFO:             xgboost: Not installed
2026-08-20 16:47:30,059:INFO:            catboost: Not installed
2026-08-20 16:47:30,059:INFO:              kmodes: Not installed
2026-08-20 16:47:30,059:INFO:             mlxtend: Not installed
2026-08-20 16:47:30,059:INFO:       statsforecast: Not installed
2026-08-20 16:47:30,059:INFO:        tune_sklearn: Not installed
2026-08-20 16:47:30,059:INFO:                 ray: Not installed
2026-08-20 16:47:30,059:INFO:            hyperopt: Not installed
2026-08-20 16:47:30,059:INFO:              optuna: Not installed
2026-08-20 16:47:30,059:INFO:               skopt: Not installed
2026-08-20 16:47:30,060:INFO:              mlflow: Not installed
2026-08-20 16:47:30,060:INFO:              gradio: Not installed
2026-08-20 16:47:30,061:INFO:             fastapi: 0.141.1
2026-08-20 16:47:30,061:INFO:             uvicorn: 0.52.3
2026-08-20 16:47:30,061:INFO:              m2cgen: Not installed
2026-08-20 16:47:30,061:INFO:           evidently: Not installed
2026-08-20 16:47:30,061:INFO:               fugue: Not installed
2026-08-20 16:47:30,061:INFO:           streamlit: 1.61.1
2026-08-20 16:47:30,063:INFO:             prophet: Not installed
2026-08-20 16:47:30,063:INFO:None
2026-08-20 16:47:30,063:INFO:Set up data.
2026-08-20 16:47:30,077:INFO:Set up folding strategy.
2026-08-20 16:47:30,077:INFO:Set up train/test split.
2026-08-20 16:47:30,089:INFO:Set up index.
2026-08-20 16:47:30,089:INFO:Assigning column types.
2026-08-20 16:47:30,093:INFO:Engine successfully changes for model 'lr' to 'sklearn'.
2026-08-20 16:47:30,093:INFO:Engine for model 'lasso' has not been set explicitly, hence returning None.
2026-08-20 16:47:30,098:INFO:Engine for model 'ridge' has not been set explicitly, hence returning None.
2026-08-20 16:47:30,103:INFO:Engine for model 'en' has not been set explicitly, hence returning None.
2026-08-20 16:47:30,168:INFO:Engine for model 'svm' has not been set explicitly, hence returning None.
2026-08-20 16:47:30,226:INFO:Engine for model 'knn' has not been set explicitly, hence returning None.
2026-08-20 16:47:30,226:WARNING:
'xgboost' is a soft dependency and not included in the pycaret installation. Please run: `pip install xgboost` to install.
Alternately, you can install this by running `pip install pycaret[models]`
2026-08-20 16:47:30,226:WARNING:
'catboost' is a soft dependency and not included in the pycaret installation. Please run: `pip install catboost` to install.
Alternately, you can install this by running `pip install pycaret[models]`
2026-08-20 16:47:30,227:INFO:Engine for model 'lasso' has not been set explicitly, hence returning None.
2026-08-20 16:47:30,231:INFO:Engine for model 'ridge' has not been set explicitly, hence returning None.
2026-08-20 16:47:30,235:INFO:Engine for model 'en' has not been set explicitly, hence returning None.
2026-08-20 16:47:30,293:INFO:Engine for model 'svm' has not been set explicitly, hence returning None.
2026-08-20 16:47:30,336:INFO:Engine for model 'knn' has not been set explicitly, hence returning None.
2026-08-20 16:47:30,337:WARNING:
'xgboost' is a soft dependency and not included in the pycaret installation. Please run: `pip install xgboost` to install.
Alternately, you can install this by running `pip install pycaret[models]`
2026-08-20 16:47:30,337:WARNING:
'catboost' is a soft dependency and not included in the pycaret installation. Please run: `pip install catboost` to install.
Alternately, you can install this by running `pip install pycaret[models]`
2026-08-20 16:47:30,337:INFO:Engine successfully changes for model 'lasso' to 'sklearn'.
2026-08-20 16:47:30,341:INFO:Engine for model 'ridge' has not been set explicitly, hence returning None.
2026-08-20 16:47:30,345:INFO:Engine for model 'en' has not been set explicitly, hence returning None.
2026-08-20 16:47:30,419:INFO:Engine for model 'svm' has not been set explicitly, hence returning None.
2026-08-20 16:47:30,467:INFO:Engine for model 'knn' has not been set explicitly, hence returning None.
2026-08-20 16:47:30,467:WARNING:
'xgboost' is a soft dependency and not included in the pycaret installation. Please run: `pip install xgboost` to install.
Alternately, you can install this by running `pip install pycaret[models]`
2026-08-20 16:47:30,467:WARNING:
'catboost' is a soft dependency and not included in the pycaret installation. Please run: `pip install catboost` to install.
Alternately, you can install this by running `pip install pycaret[models]`
2026-08-20 16:47:30,472:INFO:Engine for model 'ridge' has not been set explicitly, hence returning None.
2026-08-20 16:47:30,478:INFO:Engine for model 'en' has not been set explicitly, hence returning None.
2026-08-20 16:47:30,544:INFO:Engine for model 'svm' has not been set explicitly, hence returning None.
2026-08-20 16:47:30,591:INFO:Engine for model 'knn' has not been set explicitly, hence returning None.
2026-08-20 16:47:30,591:WARNING:
'xgboost' is a soft dependency and not included in the pycaret installation. Please run: `pip install xgboost` to install.
Alternately, you can install this by running `pip install pycaret[models]`
2026-08-20 16:47:30,591:WARNING:
'catboost' is a soft dependency and not included in the pycaret installation. Please run: `pip install catboost` to install.
Alternately, you can install this by running `pip install pycaret[models]`
2026-08-20 16:47:30,591:INFO:Engine successfully changes for model 'ridge' to 'sklearn'.
2026-08-20 16:47:30,602:INFO:Engine for model 'en' has not been set explicitly, hence returning None.
2026-08-20 16:47:30,683:INFO:Engine for model 'svm' has not been set explicitly, hence returning None.
2026-08-20 16:47:30,733:INFO:Engine for model 'knn' has not been set explicitly, hence returning None.
2026-08-20 16:47:30,734:WARNING:
'xgboost' is a soft dependency and not included in the pycaret installation. Please run: `pip install xgboost` to install.
Alternately, you can install this by running `pip install pycaret[models]`
2026-08-20 16:47:30,734:WARNING:
'catboost' is a soft dependency and not included in the pycaret installation. Please run: `pip install catboost` to install.
Alternately, you can install this by running `pip install pycaret[models]`
2026-08-20 16:47:30,744:INFO:Engine for model 'en' has not been set explicitly, hence returning None.
2026-08-20 16:47:30,813:INFO:Engine for model 'svm' has not been set explicitly, hence returning None.
2026-08-20 16:47:30,872:INFO:Engine for model 'knn' has not been set explicitly, hence returning None.
2026-08-20 16:47:30,873:WARNING:
'xgboost' is a soft dependency and not included in the pycaret installation. Please run: `pip install xgboost` to install.
Alternately, you can install this by running `pip install pycaret[models]`
2026-08-20 16:47:30,873:WARNING:
'catboost' is a soft dependency and not included in the pycaret installation. Please run: `pip install catboost` to install.
Alternately, you can install this by running `pip install pycaret[models]`
2026-08-20 16:47:30,873:INFO:Engine successfully changes for model 'en' to 'sklearn'.
2026-08-20 16:47:30,952:INFO:Engine for model 'svm' has not been set explicitly, hence returning None.
2026-08-20 16:47:31,001:INFO:Engine for model 'knn' has not been set explicitly, hence returning None.
2026-08-20 16:47:31,001:WARNING:
'xgboost' is a soft dependency and not included in the pycaret installation. Please run: `pip install xgboost` to install.
Alternately, you can install this by running `pip install pycaret[models]`
2026-08-20 16:47:31,001:WARNING:
'catboost' is a soft dependency and not included in the pycaret installation. Please run: `pip install catboost` to install.
Alternately, you can install this by running `pip install pycaret[models]`
2026-08-20 16:47:31,068:INFO:Engine for model 'svm' has not been set explicitly, hence returning None.
2026-08-20 16:47:31,113:INFO:Engine for model 'knn' has not been set explicitly, hence returning None.
2026-08-20 16:47:31,114:WARNING:
'xgboost' is a soft dependency and not included in the pycaret installation. Please run: `pip install xgboost` to install.
Alternately, you can install this by running `pip install pycaret[models]`
2026-08-20 16:47:31,114:WARNING:
'catboost' is a soft dependency and not included in the pycaret installation. Please run: `pip install catboost` to install.
Alternately, you can install this by running `pip install pycaret[models]`
2026-08-20 16:47:31,114:INFO:Engine successfully changes for model 'knn' to 'sklearn'.
2026-08-20 16:47:31,204:INFO:Engine for model 'svm' has not been set explicitly, hence returning None.
2026-08-20 16:47:31,252:WARNING:
'xgboost' is a soft dependency and not included in the pycaret installation. Please run: `pip install xgboost` to install.
Alternately, you can install this by running `pip install pycaret[models]`
2026-08-20 16:47:31,252:WARNING:
'catboost' is a soft dependency and not included in the pycaret installation. Please run: `pip install catboost` to install.
Alternately, you can install this by running `pip install pycaret[models]`
2026-08-20 16:47:31,320:INFO:Engine for model 'svm' has not been set explicitly, hence returning None.
2026-08-20 16:47:31,364:WARNING:
'xgboost' is a soft dependency and not included in the pycaret installation. Please run: `pip install xgboost` to install.
Alternately, you can install this by running `pip install pycaret[models]`
2026-08-20 16:47:31,365:WARNING:
'catboost' is a soft dependency and not included in the pycaret installation. Please run: `pip install catboost` to install.
Alternately, you can install this by running `pip install pycaret[models]`
2026-08-20 16:47:31,365:INFO:Engine successfully changes for model 'svm' to 'sklearn'.
2026-08-20 16:47:31,475:WARNING:
'xgboost' is a soft dependency and not included in the pycaret installation. Please run: `pip install xgboost` to install.
Alternately, you can install this by running `pip install pycaret[models]`
2026-08-20 16:47:31,475:WARNING:
'catboost' is a soft dependency and not included in the pycaret installation. Please run: `pip install catboost` to install.
Alternately, you can install this by running `pip install pycaret[models]`
2026-08-20 16:47:31,605:WARNING:
'xgboost' is a soft dependency and not included in the pycaret installation. Please run: `pip install xgboost` to install.
Alternately, you can install this by running `pip install pycaret[models]`
2026-08-20 16:47:31,605:WARNING:
'catboost' is a soft dependency and not included in the pycaret installation. Please run: `pip install catboost` to install.
Alternately, you can install this by running `pip install pycaret[models]`
2026-08-20 16:47:31,614:INFO:Preparing preprocessing pipeline...
2026-08-20 16:47:31,614:INFO:Set up simple imputation.
2026-08-20 16:47:31,629:INFO:Set up encoding of ordinal features.
2026-08-20 16:47:31,657:INFO:Set up encoding of categorical features.
2026-08-20 16:47:31,657:INFO:Set up feature normalization.
2026-08-20 16:47:31,921:INFO:Finished creating preprocessing pipeline.
2026-08-20 16:47:32,078:INFO:Pipeline: Pipeline(memory=FastMemory(location=C:\Users\knish\AppData\Local\Temp\joblib),
         steps=[('numerical_imputer',
                 TransformerWrapper(include=['age', 'Medu', 'Fedu',
                                             'traveltime', 'studytime',
                                             'failures', 'famrel', 'freetime',
                                             'goout', 'Dalc', 'Walc', 'health',
                                             'absences'],
                                    transformer=SimpleImputer())),
                ('categorical_imputer',
                 TransformerWrapper(include=['school', 'sex', '...
dtype: int64},
                                                                        {'col': 'romantic',
                                                                         'data_type': dtype('O'),
                                                                         'mapping': no     0
yes    1
NaN   -1
dtype: int64}]))),
                ('onehot_encoding',
                 TransformerWrapper(include=['Mjob', 'Fjob', 'reason',
                                             'guardian'],
                                    transformer=OneHotEncoder(cols=['Mjob',
                                                                    'Fjob',
                                                                    'reason',
                                                                    'guardian'],
                                                              handle_missing='return_nan',
                                                              use_cat_names=True))),
                ('normalize',
                 TransformerWrapper(transformer=StandardScaler()))])
2026-08-20 16:47:32,078:INFO:Creating final display dataframe.
2026-08-20 16:47:32,225:INFO:Setup _display_container:                     Description             Value
0                    Session id                42
1                        Target                G3
2                   Target type        Regression
3           Original data shape         (316, 31)
4        Transformed data shape         (316, 44)
5   Transformed train set shape         (221, 44)
6    Transformed test set shape          (95, 44)
7              Numeric features                13
8          Categorical features                17
9                    Preprocess              True
10              Imputation type            simple
11           Numeric imputation              mean
12       Categorical imputation              mode
13     Maximum one-hot encoding                25
14              Encoding method              None
15                    Normalize              True
16             Normalize method            zscore
17               Fold Generator             KFold
18                  Fold Number                10
19                     CPU Jobs                -1
20                      Use GPU             False
21               Log Experiment             False
22              Experiment Name  reg-default-name
23                          USI              db68
2026-08-20 16:47:32,345:WARNING:
'xgboost' is a soft dependency and not included in the pycaret installation. Please run: `pip install xgboost` to install.
Alternately, you can install this by running `pip install pycaret[models]`
2026-08-20 16:47:32,345:WARNING:
'catboost' is a soft dependency and not included in the pycaret installation. Please run: `pip install catboost` to install.
Alternately, you can install this by running `pip install pycaret[models]`
2026-08-20 16:47:32,513:WARNING:
'xgboost' is a soft dependency and not included in the pycaret installation. Please run: `pip install xgboost` to install.
Alternately, you can install this by running `pip install pycaret[models]`
2026-08-20 16:47:32,514:WARNING:
'catboost' is a soft dependency and not included in the pycaret installation. Please run: `pip install catboost` to install.
Alternately, you can install this by running `pip install pycaret[models]`
2026-08-20 16:47:32,515:INFO:setup() successfully completed in 3.42s...............
2026-08-20 16:47:32,515:INFO:Initializing compare_models()
2026-08-20 16:47:32,515:INFO:compare_models(self=<pycaret.regression.oop.RegressionExperiment object at 0x0000016368BE3810>, include=None, exclude=None, fold=None, round=4, cross_validation=True, sort=RMSE, n_select=1, budget_time=None, turbo=True, errors=ignore, fit_kwargs=None, groups=None, experiment_custom_tags=None, probability_threshold=None, verbose=True, parallel=None, caller_params={'self': <pycaret.regression.oop.RegressionExperiment object at 0x0000016368BE3810>, 'include': None, 'exclude': None, 'fold': None, 'round': 4, 'cross_validation': True, 'sort': 'RMSE', 'n_select': 1, 'budget_time': None, 'turbo': True, 'errors': 'ignore', 'fit_kwargs': None, 'groups': None, 'experiment_custom_tags': None, 'engine': None, 'verbose': True, 'parallel': None, '__class__': <class 'pycaret.regression.oop.RegressionExperiment'>})
2026-08-20 16:47:32,515:INFO:Checking exceptions
2026-08-20 16:47:32,518:INFO:Preparing display monitor
2026-08-20 16:47:32,526:INFO:Initializing Linear Regression
2026-08-20 16:47:32,526:INFO:Total runtime is 0.0 minutes
2026-08-20 16:47:32,526:INFO:SubProcess create_model() called ==================================
2026-08-20 16:47:32,527:INFO:Initializing create_model()
2026-08-20 16:47:32,527:INFO:create_model(self=<pycaret.regression.oop.RegressionExperiment object at 0x0000016368BE3810>, estimator=lr, fold=KFold(n_splits=10, random_state=None, shuffle=False), round=4, cross_validation=True, predict=True, fit_kwargs={}, groups=None, refit=False, probability_threshold=None, experiment_custom_tags=None, verbose=False, system=False, add_to_model_list=True, metrics=None, display=<pycaret.internal.display.display.CommonDisplay object at 0x000001636AEFE5D0>, model_only=True, return_train_score=False, error_score=0.0, kwargs={})
2026-08-20 16:47:32,527:INFO:Checking exceptions
2026-08-20 16:47:32,527:INFO:Importing libraries
2026-08-20 16:47:32,527:INFO:Copying training dataset
2026-08-20 16:47:32,533:INFO:Defining folds
2026-08-20 16:47:32,533:INFO:Declaring metric variables
2026-08-20 16:47:32,533:INFO:Importing untrained model
2026-08-20 16:47:32,533:INFO:Linear Regression Imported successfully
2026-08-20 16:47:32,533:INFO:Starting cross validation
2026-08-20 16:47:32,553:INFO:Cross validating with KFold(n_splits=10, random_state=None, shuffle=False), n_jobs=-1
2026-08-20 16:47:42,381:WARNING:C:\Users\knish\PycharmProjects\AutoML-Smart-Prediction\.venv\Lib\site-packages\_distutils_hack\__init__.py:30: UserWarning: Setuptools is replacing distutils. Support for replacing an already imported distutils is deprecated. In the future, this condition will fail. Register concerns at https://github.com/pypa/setuptools/issues/new?template=distutils-deprecation.yml
  warnings.warn(

2026-08-20 16:47:42,382:WARNING:C:\Users\knish\PycharmProjects\AutoML-Smart-Prediction\.venv\Lib\site-packages\_distutils_hack\__init__.py:30: UserWarning: Setuptools is replacing distutils. Support for replacing an already imported distutils is deprecated. In the future, this condition will fail. Register concerns at https://github.com/pypa/setuptools/issues/new?template=distutils-deprecation.yml
  warnings.warn(

2026-08-20 16:47:42,382:WARNING:C:\Users\knish\PycharmProjects\AutoML-Smart-Prediction\.venv\Lib\site-packages\_distutils_hack\__init__.py:30: UserWarning: Setuptools is replacing distutils. Support for replacing an already imported distutils is deprecated. In the future, this condition will fail. Register concerns at https://github.com/pypa/setuptools/issues/new?template=distutils-deprecation.yml
  warnings.warn(

2026-08-20 16:47:42,383:WARNING:C:\Users\knish\PycharmProjects\AutoML-Smart-Prediction\.venv\Lib\site-packages\_distutils_hack\__init__.py:30: UserWarning: Setuptools is replacing distutils. Support for replacing an already imported distutils is deprecated. In the future, this condition will fail. Register concerns at https://github.com/pypa/setuptools/issues/new?template=distutils-deprecation.yml
  warnings.warn(

2026-08-20 16:47:42,383:WARNING:C:\Users\knish\PycharmProjects\AutoML-Smart-Prediction\.venv\Lib\site-packages\_distutils_hack\__init__.py:30: UserWarning: Setuptools is replacing distutils. Support for replacing an already imported distutils is deprecated. In the future, this condition will fail. Register concerns at https://github.com/pypa/setuptools/issues/new?template=distutils-deprecation.yml
  warnings.warn(

2026-08-20 16:47:42,384:WARNING:C:\Users\knish\PycharmProjects\AutoML-Smart-Prediction\.venv\Lib\site-packages\_distutils_hack\__init__.py:30: UserWarning: Setuptools is replacing distutils. Support for replacing an already imported distutils is deprecated. In the future, this condition will fail. Register concerns at https://github.com/pypa/setuptools/issues/new?template=distutils-deprecation.yml
  warnings.warn(

2026-08-20 16:47:42,385:WARNING:C:\Users\knish\PycharmProjects\AutoML-Smart-Prediction\.venv\Lib\site-packages\_distutils_hack\__init__.py:30: UserWarning: Setuptools is replacing distutils. Support for replacing an already imported distutils is deprecated. In the future, this condition will fail. Register concerns at https://github.com/pypa/setuptools/issues/new?template=distutils-deprecation.yml
  warnings.warn(

2026-08-20 16:47:42,385:WARNING:C:\Users\knish\PycharmProjects\AutoML-Smart-Prediction\.venv\Lib\site-packages\_distutils_hack\__init__.py:30: UserWarning: Setuptools is replacing distutils. Support for replacing an already imported distutils is deprecated. In the future, this condition will fail. Register concerns at https://github.com/pypa/setuptools/issues/new?template=distutils-deprecation.yml
  warnings.warn(

2026-08-20 16:47:42,848:INFO:Calculating mean and std
2026-08-20 16:47:42,851:INFO:Creating metrics dataframe
2026-08-20 16:47:42,859:INFO:Uploading results into container
2026-08-20 16:47:42,862:INFO:Uploading model into container now
2026-08-20 16:47:42,864:INFO:_master_model_container: 1
2026-08-20 16:47:42,864:INFO:_display_container: 2
2026-08-20 16:47:42,865:INFO:LinearRegression(n_jobs=-1)
2026-08-20 16:47:42,865:INFO:create_model() successfully completed......................................
2026-08-20 16:47:43,063:INFO:SubProcess create_model() end ==================================
2026-08-20 16:47:43,063:INFO:Creating metrics dataframe
2026-08-20 16:47:43,071:INFO:Initializing Lasso Regression
2026-08-20 16:47:43,071:INFO:Total runtime is 0.1757561484972636 minutes
2026-08-20 16:47:43,071:INFO:SubProcess create_model() called ==================================
2026-08-20 16:47:43,071:INFO:Initializing create_model()
2026-08-20 16:47:43,072:INFO:create_model(self=<pycaret.regression.oop.RegressionExperiment object at 0x0000016368BE3810>, estimator=lasso, fold=KFold(n_splits=10, random_state=None, shuffle=False), round=4, cross_validation=True, predict=True, fit_kwargs={}, groups=None, refit=False, probability_threshold=None, experiment_custom_tags=None, verbose=False, system=False, add_to_model_list=True, metrics=None, display=<pycaret.internal.display.display.CommonDisplay object at 0x000001636AEFE5D0>, model_only=True, return_train_score=False, error_score=0.0, kwargs={})
2026-08-20 16:47:43,072:INFO:Checking exceptions
2026-08-20 16:47:43,072:INFO:Importing libraries
2026-08-20 16:47:43,072:INFO:Copying training dataset
2026-08-20 16:47:43,083:INFO:Defining folds
2026-08-20 16:47:43,084:INFO:Declaring metric variables
2026-08-20 16:47:43,084:INFO:Importing untrained model
2026-08-20 16:47:43,085:INFO:Lasso Regression Imported successfully
2026-08-20 16:47:43,085:INFO:Starting cross validation
2026-08-20 16:47:43,089:INFO:Cross validating with KFold(n_splits=10, random_state=None, shuffle=False), n_jobs=-1
2026-08-20 16:47:45,688:WARNING:C:\Users\knish\PycharmProjects\AutoML-Smart-Prediction\.venv\Lib\site-packages\_distutils_hack\__init__.py:30: UserWarning: Setuptools is replacing distutils. Support for replacing an already imported distutils is deprecated. In the future, this condition will fail. Register concerns at https://github.com/pypa/setuptools/issues/new?template=distutils-deprecation.yml
  warnings.warn(

2026-08-20 16:47:45,689:WARNING:C:\Users\knish\PycharmProjects\AutoML-Smart-Prediction\.venv\Lib\site-packages\_distutils_hack\__init__.py:30: UserWarning: Setuptools is replacing distutils. Support for replacing an already imported distutils is deprecated. In the future, this condition will fail. Register concerns at https://github.com/pypa/setuptools/issues/new?template=distutils-deprecation.yml
  warnings.warn(

2026-08-20 16:47:45,959:INFO:Calculating mean and std
2026-08-20 16:47:45,960:INFO:Creating metrics dataframe
2026-08-20 16:47:45,964:INFO:Uploading results into container
2026-08-20 16:47:45,964:INFO:Uploading model into container now
2026-08-20 16:47:45,965:INFO:_master_model_container: 2
2026-08-20 16:47:45,965:INFO:_display_container: 2
2026-08-20 16:47:45,965:INFO:Lasso(random_state=42)
2026-08-20 16:47:45,965:INFO:create_model() successfully completed......................................
2026-08-20 16:47:46,105:INFO:SubProcess create_model() end ==================================
2026-08-20 16:47:46,105:INFO:Creating metrics dataframe
2026-08-20 16:47:46,112:INFO:Initializing Ridge Regression
2026-08-20 16:47:46,112:INFO:Total runtime is 0.22643144925435385 minutes
2026-08-20 16:47:46,113:INFO:SubProcess create_model() called ==================================
2026-08-20 16:47:46,113:INFO:Initializing create_model()
2026-08-20 16:47:46,113:INFO:create_model(self=<pycaret.regression.oop.RegressionExperiment object at 0x0000016368BE3810>, estimator=ridge, fold=KFold(n_splits=10, random_state=None, shuffle=False), round=4, cross_validation=True, predict=True, fit_kwargs={}, groups=None, refit=False, probability_threshold=None, experiment_custom_tags=None, verbose=False, system=False, add_to_model_list=True, metrics=None, display=<pycaret.internal.display.display.CommonDisplay object at 0x000001636AEFE5D0>, model_only=True, return_train_score=False, error_score=0.0, kwargs={})
2026-08-20 16:47:46,113:INFO:Checking exceptions
2026-08-20 16:47:46,113:INFO:Importing libraries
2026-08-20 16:47:46,114:INFO:Copying training dataset
2026-08-20 16:47:46,124:INFO:Defining folds
2026-08-20 16:47:46,124:INFO:Declaring metric variables
2026-08-20 16:47:46,124:INFO:Importing untrained model
2026-08-20 16:47:46,125:INFO:Ridge Regression Imported successfully
2026-08-20 16:47:46,125:INFO:Starting cross validation
2026-08-20 16:47:46,128:INFO:Cross validating with KFold(n_splits=10, random_state=None, shuffle=False), n_jobs=-1
2026-08-20 16:47:46,645:INFO:Calculating mean and std
2026-08-20 16:47:46,645:INFO:Creating metrics dataframe
2026-08-20 16:47:46,647:INFO:Uploading results into container
2026-08-20 16:47:46,647:INFO:Uploading model into container now
2026-08-20 16:47:46,648:INFO:_master_model_container: 3
2026-08-20 16:47:46,648:INFO:_display_container: 2
2026-08-20 16:47:46,648:INFO:Ridge(random_state=42)
2026-08-20 16:47:46,648:INFO:create_model() successfully completed......................................
2026-08-20 16:47:46,747:INFO:SubProcess create_model() end ==================================
2026-08-20 16:47:46,747:INFO:Creating metrics dataframe
2026-08-20 16:47:46,752:INFO:Initializing Elastic Net
2026-08-20 16:47:46,752:INFO:Total runtime is 0.23710256020228068 minutes
2026-08-20 16:47:46,752:INFO:SubProcess create_model() called ==================================
2026-08-20 16:47:46,753:INFO:Initializing create_model()
2026-08-20 16:47:46,753:INFO:create_model(self=<pycaret.regression.oop.RegressionExperiment object at 0x0000016368BE3810>, estimator=en, fold=KFold(n_splits=10, random_state=None, shuffle=False), round=4, cross_validation=True, predict=True, fit_kwargs={}, groups=None, refit=False, probability_threshold=None, experiment_custom_tags=None, verbose=False, system=False, add_to_model_list=True, metrics=None, display=<pycaret.internal.display.display.CommonDisplay object at 0x000001636AEFE5D0>, model_only=True, return_train_score=False, error_score=0.0, kwargs={})
2026-08-20 16:47:46,753:INFO:Checking exceptions
2026-08-20 16:47:46,753:INFO:Importing libraries
2026-08-20 16:47:46,753:INFO:Copying training dataset
2026-08-20 16:47:46,763:INFO:Defining folds
2026-08-20 16:47:46,763:INFO:Declaring metric variables
2026-08-20 16:47:46,763:INFO:Importing untrained model
2026-08-20 16:47:46,763:INFO:Elastic Net Imported successfully
2026-08-20 16:47:46,764:INFO:Starting cross validation
2026-08-20 16:47:46,768:INFO:Cross validating with KFold(n_splits=10, random_state=None, shuffle=False), n_jobs=-1
2026-08-20 16:47:47,282:INFO:Calculating mean and std
2026-08-20 16:47:47,283:INFO:Creating metrics dataframe
2026-08-20 16:47:47,284:INFO:Uploading results into container
2026-08-20 16:47:47,285:INFO:Uploading model into container now
2026-08-20 16:47:47,285:INFO:_master_model_container: 4
2026-08-20 16:47:47,285:INFO:_display_container: 2
2026-08-20 16:47:47,286:INFO:ElasticNet(random_state=42)
2026-08-20 16:47:47,286:INFO:create_model() successfully completed......................................
2026-08-20 16:47:47,383:INFO:SubProcess create_model() end ==================================
2026-08-20 16:47:47,383:INFO:Creating metrics dataframe
2026-08-20 16:47:47,387:INFO:Initializing Least Angle Regression
2026-08-20 16:47:47,387:INFO:Total runtime is 0.24769560098648072 minutes
2026-08-20 16:47:47,388:INFO:SubProcess create_model() called ==================================
2026-08-20 16:47:47,388:INFO:Initializing create_model()
2026-08-20 16:47:47,388:INFO:create_model(self=<pycaret.regression.oop.RegressionExperiment object at 0x0000016368BE3810>, estimator=lar, fold=KFold(n_splits=10, random_state=None, shuffle=False), round=4, cross_validation=True, predict=True, fit_kwargs={}, groups=None, refit=False, probability_threshold=None, experiment_custom_tags=None, verbose=False, system=False, add_to_model_list=True, metrics=None, display=<pycaret.internal.display.display.CommonDisplay object at 0x000001636AEFE5D0>, model_only=True, return_train_score=False, error_score=0.0, kwargs={})
2026-08-20 16:47:47,388:INFO:Checking exceptions
2026-08-20 16:47:47,388:INFO:Importing libraries
2026-08-20 16:47:47,388:INFO:Copying training dataset
2026-08-20 16:47:47,396:INFO:Defining folds
2026-08-20 16:47:47,397:INFO:Declaring metric variables
2026-08-20 16:47:47,397:INFO:Importing untrained model
2026-08-20 16:47:47,397:INFO:Least Angle Regression Imported successfully
2026-08-20 16:47:47,398:INFO:Starting cross validation
2026-08-20 16:47:47,400:INFO:Cross validating with KFold(n_splits=10, random_state=None, shuffle=False), n_jobs=-1
2026-08-20 16:47:47,944:INFO:Calculating mean and std
2026-08-20 16:47:47,944:INFO:Creating metrics dataframe
2026-08-20 16:47:47,946:INFO:Uploading results into container
2026-08-20 16:47:47,946:INFO:Uploading model into container now
2026-08-20 16:47:47,947:INFO:_master_model_container: 5
2026-08-20 16:47:47,947:INFO:_display_container: 2
2026-08-20 16:47:47,947:INFO:Lars(random_state=42)
2026-08-20 16:47:47,947:INFO:create_model() successfully completed......................................
2026-08-20 16:47:48,056:INFO:SubProcess create_model() end ==================================
2026-08-20 16:47:48,056:INFO:Creating metrics dataframe
2026-08-20 16:47:48,060:INFO:Initializing Lasso Least Angle Regression
2026-08-20 16:47:48,060:INFO:Total runtime is 0.2589055220286052 minutes
2026-08-20 16:47:48,061:INFO:SubProcess create_model() called ==================================
2026-08-20 16:47:48,061:INFO:Initializing create_model()
2026-08-20 16:47:48,061:INFO:create_model(self=<pycaret.regression.oop.RegressionExperiment object at 0x0000016368BE3810>, estimator=llar, fold=KFold(n_splits=10, random_state=None, shuffle=False), round=4, cross_validation=True, predict=True, fit_kwargs={}, groups=None, refit=False, probability_threshold=None, experiment_custom_tags=None, verbose=False, system=False, add_to_model_list=True, metrics=None, display=<pycaret.internal.display.display.CommonDisplay object at 0x000001636AEFE5D0>, model_only=True, return_train_score=False, error_score=0.0, kwargs={})
2026-08-20 16:47:48,061:INFO:Checking exceptions
2026-08-20 16:47:48,061:INFO:Importing libraries
2026-08-20 16:47:48,062:INFO:Copying training dataset
2026-08-20 16:47:48,069:INFO:Defining folds
2026-08-20 16:47:48,069:INFO:Declaring metric variables
2026-08-20 16:47:48,070:INFO:Importing untrained model
2026-08-20 16:47:48,070:INFO:Lasso Least Angle Regression Imported successfully
2026-08-20 16:47:48,070:INFO:Starting cross validation
2026-08-20 16:47:48,073:INFO:Cross validating with KFold(n_splits=10, random_state=None, shuffle=False), n_jobs=-1
2026-08-20 16:47:48,575:INFO:Calculating mean and std
2026-08-20 16:47:48,577:INFO:Creating metrics dataframe
2026-08-20 16:47:48,578:INFO:Uploading results into container
2026-08-20 16:47:48,579:INFO:Uploading model into container now
2026-08-20 16:47:48,579:INFO:_master_model_container: 6
2026-08-20 16:47:48,579:INFO:_display_container: 2
2026-08-20 16:47:48,579:INFO:LassoLars(random_state=42)
2026-08-20 16:47:48,580:INFO:create_model() successfully completed......................................
2026-08-20 16:47:48,679:INFO:SubProcess create_model() end ==================================
2026-08-20 16:47:48,680:INFO:Creating metrics dataframe
2026-08-20 16:47:48,683:INFO:Initializing Orthogonal Matching Pursuit
2026-08-20 16:47:48,684:INFO:Total runtime is 0.2693091789881389 minutes
2026-08-20 16:47:48,684:INFO:SubProcess create_model() called ==================================
2026-08-20 16:47:48,684:INFO:Initializing create_model()
2026-08-20 16:47:48,684:INFO:create_model(self=<pycaret.regression.oop.RegressionExperiment object at 0x0000016368BE3810>, estimator=omp, fold=KFold(n_splits=10, random_state=None, shuffle=False), round=4, cross_validation=True, predict=True, fit_kwargs={}, groups=None, refit=False, probability_threshold=None, experiment_custom_tags=None, verbose=False, system=False, add_to_model_list=True, metrics=None, display=<pycaret.internal.display.display.CommonDisplay object at 0x000001636AEFE5D0>, model_only=True, return_train_score=False, error_score=0.0, kwargs={})
2026-08-20 16:47:48,685:INFO:Checking exceptions
2026-08-20 16:47:48,685:INFO:Importing libraries
2026-08-20 16:47:48,685:INFO:Copying training dataset
2026-08-20 16:47:48,693:INFO:Defining folds
2026-08-20 16:47:48,693:INFO:Declaring metric variables
2026-08-20 16:47:48,693:INFO:Importing untrained model
2026-08-20 16:47:48,693:INFO:Orthogonal Matching Pursuit Imported successfully
2026-08-20 16:47:48,694:INFO:Starting cross validation
2026-08-20 16:47:48,699:INFO:Cross validating with KFold(n_splits=10, random_state=None, shuffle=False), n_jobs=-1
2026-08-20 16:47:49,203:INFO:Calculating mean and std
2026-08-20 16:47:49,204:INFO:Creating metrics dataframe
2026-08-20 16:47:49,206:INFO:Uploading results into container
2026-08-20 16:47:49,207:INFO:Uploading model into container now
2026-08-20 16:47:49,207:INFO:_master_model_container: 7
2026-08-20 16:47:49,207:INFO:_display_container: 2
2026-08-20 16:47:49,207:INFO:OrthogonalMatchingPursuit()
2026-08-20 16:47:49,207:INFO:create_model() successfully completed......................................
2026-08-20 16:47:49,313:INFO:SubProcess create_model() end ==================================
2026-08-20 16:47:49,314:INFO:Creating metrics dataframe
2026-08-20 16:47:49,318:INFO:Initializing Bayesian Ridge
2026-08-20 16:47:49,318:INFO:Total runtime is 0.27987914482752485 minutes
2026-08-20 16:47:49,318:INFO:SubProcess create_model() called ==================================
2026-08-20 16:47:49,319:INFO:Initializing create_model()
2026-08-20 16:47:49,319:INFO:create_model(self=<pycaret.regression.oop.RegressionExperiment object at 0x0000016368BE3810>, estimator=br, fold=KFold(n_splits=10, random_state=None, shuffle=False), round=4, cross_validation=True, predict=True, fit_kwargs={}, groups=None, refit=False, probability_threshold=None, experiment_custom_tags=None, verbose=False, system=False, add_to_model_list=True, metrics=None, display=<pycaret.internal.display.display.CommonDisplay object at 0x000001636AEFE5D0>, model_only=True, return_train_score=False, error_score=0.0, kwargs={})
2026-08-20 16:47:49,319:INFO:Checking exceptions
2026-08-20 16:47:49,319:INFO:Importing libraries
2026-08-20 16:47:49,319:INFO:Copying training dataset
2026-08-20 16:47:49,330:INFO:Defining folds
2026-08-20 16:47:49,330:INFO:Declaring metric variables
2026-08-20 16:47:49,330:INFO:Importing untrained model
2026-08-20 16:47:49,330:INFO:Bayesian Ridge Imported successfully
2026-08-20 16:47:49,331:INFO:Starting cross validation
2026-08-20 16:47:49,334:INFO:Cross validating with KFold(n_splits=10, random_state=None, shuffle=False), n_jobs=-1
2026-08-20 16:47:49,828:INFO:Calculating mean and std
2026-08-20 16:47:49,847:INFO:Creating metrics dataframe
2026-08-20 16:47:49,851:INFO:Uploading results into container
2026-08-20 16:47:49,852:INFO:Uploading model into container now
2026-08-20 16:47:49,853:INFO:_master_model_container: 8
2026-08-20 16:47:49,853:INFO:_display_container: 2
2026-08-20 16:47:49,853:INFO:BayesianRidge()
2026-08-20 16:47:49,853:INFO:create_model() successfully completed......................................
2026-08-20 16:47:49,956:INFO:SubProcess create_model() end ==================================
2026-08-20 16:47:49,957:INFO:Creating metrics dataframe
2026-08-20 16:47:49,961:INFO:Initializing Passive Aggressive Regressor
2026-08-20 16:47:49,961:INFO:Total runtime is 0.29058261712392175 minutes
2026-08-20 16:47:49,961:INFO:SubProcess create_model() called ==================================
2026-08-20 16:47:49,962:INFO:Initializing create_model()
2026-08-20 16:47:49,962:INFO:create_model(self=<pycaret.regression.oop.RegressionExperiment object at 0x0000016368BE3810>, estimator=par, fold=KFold(n_splits=10, random_state=None, shuffle=False), round=4, cross_validation=True, predict=True, fit_kwargs={}, groups=None, refit=False, probability_threshold=None, experiment_custom_tags=None, verbose=False, system=False, add_to_model_list=True, metrics=None, display=<pycaret.internal.display.display.CommonDisplay object at 0x000001636AEFE5D0>, model_only=True, return_train_score=False, error_score=0.0, kwargs={})
2026-08-20 16:47:49,962:INFO:Checking exceptions
2026-08-20 16:47:49,962:INFO:Importing libraries
2026-08-20 16:47:49,962:INFO:Copying training dataset
2026-08-20 16:47:49,970:INFO:Defining folds
2026-08-20 16:47:49,970:INFO:Declaring metric variables
2026-08-20 16:47:49,970:INFO:Importing untrained model
2026-08-20 16:47:49,971:INFO:Passive Aggressive Regressor Imported successfully
2026-08-20 16:47:49,971:INFO:Starting cross validation
2026-08-20 16:47:49,974:INFO:Cross validating with KFold(n_splits=10, random_state=None, shuffle=False), n_jobs=-1
2026-08-20 16:47:50,495:INFO:Calculating mean and std
2026-08-20 16:47:50,495:INFO:Creating metrics dataframe
2026-08-20 16:47:50,497:INFO:Uploading results into container
2026-08-20 16:47:50,497:INFO:Uploading model into container now
2026-08-20 16:47:50,498:INFO:_master_model_container: 9
2026-08-20 16:47:50,498:INFO:_display_container: 2
2026-08-20 16:47:50,498:INFO:PassiveAggressiveRegressor(random_state=42)
2026-08-20 16:47:50,498:INFO:create_model() successfully completed......................................
2026-08-20 16:47:50,591:INFO:SubProcess create_model() end ==================================
2026-08-20 16:47:50,591:INFO:Creating metrics dataframe
2026-08-20 16:47:50,596:INFO:Initializing Huber Regressor
2026-08-20 16:47:50,596:INFO:Total runtime is 0.30116366545359297 minutes
2026-08-20 16:47:50,596:INFO:SubProcess create_model() called ==================================
2026-08-20 16:47:50,597:INFO:Initializing create_model()
2026-08-20 16:47:50,597:INFO:create_model(self=<pycaret.regression.oop.RegressionExperiment object at 0x0000016368BE3810>, estimator=huber, fold=KFold(n_splits=10, random_state=None, shuffle=False), round=4, cross_validation=True, predict=True, fit_kwargs={}, groups=None, refit=False, probability_threshold=None, experiment_custom_tags=None, verbose=False, system=False, add_to_model_list=True, metrics=None, display=<pycaret.internal.display.display.CommonDisplay object at 0x000001636AEFE5D0>, model_only=True, return_train_score=False, error_score=0.0, kwargs={})
2026-08-20 16:47:50,597:INFO:Checking exceptions
2026-08-20 16:47:50,597:INFO:Importing libraries
2026-08-20 16:47:50,597:INFO:Copying training dataset
2026-08-20 16:47:50,604:INFO:Defining folds
2026-08-20 16:47:50,605:INFO:Declaring metric variables
2026-08-20 16:47:50,605:INFO:Importing untrained model
2026-08-20 16:47:50,605:INFO:Huber Regressor Imported successfully
2026-08-20 16:47:50,605:INFO:Starting cross validation
2026-08-20 16:47:50,610:INFO:Cross validating with KFold(n_splits=10, random_state=None, shuffle=False), n_jobs=-1
2026-08-20 16:47:51,120:INFO:Calculating mean and std
2026-08-20 16:47:51,121:INFO:Creating metrics dataframe
2026-08-20 16:47:51,122:INFO:Uploading results into container
2026-08-20 16:47:51,123:INFO:Uploading model into container now
2026-08-20 16:47:51,123:INFO:_master_model_container: 10
2026-08-20 16:47:51,123:INFO:_display_container: 2
2026-08-20 16:47:51,123:INFO:HuberRegressor()
2026-08-20 16:47:51,123:INFO:create_model() successfully completed......................................
2026-08-20 16:47:51,227:INFO:SubProcess create_model() end ==================================
2026-08-20 16:47:51,227:INFO:Creating metrics dataframe
2026-08-20 16:47:51,232:INFO:Initializing K Neighbors Regressor
2026-08-20 16:47:51,232:INFO:Total runtime is 0.3117685198783875 minutes
2026-08-20 16:47:51,232:INFO:SubProcess create_model() called ==================================
2026-08-20 16:47:51,233:INFO:Initializing create_model()
2026-08-20 16:47:51,233:INFO:create_model(self=<pycaret.regression.oop.RegressionExperiment object at 0x0000016368BE3810>, estimator=knn, fold=KFold(n_splits=10, random_state=None, shuffle=False), round=4, cross_validation=True, predict=True, fit_kwargs={}, groups=None, refit=False, probability_threshold=None, experiment_custom_tags=None, verbose=False, system=False, add_to_model_list=True, metrics=None, display=<pycaret.internal.display.display.CommonDisplay object at 0x000001636AEFE5D0>, model_only=True, return_train_score=False, error_score=0.0, kwargs={})
2026-08-20 16:47:51,233:INFO:Checking exceptions
2026-08-20 16:47:51,233:INFO:Importing libraries
2026-08-20 16:47:51,233:INFO:Copying training dataset
2026-08-20 16:47:51,241:INFO:Defining folds
2026-08-20 16:47:51,241:INFO:Declaring metric variables
2026-08-20 16:47:51,241:INFO:Importing untrained model
2026-08-20 16:47:51,242:INFO:K Neighbors Regressor Imported successfully
2026-08-20 16:47:51,242:INFO:Starting cross validation
2026-08-20 16:47:51,246:INFO:Cross validating with KFold(n_splits=10, random_state=None, shuffle=False), n_jobs=-1
2026-08-20 16:47:51,736:INFO:Calculating mean and std
2026-08-20 16:47:51,737:INFO:Creating metrics dataframe
2026-08-20 16:47:51,738:INFO:Uploading results into container
2026-08-20 16:47:51,739:INFO:Uploading model into container now
2026-08-20 16:47:51,740:INFO:_master_model_container: 11
2026-08-20 16:47:51,740:INFO:_display_container: 2
2026-08-20 16:47:51,740:INFO:KNeighborsRegressor(n_jobs=-1)
2026-08-20 16:47:51,740:INFO:create_model() successfully completed......................................
2026-08-20 16:47:51,831:INFO:SubProcess create_model() end ==================================
2026-08-20 16:47:51,831:INFO:Creating metrics dataframe
2026-08-20 16:47:51,835:INFO:Initializing Decision Tree Regressor
2026-08-20 16:47:51,836:INFO:Total runtime is 0.3218436121940613 minutes
2026-08-20 16:47:51,836:INFO:SubProcess create_model() called ==================================
2026-08-20 16:47:51,836:INFO:Initializing create_model()
2026-08-20 16:47:51,836:INFO:create_model(self=<pycaret.regression.oop.RegressionExperiment object at 0x0000016368BE3810>, estimator=dt, fold=KFold(n_splits=10, random_state=None, shuffle=False), round=4, cross_validation=True, predict=True, fit_kwargs={}, groups=None, refit=False, probability_threshold=None, experiment_custom_tags=None, verbose=False, system=False, add_to_model_list=True, metrics=None, display=<pycaret.internal.display.display.CommonDisplay object at 0x000001636AEFE5D0>, model_only=True, return_train_score=False, error_score=0.0, kwargs={})
2026-08-20 16:47:51,836:INFO:Checking exceptions
2026-08-20 16:47:51,836:INFO:Importing libraries
2026-08-20 16:47:51,837:INFO:Copying training dataset
2026-08-20 16:47:51,846:INFO:Defining folds
2026-08-20 16:47:51,846:INFO:Declaring metric variables
2026-08-20 16:47:51,846:INFO:Importing untrained model
2026-08-20 16:47:51,847:INFO:Decision Tree Regressor Imported successfully
2026-08-20 16:47:51,847:INFO:Starting cross validation
2026-08-20 16:47:51,853:INFO:Cross validating with KFold(n_splits=10, random_state=None, shuffle=False), n_jobs=-1
2026-08-20 16:47:52,389:INFO:Calculating mean and std
2026-08-20 16:47:52,390:INFO:Creating metrics dataframe
2026-08-20 16:47:52,391:INFO:Uploading results into container
2026-08-20 16:47:52,392:INFO:Uploading model into container now
2026-08-20 16:47:52,392:INFO:_master_model_container: 12
2026-08-20 16:47:52,392:INFO:_display_container: 2
2026-08-20 16:47:52,393:INFO:DecisionTreeRegressor(random_state=42)
2026-08-20 16:47:52,393:INFO:create_model() successfully completed......................................
2026-08-20 16:47:52,491:INFO:SubProcess create_model() end ==================================
2026-08-20 16:47:52,491:INFO:Creating metrics dataframe
2026-08-20 16:47:52,496:INFO:Initializing Random Forest Regressor
2026-08-20 16:47:52,496:INFO:Total runtime is 0.3328307747840882 minutes
2026-08-20 16:47:52,497:INFO:SubProcess create_model() called ==================================
2026-08-20 16:47:52,497:INFO:Initializing create_model()
2026-08-20 16:47:52,497:INFO:create_model(self=<pycaret.regression.oop.RegressionExperiment object at 0x0000016368BE3810>, estimator=rf, fold=KFold(n_splits=10, random_state=None, shuffle=False), round=4, cross_validation=True, predict=True, fit_kwargs={}, groups=None, refit=False, probability_threshold=None, experiment_custom_tags=None, verbose=False, system=False, add_to_model_list=True, metrics=None, display=<pycaret.internal.display.display.CommonDisplay object at 0x000001636AEFE5D0>, model_only=True, return_train_score=False, error_score=0.0, kwargs={})
2026-08-20 16:47:52,497:INFO:Checking exceptions
2026-08-20 16:47:52,497:INFO:Importing libraries
2026-08-20 16:47:52,497:INFO:Copying training dataset
2026-08-20 16:47:52,506:INFO:Defining folds
2026-08-20 16:47:52,506:INFO:Declaring metric variables
2026-08-20 16:47:52,506:INFO:Importing untrained model
2026-08-20 16:47:52,507:INFO:Random Forest Regressor Imported successfully
2026-08-20 16:47:52,507:INFO:Starting cross validation
2026-08-20 16:47:52,510:INFO:Cross validating with KFold(n_splits=10, random_state=None, shuffle=False), n_jobs=-1
2026-08-20 16:47:53,488:INFO:Calculating mean and std
2026-08-20 16:47:53,489:INFO:Creating metrics dataframe
2026-08-20 16:47:53,492:INFO:Uploading results into container
2026-08-20 16:47:53,492:INFO:Uploading model into container now
2026-08-20 16:47:53,493:INFO:_master_model_container: 13
2026-08-20 16:47:53,493:INFO:_display_container: 2
2026-08-20 16:47:53,493:INFO:RandomForestRegressor(n_jobs=-1, random_state=42)
2026-08-20 16:47:53,494:INFO:create_model() successfully completed......................................
2026-08-20 16:47:53,597:INFO:SubProcess create_model() end ==================================
2026-08-20 16:47:53,598:INFO:Creating metrics dataframe
2026-08-20 16:47:53,602:INFO:Initializing Extra Trees Regressor
2026-08-20 16:47:53,602:INFO:Total runtime is 0.3512664397557577 minutes
2026-08-20 16:47:53,602:INFO:SubProcess create_model() called ==================================
2026-08-20 16:47:53,603:INFO:Initializing create_model()
2026-08-20 16:47:53,603:INFO:create_model(self=<pycaret.regression.oop.RegressionExperiment object at 0x0000016368BE3810>, estimator=et, fold=KFold(n_splits=10, random_state=None, shuffle=False), round=4, cross_validation=True, predict=True, fit_kwargs={}, groups=None, refit=False, probability_threshold=None, experiment_custom_tags=None, verbose=False, system=False, add_to_model_list=True, metrics=None, display=<pycaret.internal.display.display.CommonDisplay object at 0x000001636AEFE5D0>, model_only=True, return_train_score=False, error_score=0.0, kwargs={})
2026-08-20 16:47:53,603:INFO:Checking exceptions
2026-08-20 16:47:53,603:INFO:Importing libraries
2026-08-20 16:47:53,603:INFO:Copying training dataset
2026-08-20 16:47:53,612:INFO:Defining folds
2026-08-20 16:47:53,612:INFO:Declaring metric variables
2026-08-20 16:47:53,613:INFO:Importing untrained model
2026-08-20 16:47:53,613:INFO:Extra Trees Regressor Imported successfully
2026-08-20 16:47:53,614:INFO:Starting cross validation
2026-08-20 16:47:53,618:INFO:Cross validating with KFold(n_splits=10, random_state=None, shuffle=False), n_jobs=-1
2026-08-20 16:47:54,547:INFO:Calculating mean and std
2026-08-20 16:47:54,547:INFO:Creating metrics dataframe
2026-08-20 16:47:54,549:INFO:Uploading results into container
2026-08-20 16:47:54,549:INFO:Uploading model into container now
2026-08-20 16:47:54,550:INFO:_master_model_container: 14
2026-08-20 16:47:54,550:INFO:_display_container: 2
2026-08-20 16:47:54,550:INFO:ExtraTreesRegressor(n_jobs=-1, random_state=42)
2026-08-20 16:47:54,550:INFO:create_model() successfully completed......................................
2026-08-20 16:47:54,645:INFO:SubProcess create_model() end ==================================
2026-08-20 16:47:54,645:INFO:Creating metrics dataframe
2026-08-20 16:47:54,650:INFO:Initializing AdaBoost Regressor
2026-08-20 16:47:54,650:INFO:Total runtime is 0.3687372048695883 minutes
2026-08-20 16:47:54,650:INFO:SubProcess create_model() called ==================================
2026-08-20 16:47:54,650:INFO:Initializing create_model()
2026-08-20 16:47:54,651:INFO:create_model(self=<pycaret.regression.oop.RegressionExperiment object at 0x0000016368BE3810>, estimator=ada, fold=KFold(n_splits=10, random_state=None, shuffle=False), round=4, cross_validation=True, predict=True, fit_kwargs={}, groups=None, refit=False, probability_threshold=None, experiment_custom_tags=None, verbose=False, system=False, add_to_model_list=True, metrics=None, display=<pycaret.internal.display.display.CommonDisplay object at 0x000001636AEFE5D0>, model_only=True, return_train_score=False, error_score=0.0, kwargs={})
2026-08-20 16:47:54,651:INFO:Checking exceptions
2026-08-20 16:47:54,651:INFO:Importing libraries
2026-08-20 16:47:54,651:INFO:Copying training dataset
2026-08-20 16:47:54,659:INFO:Defining folds
2026-08-20 16:47:54,659:INFO:Declaring metric variables
2026-08-20 16:47:54,659:INFO:Importing untrained model
2026-08-20 16:47:54,660:INFO:AdaBoost Regressor Imported successfully
2026-08-20 16:47:54,660:INFO:Starting cross validation
2026-08-20 16:47:54,663:INFO:Cross validating with KFold(n_splits=10, random_state=None, shuffle=False), n_jobs=-1
2026-08-20 16:47:55,397:INFO:Calculating mean and std
2026-08-20 16:47:55,399:INFO:Creating metrics dataframe
2026-08-20 16:47:55,400:INFO:Uploading results into container
2026-08-20 16:47:55,401:INFO:Uploading model into container now
2026-08-20 16:47:55,401:INFO:_master_model_container: 15
2026-08-20 16:47:55,401:INFO:_display_container: 2
2026-08-20 16:47:55,402:INFO:AdaBoostRegressor(random_state=42)
2026-08-20 16:47:55,402:INFO:create_model() successfully completed......................................
2026-08-20 16:47:55,508:INFO:SubProcess create_model() end ==================================
2026-08-20 16:47:55,508:INFO:Creating metrics dataframe
2026-08-20 16:47:55,512:INFO:Initializing Gradient Boosting Regressor
2026-08-20 16:47:55,512:INFO:Total runtime is 0.3831075549125672 minutes
2026-08-20 16:47:55,512:INFO:SubProcess create_model() called ==================================
2026-08-20 16:47:55,512:INFO:Initializing create_model()
2026-08-20 16:47:55,512:INFO:create_model(self=<pycaret.regression.oop.RegressionExperiment object at 0x0000016368BE3810>, estimator=gbr, fold=KFold(n_splits=10, random_state=None, shuffle=False), round=4, cross_validation=True, predict=True, fit_kwargs={}, groups=None, refit=False, probability_threshold=None, experiment_custom_tags=None, verbose=False, system=False, add_to_model_list=True, metrics=None, display=<pycaret.internal.display.display.CommonDisplay object at 0x000001636AEFE5D0>, model_only=True, return_train_score=False, error_score=0.0, kwargs={})
2026-08-20 16:47:55,513:INFO:Checking exceptions
2026-08-20 16:47:55,513:INFO:Importing libraries
2026-08-20 16:47:55,513:INFO:Copying training dataset
2026-08-20 16:47:55,519:INFO:Defining folds
2026-08-20 16:47:55,519:INFO:Declaring metric variables
2026-08-20 16:47:55,519:INFO:Importing untrained model
2026-08-20 16:47:55,520:INFO:Gradient Boosting Regressor Imported successfully
2026-08-20 16:47:55,520:INFO:Starting cross validation
2026-08-20 16:47:55,523:INFO:Cross validating with KFold(n_splits=10, random_state=None, shuffle=False), n_jobs=-1
2026-08-20 16:47:56,237:INFO:Calculating mean and std
2026-08-20 16:47:56,238:INFO:Creating metrics dataframe
2026-08-20 16:47:56,239:INFO:Uploading results into container
2026-08-20 16:47:56,240:INFO:Uploading model into container now
2026-08-20 16:47:56,240:INFO:_master_model_container: 16
2026-08-20 16:47:56,240:INFO:_display_container: 2
2026-08-20 16:47:56,241:INFO:GradientBoostingRegressor(random_state=42)
2026-08-20 16:47:56,241:INFO:create_model() successfully completed......................................
2026-08-20 16:47:56,351:INFO:SubProcess create_model() end ==================================
2026-08-20 16:47:56,351:INFO:Creating metrics dataframe
2026-08-20 16:47:56,355:INFO:Initializing Light Gradient Boosting Machine
2026-08-20 16:47:56,356:INFO:Total runtime is 0.3971759875615439 minutes
2026-08-20 16:47:56,356:INFO:SubProcess create_model() called ==================================
2026-08-20 16:47:56,356:INFO:Initializing create_model()
2026-08-20 16:47:56,357:INFO:create_model(self=<pycaret.regression.oop.RegressionExperiment object at 0x0000016368BE3810>, estimator=lightgbm, fold=KFold(n_splits=10, random_state=None, shuffle=False), round=4, cross_validation=True, predict=True, fit_kwargs={}, groups=None, refit=False, probability_threshold=None, experiment_custom_tags=None, verbose=False, system=False, add_to_model_list=True, metrics=None, display=<pycaret.internal.display.display.CommonDisplay object at 0x000001636AEFE5D0>, model_only=True, return_train_score=False, error_score=0.0, kwargs={})
2026-08-20 16:47:56,357:INFO:Checking exceptions
2026-08-20 16:47:56,357:INFO:Importing libraries
2026-08-20 16:47:56,357:INFO:Copying training dataset
2026-08-20 16:47:56,370:INFO:Defining folds
2026-08-20 16:47:56,370:INFO:Declaring metric variables
2026-08-20 16:47:56,371:INFO:Importing untrained model
2026-08-20 16:47:56,373:INFO:Light Gradient Boosting Machine Imported successfully
2026-08-20 16:47:56,373:INFO:Starting cross validation
2026-08-20 16:47:56,376:INFO:Cross validating with KFold(n_splits=10, random_state=None, shuffle=False), n_jobs=-1
2026-08-20 16:47:56,844:WARNING:create_model() for lightgbm raised an exception or returned all 0.0, trying without fit_kwargs:
2026-08-20 16:47:56,849:WARNING:Traceback (most recent call last):
  File "C:\Users\knish\PycharmProjects\AutoML-Smart-Prediction\.venv\Lib\site-packages\pycaret\internal\pycaret_experiment\supervised_experiment.py", line 794, in compare_models
    model, model_fit_time = self._create_model(**create_model_args)
                            ^^^^^^^^^^^^^^^^^^^^^^^^^^^^^^^^^^^^^^^
  File "C:\Users\knish\PycharmProjects\AutoML-Smart-Prediction\.venv\Lib\site-packages\pycaret\internal\pycaret_experiment\supervised_experiment.py", line 1533, in _create_model
    model, model_fit_time, model_results, _ = self._create_model_with_cv(
                                              ^^^^^^^^^^^^^^^^^^^^^^^^^^^
  File "C:\Users\knish\PycharmProjects\AutoML-Smart-Prediction\.venv\Lib\site-packages\pycaret\internal\pycaret_experiment\supervised_experiment.py", line 1126, in _create_model_with_cv
    scores = cross_validate(
             ^^^^^^^^^^^^^^^
  File "C:\Users\knish\PycharmProjects\AutoML-Smart-Prediction\.venv\Lib\site-packages\sklearn\utils\_param_validation.py", line 213, in wrapper
    return func(*args, **kwargs)
           ^^^^^^^^^^^^^^^^^^^^^
  File "C:\Users\knish\PycharmProjects\AutoML-Smart-Prediction\.venv\Lib\site-packages\sklearn\model_selection\_validation.py", line 450, in cross_validate
    _warn_or_raise_about_fit_failures(results, error_score)
  File "C:\Users\knish\PycharmProjects\AutoML-Smart-Prediction\.venv\Lib\site-packages\sklearn\model_selection\_validation.py", line 536, in _warn_or_raise_about_fit_failures
    raise ValueError(all_fits_failed_message)
ValueError: 
All the 10 fits failed.
It is very likely that your model is misconfigured.
You can try to debug the error by setting error_score='raise'.

Below are more details about the failures:
--------------------------------------------------------------------------------
10 fits failed with the following error:
Traceback (most recent call last):
  File "C:\Users\knish\PycharmProjects\AutoML-Smart-Prediction\.venv\Lib\site-packages\sklearn\model_selection\_validation.py", line 895, in _fit_and_score
    estimator.fit(X_train, y_train, **fit_params)
  File "C:\Users\knish\PycharmProjects\AutoML-Smart-Prediction\.venv\Lib\site-packages\pycaret\internal\pipeline.py", line 278, in fit
    fitted_estimator = self._memory_fit(
                       ^^^^^^^^^^^^^^^^^
  File "C:\Users\knish\PycharmProjects\AutoML-Smart-Prediction\.venv\Lib\site-packages\joblib\memory.py", line 353, in __call__
    return self.func(*args, **kwargs)
           ^^^^^^^^^^^^^^^^^^^^^^^^^^
  File "C:\Users\knish\PycharmProjects\AutoML-Smart-Prediction\.venv\Lib\site-packages\pycaret\internal\pipeline.py", line 69, in _fit_one
    transformer.fit(*args)
  File "C:\Users\knish\PycharmProjects\AutoML-Smart-Prediction\.venv\Lib\site-packages\lightgbm\sklearn.py", line 1536, in fit
    super().fit(
  File "C:\Users\knish\PycharmProjects\AutoML-Smart-Prediction\.venv\Lib\site-packages\lightgbm\sklearn.py", line 1171, in fit
    self._Booster = train(
                    ^^^^^^
  File "C:\Users\knish\PycharmProjects\AutoML-Smart-Prediction\.venv\Lib\site-packages\lightgbm\engine.py", line 296, in train
    booster = Booster(params=params, train_set=train_set)
              ^^^^^^^^^^^^^^^^^^^^^^^^^^^^^^^^^^^^^^^^^^^
  File "C:\Users\knish\PycharmProjects\AutoML-Smart-Prediction\.venv\Lib\site-packages\lightgbm\basic.py", line 3758, in __init__
    train_set.construct()
  File "C:\Users\knish\PycharmProjects\AutoML-Smart-Prediction\.venv\Lib\site-packages\lightgbm\basic.py", line 2574, in construct
    self._lazy_init(
  File "C:\Users\knish\PycharmProjects\AutoML-Smart-Prediction\.venv\Lib\site-packages\lightgbm\basic.py", line 2189, in _lazy_init
    self.set_label(label)
  File "C:\Users\knish\PycharmProjects\AutoML-Smart-Prediction\.venv\Lib\site-packages\lightgbm\basic.py", line 3097, in set_label
    self.set_field("label", label_array)
  File "C:\Users\knish\PycharmProjects\AutoML-Smart-Prediction\.venv\Lib\site-packages\lightgbm\basic.py", line 2860, in set_field
    _LIB.LGBM_DatasetSetField(
OSError: exception: access violation reading 0x0000000000000000


2026-08-20 16:47:56,850:INFO:Initializing create_model()
2026-08-20 16:47:56,850:INFO:create_model(self=<pycaret.regression.oop.RegressionExperiment object at 0x0000016368BE3810>, estimator=lightgbm, fold=KFold(n_splits=10, random_state=None, shuffle=False), round=4, cross_validation=True, predict=True, fit_kwargs={}, groups=None, refit=False, probability_threshold=None, experiment_custom_tags=None, verbose=False, system=False, add_to_model_list=True, metrics=None, display=<pycaret.internal.display.display.CommonDisplay object at 0x000001636AEFE5D0>, model_only=True, return_train_score=False, error_score=0.0, kwargs={})
2026-08-20 16:47:56,850:INFO:Checking exceptions
2026-08-20 16:47:56,850:INFO:Importing libraries
2026-08-20 16:47:56,850:INFO:Copying training dataset
2026-08-20 16:47:56,857:INFO:Defining folds
2026-08-20 16:47:56,857:INFO:Declaring metric variables
2026-08-20 16:47:56,857:INFO:Importing untrained model
2026-08-20 16:47:56,858:INFO:Light Gradient Boosting Machine Imported successfully
2026-08-20 16:47:56,858:INFO:Starting cross validation
2026-08-20 16:47:56,861:INFO:Cross validating with KFold(n_splits=10, random_state=None, shuffle=False), n_jobs=-1
2026-08-20 16:47:57,249:ERROR:create_model() for lightgbm raised an exception or returned all 0.0:
2026-08-20 16:47:57,252:ERROR:Traceback (most recent call last):
  File "C:\Users\knish\PycharmProjects\AutoML-Smart-Prediction\.venv\Lib\site-packages\pycaret\internal\pycaret_experiment\supervised_experiment.py", line 794, in compare_models
    model, model_fit_time = self._create_model(**create_model_args)
                            ^^^^^^^^^^^^^^^^^^^^^^^^^^^^^^^^^^^^^^^
  File "C:\Users\knish\PycharmProjects\AutoML-Smart-Prediction\.venv\Lib\site-packages\pycaret\internal\pycaret_experiment\supervised_experiment.py", line 1533, in _create_model
    model, model_fit_time, model_results, _ = self._create_model_with_cv(
                                              ^^^^^^^^^^^^^^^^^^^^^^^^^^^
  File "C:\Users\knish\PycharmProjects\AutoML-Smart-Prediction\.venv\Lib\site-packages\pycaret\internal\pycaret_experiment\supervised_experiment.py", line 1126, in _create_model_with_cv
    scores = cross_validate(
             ^^^^^^^^^^^^^^^
  File "C:\Users\knish\PycharmProjects\AutoML-Smart-Prediction\.venv\Lib\site-packages\sklearn\utils\_param_validation.py", line 213, in wrapper
    return func(*args, **kwargs)
           ^^^^^^^^^^^^^^^^^^^^^
  File "C:\Users\knish\PycharmProjects\AutoML-Smart-Prediction\.venv\Lib\site-packages\sklearn\model_selection\_validation.py", line 450, in cross_validate
    _warn_or_raise_about_fit_failures(results, error_score)
  File "C:\Users\knish\PycharmProjects\AutoML-Smart-Prediction\.venv\Lib\site-packages\sklearn\model_selection\_validation.py", line 536, in _warn_or_raise_about_fit_failures
    raise ValueError(all_fits_failed_message)
ValueError: 
All the 10 fits failed.
It is very likely that your model is misconfigured.
You can try to debug the error by setting error_score='raise'.

Below are more details about the failures:
--------------------------------------------------------------------------------
10 fits failed with the following error:
Traceback (most recent call last):
  File "C:\Users\knish\PycharmProjects\AutoML-Smart-Prediction\.venv\Lib\site-packages\sklearn\model_selection\_validation.py", line 895, in _fit_and_score
    estimator.fit(X_train, y_train, **fit_params)
  File "C:\Users\knish\PycharmProjects\AutoML-Smart-Prediction\.venv\Lib\site-packages\pycaret\internal\pipeline.py", line 278, in fit
    fitted_estimator = self._memory_fit(
                       ^^^^^^^^^^^^^^^^^
  File "C:\Users\knish\PycharmProjects\AutoML-Smart-Prediction\.venv\Lib\site-packages\joblib\memory.py", line 353, in __call__
    return self.func(*args, **kwargs)
           ^^^^^^^^^^^^^^^^^^^^^^^^^^
  File "C:\Users\knish\PycharmProjects\AutoML-Smart-Prediction\.venv\Lib\site-packages\pycaret\internal\pipeline.py", line 69, in _fit_one
    transformer.fit(*args)
  File "C:\Users\knish\PycharmProjects\AutoML-Smart-Prediction\.venv\Lib\site-packages\lightgbm\sklearn.py", line 1536, in fit
    super().fit(
  File "C:\Users\knish\PycharmProjects\AutoML-Smart-Prediction\.venv\Lib\site-packages\lightgbm\sklearn.py", line 1171, in fit
    self._Booster = train(
                    ^^^^^^
  File "C:\Users\knish\PycharmProjects\AutoML-Smart-Prediction\.venv\Lib\site-packages\lightgbm\engine.py", line 296, in train
    booster = Booster(params=params, train_set=train_set)
              ^^^^^^^^^^^^^^^^^^^^^^^^^^^^^^^^^^^^^^^^^^^
  File "C:\Users\knish\PycharmProjects\AutoML-Smart-Prediction\.venv\Lib\site-packages\lightgbm\basic.py", line 3758, in __init__
    train_set.construct()
  File "C:\Users\knish\PycharmProjects\AutoML-Smart-Prediction\.venv\Lib\site-packages\lightgbm\basic.py", line 2574, in construct
    self._lazy_init(
  File "C:\Users\knish\PycharmProjects\AutoML-Smart-Prediction\.venv\Lib\site-packages\lightgbm\basic.py", line 2189, in _lazy_init
    self.set_label(label)
  File "C:\Users\knish\PycharmProjects\AutoML-Smart-Prediction\.venv\Lib\site-packages\lightgbm\basic.py", line 3097, in set_label
    self.set_field("label", label_array)
  File "C:\Users\knish\PycharmProjects\AutoML-Smart-Prediction\.venv\Lib\site-packages\lightgbm\basic.py", line 2860, in set_field
    _LIB.LGBM_DatasetSetField(
OSError: exception: access violation reading 0x0000000000000000


During handling of the above exception, another exception occurred:

Traceback (most recent call last):
  File "C:\Users\knish\PycharmProjects\AutoML-Smart-Prediction\.venv\Lib\site-packages\pycaret\internal\pycaret_experiment\supervised_experiment.py", line 815, in compare_models
    model, model_fit_time = self._create_model(**create_model_args)
                            ^^^^^^^^^^^^^^^^^^^^^^^^^^^^^^^^^^^^^^^
  File "C:\Users\knish\PycharmProjects\AutoML-Smart-Prediction\.venv\Lib\site-packages\pycaret\internal\pycaret_experiment\supervised_experiment.py", line 1533, in _create_model
    model, model_fit_time, model_results, _ = self._create_model_with_cv(
                                              ^^^^^^^^^^^^^^^^^^^^^^^^^^^
  File "C:\Users\knish\PycharmProjects\AutoML-Smart-Prediction\.venv\Lib\site-packages\pycaret\internal\pycaret_experiment\supervised_experiment.py", line 1126, in _create_model_with_cv
    scores = cross_validate(
             ^^^^^^^^^^^^^^^
  File "C:\Users\knish\PycharmProjects\AutoML-Smart-Prediction\.venv\Lib\site-packages\sklearn\utils\_param_validation.py", line 213, in wrapper
    return func(*args, **kwargs)
           ^^^^^^^^^^^^^^^^^^^^^
  File "C:\Users\knish\PycharmProjects\AutoML-Smart-Prediction\.venv\Lib\site-packages\sklearn\model_selection\_validation.py", line 450, in cross_validate
    _warn_or_raise_about_fit_failures(results, error_score)
  File "C:\Users\knish\PycharmProjects\AutoML-Smart-Prediction\.venv\Lib\site-packages\sklearn\model_selection\_validation.py", line 536, in _warn_or_raise_about_fit_failures
    raise ValueError(all_fits_failed_message)
ValueError: 
All the 10 fits failed.
It is very likely that your model is misconfigured.
You can try to debug the error by setting error_score='raise'.

Below are more details about the failures:
--------------------------------------------------------------------------------
10 fits failed with the following error:
Traceback (most recent call last):
  File "C:\Users\knish\PycharmProjects\AutoML-Smart-Prediction\.venv\Lib\site-packages\sklearn\model_selection\_validation.py", line 895, in _fit_and_score
    estimator.fit(X_train, y_train, **fit_params)
  File "C:\Users\knish\PycharmProjects\AutoML-Smart-Prediction\.venv\Lib\site-packages\pycaret\internal\pipeline.py", line 278, in fit
    fitted_estimator = self._memory_fit(
                       ^^^^^^^^^^^^^^^^^
  File "C:\Users\knish\PycharmProjects\AutoML-Smart-Prediction\.venv\Lib\site-packages\joblib\memory.py", line 353, in __call__
    return self.func(*args, **kwargs)
           ^^^^^^^^^^^^^^^^^^^^^^^^^^
  File "C:\Users\knish\PycharmProjects\AutoML-Smart-Prediction\.venv\Lib\site-packages\pycaret\internal\pipeline.py", line 69, in _fit_one
    transformer.fit(*args)
  File "C:\Users\knish\PycharmProjects\AutoML-Smart-Prediction\.venv\Lib\site-packages\lightgbm\sklearn.py", line 1536, in fit
    super().fit(
  File "C:\Users\knish\PycharmProjects\AutoML-Smart-Prediction\.venv\Lib\site-packages\lightgbm\sklearn.py", line 1171, in fit
    self._Booster = train(
                    ^^^^^^
  File "C:\Users\knish\PycharmProjects\AutoML-Smart-Prediction\.venv\Lib\site-packages\lightgbm\engine.py", line 296, in train
    booster = Booster(params=params, train_set=train_set)
              ^^^^^^^^^^^^^^^^^^^^^^^^^^^^^^^^^^^^^^^^^^^
  File "C:\Users\knish\PycharmProjects\AutoML-Smart-Prediction\.venv\Lib\site-packages\lightgbm\basic.py", line 3758, in __init__
    train_set.construct()
  File "C:\Users\knish\PycharmProjects\AutoML-Smart-Prediction\.venv\Lib\site-packages\lightgbm\basic.py", line 2574, in construct
    self._lazy_init(
  File "C:\Users\knish\PycharmProjects\AutoML-Smart-Prediction\.venv\Lib\site-packages\lightgbm\basic.py", line 2189, in _lazy_init
    self.set_label(label)
  File "C:\Users\knish\PycharmProjects\AutoML-Smart-Prediction\.venv\Lib\site-packages\lightgbm\basic.py", line 3097, in set_label
    self.set_field("label", label_array)
  File "C:\Users\knish\PycharmProjects\AutoML-Smart-Prediction\.venv\Lib\site-packages\lightgbm\basic.py", line 2860, in set_field
    _LIB.LGBM_DatasetSetField(
OSError: exception: access violation reading 0x0000000000000000


2026-08-20 16:47:57,252:INFO:Initializing Dummy Regressor
2026-08-20 16:47:57,252:INFO:Total runtime is 0.41210895379384366 minutes
2026-08-20 16:47:57,253:INFO:SubProcess create_model() called ==================================
2026-08-20 16:47:57,253:INFO:Initializing create_model()
2026-08-20 16:47:57,253:INFO:create_model(self=<pycaret.regression.oop.RegressionExperiment object at 0x0000016368BE3810>, estimator=dummy, fold=KFold(n_splits=10, random_state=None, shuffle=False), round=4, cross_validation=True, predict=True, fit_kwargs={}, groups=None, refit=False, probability_threshold=None, experiment_custom_tags=None, verbose=False, system=False, add_to_model_list=True, metrics=None, display=<pycaret.internal.display.display.CommonDisplay object at 0x000001636AEFE5D0>, model_only=True, return_train_score=False, error_score=0.0, kwargs={})
2026-08-20 16:47:57,253:INFO:Checking exceptions
2026-08-20 16:47:57,253:INFO:Importing libraries
2026-08-20 16:47:57,253:INFO:Copying training dataset
2026-08-20 16:47:57,261:INFO:Defining folds
2026-08-20 16:47:57,261:INFO:Declaring metric variables
2026-08-20 16:47:57,261:INFO:Importing untrained model
2026-08-20 16:47:57,261:INFO:Dummy Regressor Imported successfully
2026-08-20 16:47:57,262:INFO:Starting cross validation
2026-08-20 16:47:57,265:INFO:Cross validating with KFold(n_splits=10, random_state=None, shuffle=False), n_jobs=-1
2026-08-20 16:47:57,728:INFO:Calculating mean and std
2026-08-20 16:47:57,730:INFO:Creating metrics dataframe
2026-08-20 16:47:57,731:INFO:Uploading results into container
2026-08-20 16:47:57,732:INFO:Uploading model into container now
2026-08-20 16:47:57,732:INFO:_master_model_container: 17
2026-08-20 16:47:57,732:INFO:_display_container: 2
2026-08-20 16:47:57,732:INFO:DummyRegressor()
2026-08-20 16:47:57,733:INFO:create_model() successfully completed......................................
2026-08-20 16:47:57,840:INFO:SubProcess create_model() end ==================================
2026-08-20 16:47:57,841:INFO:Creating metrics dataframe
2026-08-20 16:47:57,847:WARNING:C:\Users\knish\PycharmProjects\AutoML-Smart-Prediction\.venv\Lib\site-packages\pycaret\internal\pycaret_experiment\supervised_experiment.py:339: FutureWarning: Styler.applymap has been deprecated. Use Styler.map instead.
  .applymap(highlight_cols, subset=["TT (Sec)"])

2026-08-20 16:47:57,851:INFO:Initializing create_model()
2026-08-20 16:47:57,851:INFO:create_model(self=<pycaret.regression.oop.RegressionExperiment object at 0x0000016368BE3810>, estimator=RandomForestRegressor(n_jobs=-1, random_state=42), fold=KFold(n_splits=10, random_state=None, shuffle=False), round=4, cross_validation=False, predict=False, fit_kwargs={}, groups=None, refit=True, probability_threshold=None, experiment_custom_tags=None, verbose=False, system=False, add_to_model_list=True, metrics=None, display=None, model_only=True, return_train_score=False, error_score=0.0, kwargs={})
2026-08-20 16:47:57,852:INFO:Checking exceptions
2026-08-20 16:47:57,853:INFO:Importing libraries
2026-08-20 16:47:57,854:INFO:Copying training dataset
2026-08-20 16:47:57,865:INFO:Defining folds
2026-08-20 16:47:57,865:INFO:Declaring metric variables
2026-08-20 16:47:57,866:INFO:Importing untrained model
2026-08-20 16:47:57,866:INFO:Declaring custom model
2026-08-20 16:47:57,867:INFO:Random Forest Regressor Imported successfully
2026-08-20 16:47:57,870:INFO:Cross validation set to False
2026-08-20 16:47:57,871:INFO:Fitting Model
2026-08-20 16:47:58,225:INFO:RandomForestRegressor(n_jobs=-1, random_state=42)
2026-08-20 16:47:58,225:INFO:create_model() successfully completed......................................
2026-08-20 16:47:58,344:INFO:_master_model_container: 17
2026-08-20 16:47:58,344:INFO:_display_container: 2
2026-08-20 16:47:58,345:INFO:RandomForestRegressor(n_jobs=-1, random_state=42)
2026-08-20 16:47:58,346:INFO:compare_models() successfully completed......................................
2026-08-20 16:47:58,347:INFO:Initializing tune_model()
2026-08-20 16:47:58,347:INFO:tune_model(self=<pycaret.regression.oop.RegressionExperiment object at 0x0000016368BE3810>, estimator=RandomForestRegressor(n_jobs=-1, random_state=42), fold=None, round=4, n_iter=10, custom_grid=None, optimize=RMSE, custom_scorer=None, search_library=scikit-learn, search_algorithm=None, early_stopping=False, early_stopping_max_iters=10, choose_better=True, fit_kwargs=None, groups=None, return_tuner=False, verbose=True, tuner_verbose=True, return_train_score=False, kwargs={})
2026-08-20 16:47:58,348:INFO:Checking exceptions
2026-08-20 16:47:58,352:INFO:Copying training dataset
2026-08-20 16:47:58,357:INFO:Checking base model
2026-08-20 16:47:58,357:INFO:Base model : Random Forest Regressor
2026-08-20 16:47:58,358:INFO:Declaring metric variables
2026-08-20 16:47:58,358:INFO:Defining Hyperparameters
2026-08-20 16:47:58,470:INFO:Tuning with n_jobs=-1
2026-08-20 16:47:58,470:INFO:Initializing RandomizedSearchCV
2026-08-20 16:48:07,074:INFO:best_params: {'actual_estimator__n_estimators': 280, 'actual_estimator__min_samples_split': 7, 'actual_estimator__min_samples_leaf': 2, 'actual_estimator__min_impurity_decrease': 0.01, 'actual_estimator__max_features': 1.0, 'actual_estimator__max_depth': 5, 'actual_estimator__criterion': 'squared_error', 'actual_estimator__bootstrap': True}
2026-08-20 16:48:07,074:INFO:Hyperparameter search completed
2026-08-20 16:48:07,074:INFO:SubProcess create_model() called ==================================
2026-08-20 16:48:07,076:INFO:Initializing create_model()
2026-08-20 16:48:07,076:INFO:create_model(self=<pycaret.regression.oop.RegressionExperiment object at 0x0000016368BE3810>, estimator=RandomForestRegressor(n_jobs=-1, random_state=42), fold=KFold(n_splits=10, random_state=None, shuffle=False), round=4, cross_validation=True, predict=True, fit_kwargs={}, groups=None, refit=True, probability_threshold=None, experiment_custom_tags=None, verbose=True, system=False, add_to_model_list=True, metrics=None, display=<pycaret.internal.display.display.CommonDisplay object at 0x0000016369EF2A50>, model_only=True, return_train_score=False, error_score=0.0, kwargs={'n_estimators': 280, 'min_samples_split': 7, 'min_samples_leaf': 2, 'min_impurity_decrease': 0.01, 'max_features': 1.0, 'max_depth': 5, 'criterion': 'squared_error', 'bootstrap': True})
2026-08-20 16:48:07,076:INFO:Checking exceptions
2026-08-20 16:48:07,076:INFO:Importing libraries
2026-08-20 16:48:07,076:INFO:Copying training dataset
2026-08-20 16:48:07,085:INFO:Defining folds
2026-08-20 16:48:07,085:INFO:Declaring metric variables
2026-08-20 16:48:07,086:INFO:Importing untrained model
2026-08-20 16:48:07,086:INFO:Declaring custom model
2026-08-20 16:48:07,087:INFO:Random Forest Regressor Imported successfully
2026-08-20 16:48:07,087:INFO:Starting cross validation
2026-08-20 16:48:07,089:INFO:Cross validating with KFold(n_splits=10, random_state=None, shuffle=False), n_jobs=-1
2026-08-20 16:48:08,509:INFO:Calculating mean and std
2026-08-20 16:48:08,509:INFO:Creating metrics dataframe
2026-08-20 16:48:08,513:INFO:Finalizing model
2026-08-20 16:48:09,054:INFO:Uploading results into container
2026-08-20 16:48:09,055:INFO:Uploading model into container now
2026-08-20 16:48:09,056:INFO:_master_model_container: 18
2026-08-20 16:48:09,056:INFO:_display_container: 3
2026-08-20 16:48:09,057:INFO:RandomForestRegressor(max_depth=5, min_impurity_decrease=0.01,
                      min_samples_leaf=2, min_samples_split=7, n_estimators=280,
                      n_jobs=-1, random_state=42)
2026-08-20 16:48:09,057:INFO:create_model() successfully completed......................................
2026-08-20 16:48:09,153:INFO:SubProcess create_model() end ==================================
2026-08-20 16:48:09,154:INFO:choose_better activated
2026-08-20 16:48:09,154:INFO:SubProcess create_model() called ==================================
2026-08-20 16:48:09,155:INFO:Initializing create_model()
2026-08-20 16:48:09,155:INFO:create_model(self=<pycaret.regression.oop.RegressionExperiment object at 0x0000016368BE3810>, estimator=RandomForestRegressor(n_jobs=-1, random_state=42), fold=KFold(n_splits=10, random_state=None, shuffle=False), round=4, cross_validation=True, predict=True, fit_kwargs={}, groups=None, refit=True, probability_threshold=None, experiment_custom_tags=None, verbose=False, system=False, add_to_model_list=True, metrics=None, display=None, model_only=True, return_train_score=False, error_score=0.0, kwargs={})
2026-08-20 16:48:09,155:INFO:Checking exceptions
2026-08-20 16:48:09,156:INFO:Importing libraries
2026-08-20 16:48:09,157:INFO:Copying training dataset
2026-08-20 16:48:09,165:INFO:Defining folds
2026-08-20 16:48:09,165:INFO:Declaring metric variables
2026-08-20 16:48:09,165:INFO:Importing untrained model
2026-08-20 16:48:09,165:INFO:Declaring custom model
2026-08-20 16:48:09,166:INFO:Random Forest Regressor Imported successfully
2026-08-20 16:48:09,166:INFO:Starting cross validation
2026-08-20 16:48:09,169:INFO:Cross validating with KFold(n_splits=10, random_state=None, shuffle=False), n_jobs=-1
2026-08-20 16:48:10,143:INFO:Calculating mean and std
2026-08-20 16:48:10,143:INFO:Creating metrics dataframe
2026-08-20 16:48:10,145:INFO:Finalizing model
2026-08-20 16:48:10,472:INFO:Uploading results into container
2026-08-20 16:48:10,473:INFO:Uploading model into container now
2026-08-20 16:48:10,473:INFO:_master_model_container: 19
2026-08-20 16:48:10,473:INFO:_display_container: 4
2026-08-20 16:48:10,474:INFO:RandomForestRegressor(n_jobs=-1, random_state=42)
2026-08-20 16:48:10,474:INFO:create_model() successfully completed......................................
2026-08-20 16:48:10,563:INFO:SubProcess create_model() end ==================================
2026-08-20 16:48:10,564:INFO:RandomForestRegressor(n_jobs=-1, random_state=42) result for RMSE is 4.0089
2026-08-20 16:48:10,565:INFO:RandomForestRegressor(max_depth=5, min_impurity_decrease=0.01,
                      min_samples_leaf=2, min_samples_split=7, n_estimators=280,
                      n_jobs=-1, random_state=42) result for RMSE is 3.9657
2026-08-20 16:48:10,566:INFO:RandomForestRegressor(max_depth=5, min_impurity_decrease=0.01,
                      min_samples_leaf=2, min_samples_split=7, n_estimators=280,
                      n_jobs=-1, random_state=42) is best model
2026-08-20 16:48:10,566:INFO:choose_better completed
2026-08-20 16:48:10,578:INFO:_master_model_container: 19
2026-08-20 16:48:10,578:INFO:_display_container: 3
2026-08-20 16:48:10,579:INFO:RandomForestRegressor(max_depth=5, min_impurity_decrease=0.01,
                      min_samples_leaf=2, min_samples_split=7, n_estimators=280,
                      n_jobs=-1, random_state=42)
2026-08-20 16:48:10,579:INFO:tune_model() successfully completed......................................
2026-08-20 16:48:10,689:INFO:Initializing predict_model()
2026-08-20 16:48:10,689:INFO:predict_model(self=<pycaret.regression.oop.RegressionExperiment object at 0x0000016368BE3810>, estimator=RandomForestRegressor(max_depth=5, min_impurity_decrease=0.01,
                      min_samples_leaf=2, min_samples_split=7, n_estimators=280,
                      n_jobs=-1, random_state=42), probability_threshold=None, encoded_labels=False, raw_score=False, round=4, verbose=True, ml_usecase=None, preprocess=True, encode_labels=<function _SupervisedExperiment.predict_model.<locals>.encode_labels at 0x0000016368CAB880>)
2026-08-20 16:48:10,689:INFO:Checking exceptions
2026-08-20 16:48:10,689:INFO:Preloading libraries
2026-08-20 16:48:10,689:INFO:Set up data.
2026-08-20 16:48:10,703:INFO:Set up index.
2026-08-20 16:48:10,792:WARNING:C:\Users\knish\PycharmProjects\AutoML-Smart-Prediction\.venv\Lib\site-packages\sklearn\metrics\_regression.py:483: FutureWarning: 'squared' is deprecated in version 1.4 and will be removed in 1.6. To calculate the root mean squared error, use the function'root_mean_squared_error'.
  warnings.warn(

2026-08-20 16:48:10,967:INFO:Initializing finalize_model()
2026-08-20 16:48:10,967:INFO:finalize_model(self=<pycaret.regression.oop.RegressionExperiment object at 0x0000016368BE3810>, estimator=RandomForestRegressor(max_depth=5, min_impurity_decrease=0.01,
                      min_samples_leaf=2, min_samples_split=7, n_estimators=280,
                      n_jobs=-1, random_state=42), fit_kwargs=None, groups=None, model_only=False, experiment_custom_tags=None)
2026-08-20 16:48:10,968:INFO:Finalizing RandomForestRegressor(max_depth=5, min_impurity_decrease=0.01,
                      min_samples_leaf=2, min_samples_split=7, n_estimators=280,
                      n_jobs=-1, random_state=42)
2026-08-20 16:48:10,972:INFO:Initializing create_model()
2026-08-20 16:48:10,972:INFO:create_model(self=<pycaret.regression.oop.RegressionExperiment object at 0x0000016368BE3810>, estimator=RandomForestRegressor(max_depth=5, min_impurity_decrease=0.01,
                      min_samples_leaf=2, min_samples_split=7, n_estimators=280,
                      n_jobs=-1, random_state=42), fold=None, round=4, cross_validation=False, predict=False, fit_kwargs={}, groups=None, refit=True, probability_threshold=None, experiment_custom_tags=None, verbose=False, system=False, add_to_model_list=False, metrics=None, display=None, model_only=False, return_train_score=False, error_score=0.0, kwargs={})
2026-08-20 16:48:10,972:INFO:Checking exceptions
2026-08-20 16:48:10,973:INFO:Importing libraries
2026-08-20 16:48:10,973:INFO:Copying training dataset
2026-08-20 16:48:10,973:INFO:Defining folds
2026-08-20 16:48:10,973:INFO:Declaring metric variables
2026-08-20 16:48:10,974:INFO:Importing untrained model
2026-08-20 16:48:10,974:INFO:Declaring custom model
2026-08-20 16:48:10,974:INFO:Random Forest Regressor Imported successfully
2026-08-20 16:48:10,978:INFO:Cross validation set to False
2026-08-20 16:48:10,978:INFO:Fitting Model
2026-08-20 16:48:11,665:INFO:Pipeline(memory=Memory(location=None),
         steps=[('numerical_imputer',
                 TransformerWrapper(include=['age', 'Medu', 'Fedu',
                                             'traveltime', 'studytime',
                                             'failures', 'famrel', 'freetime',
                                             'goout', 'Dalc', 'Walc', 'health',
                                             'absences'],
                                    transformer=SimpleImputer())),
                ('categorical_imputer',
                 TransformerWrapper(include=['school', 'sex', 'address',
                                             'famsize', 'Pstatus', 'Mjob',
                                             'Fjo...
                                             'guardian'],
                                    transformer=OneHotEncoder(cols=['Mjob',
                                                                    'Fjob',
                                                                    'reason',
                                                                    'guardian'],
                                                              handle_missing='return_nan',
                                                              use_cat_names=True))),
                ('normalize', TransformerWrapper(transformer=StandardScaler())),
                ('actual_estimator',
                 RandomForestRegressor(max_depth=5, min_impurity_decrease=0.01,
                                       min_samples_leaf=2, min_samples_split=7,
                                       n_estimators=280, n_jobs=-1,
                                       random_state=42))])
2026-08-20 16:48:11,665:INFO:create_model() successfully completed......................................
2026-08-20 16:48:11,758:INFO:_master_model_container: 19
2026-08-20 16:48:11,759:INFO:_display_container: 4
2026-08-20 16:48:11,898:INFO:Pipeline(memory=Memory(location=None),
         steps=[('numerical_imputer',
                 TransformerWrapper(include=['age', 'Medu', 'Fedu',
                                             'traveltime', 'studytime',
                                             'failures', 'famrel', 'freetime',
                                             'goout', 'Dalc', 'Walc', 'health',
                                             'absences'],
                                    transformer=SimpleImputer())),
                ('categorical_imputer',
                 TransformerWrapper(include=['school', 'sex', 'address',
                                             'famsize', 'Pstatus', 'Mjob',
                                             'Fjo...
                                             'guardian'],
                                    transformer=OneHotEncoder(cols=['Mjob',
                                                                    'Fjob',
                                                                    'reason',
                                                                    'guardian'],
                                                              handle_missing='return_nan',
                                                              use_cat_names=True))),
                ('normalize', TransformerWrapper(transformer=StandardScaler())),
                ('actual_estimator',
                 RandomForestRegressor(max_depth=5, min_impurity_decrease=0.01,
                                       min_samples_leaf=2, min_samples_split=7,
                                       n_estimators=280, n_jobs=-1,
                                       random_state=42))])
2026-08-20 16:48:11,899:INFO:finalize_model() successfully completed......................................
2026-08-20 16:48:12,323:INFO:Initializing save_model()
2026-08-20 16:48:12,323:INFO:save_model(model=Pipeline(memory=Memory(location=None),
         steps=[('numerical_imputer',
                 TransformerWrapper(include=['age', 'Medu', 'Fedu',
                                             'traveltime', 'studytime',
                                             'failures', 'famrel', 'freetime',
                                             'goout', 'Dalc', 'Walc', 'health',
                                             'absences'],
                                    transformer=SimpleImputer())),
                ('categorical_imputer',
                 TransformerWrapper(include=['school', 'sex', 'address',
                                             'famsize', 'Pstatus', 'Mjob',
                                             'Fjo...
                                             'guardian'],
                                    transformer=OneHotEncoder(cols=['Mjob',
                                                                    'Fjob',
                                                                    'reason',
                                                                    'guardian'],
                                                              handle_missing='return_nan',
                                                              use_cat_names=True))),
                ('normalize', TransformerWrapper(transformer=StandardScaler())),
                ('actual_estimator',
                 RandomForestRegressor(max_depth=5, min_impurity_decrease=0.01,
                                       min_samples_leaf=2, min_samples_split=7,
                                       n_estimators=280, n_jobs=-1,
                                       random_state=42))]), model_name=C:\Users\knish\PycharmProjects\AutoML-Smart-Prediction\models\best_model, prep_pipe_=Pipeline(memory=FastMemory(location=C:\Users\knish\AppData\Local\Temp\joblib),
         steps=[('numerical_imputer',
                 TransformerWrapper(include=['age', 'Medu', 'Fedu',
                                             'traveltime', 'studytime',
                                             'failures', 'famrel', 'freetime',
                                             'goout', 'Dalc', 'Walc', 'health',
                                             'absences'],
                                    transformer=SimpleImputer())),
                ('categorical_imputer',
                 TransformerWrapper(include=['school', 'sex', '...
dtype: int64},
                                                                        {'col': 'romantic',
                                                                         'data_type': dtype('O'),
                                                                         'mapping': no     0
yes    1
NaN   -1
dtype: int64}]))),
                ('onehot_encoding',
                 TransformerWrapper(include=['Mjob', 'Fjob', 'reason',
                                             'guardian'],
                                    transformer=OneHotEncoder(cols=['Mjob',
                                                                    'Fjob',
                                                                    'reason',
                                                                    'guardian'],
                                                              handle_missing='return_nan',
                                                              use_cat_names=True))),
                ('normalize',
                 TransformerWrapper(transformer=StandardScaler()))]), verbose=True, use_case=MLUsecase.REGRESSION, kwargs={})
2026-08-20 16:48:12,323:INFO:Adding model into prep_pipe
2026-08-20 16:48:12,323:WARNING:Only Model saved as it was a pipeline.
2026-08-20 16:48:12,409:INFO:C:\Users\knish\PycharmProjects\AutoML-Smart-Prediction\models\best_model.pkl saved in current working directory
2026-08-20 16:48:12,541:INFO:Pipeline(memory=Memory(location=None),
         steps=[('numerical_imputer',
                 TransformerWrapper(include=['age', 'Medu', 'Fedu',
                                             'traveltime', 'studytime',
                                             'failures', 'famrel', 'freetime',
                                             'goout', 'Dalc', 'Walc', 'health',
                                             'absences'],
                                    transformer=SimpleImputer())),
                ('categorical_imputer',
                 TransformerWrapper(include=['school', 'sex', 'address',
                                             'famsize', 'Pstatus', 'Mjob',
                                             'Fjo...
                                             'guardian'],
                                    transformer=OneHotEncoder(cols=['Mjob',
                                                                    'Fjob',
                                                                    'reason',
                                                                    'guardian'],
                                                              handle_missing='return_nan',
                                                              use_cat_names=True))),
                ('normalize', TransformerWrapper(transformer=StandardScaler())),
                ('actual_estimator',
                 RandomForestRegressor(max_depth=5, min_impurity_decrease=0.01,
                                       min_samples_leaf=2, min_samples_split=7,
                                       n_estimators=280, n_jobs=-1,
                                       random_state=42))])
2026-08-20 16:48:12,541:INFO:save_model() successfully completed......................................
2026-08-20 17:09:00,330:WARNING:
'cuml' is a soft dependency and not included in the pycaret installation. Please run: `pip install cuml` to install.
2026-08-20 17:09:00,331:WARNING:
'cuml' is a soft dependency and not included in the pycaret installation. Please run: `pip install cuml` to install.
2026-08-20 17:09:00,331:WARNING:
'cuml' is a soft dependency and not included in the pycaret installation. Please run: `pip install cuml` to install.
2026-08-20 17:09:00,331:WARNING:
'cuml' is a soft dependency and not included in the pycaret installation. Please run: `pip install cuml` to install.
2026-08-20 17:09:00,460:INFO:PyCaret RegressionExperiment
2026-08-20 17:09:00,460:INFO:Logging name: reg-default-name
2026-08-20 17:09:00,460:INFO:ML Usecase: MLUsecase.REGRESSION
2026-08-20 17:09:00,460:INFO:version 3.3.2
2026-08-20 17:09:00,461:INFO:Initializing setup()
2026-08-20 17:09:00,461:INFO:self.USI: 575c
2026-08-20 17:09:00,461:INFO:self._variable_keys: {'log_plots_param', 'USI', 'html_param', 'y_test', 'transform_target_param', 'fold_groups_param', 'target_param', 'fold_generator', 'exp_name_log', '_available_plots', 'logging_param', 'gpu_param', 'y', 'y_train', 'X', 'gpu_n_jobs_param', 'X_train', 'n_jobs_param', '_ml_usecase', 'exp_id', 'fold_shuffle_param', 'X_test', 'seed', 'memory', 'data', 'idx', 'pipeline'}
2026-08-20 17:09:00,461:INFO:Checking environment
2026-08-20 17:09:00,461:INFO:python_version: 3.11.0
2026-08-20 17:09:00,461:INFO:python_build: ('main', 'Oct 24 2022 18:26:48')
2026-08-20 17:09:00,461:INFO:machine: AMD64
2026-08-20 17:09:00,543:INFO:platform: Windows-10-10.0.26200-SP0
2026-08-20 17:09:00,543:INFO:Memory: svmem(total=12581920768, available=1972264960, percent=84.3, used=10609655808, free=1972264960)
2026-08-20 17:09:00,544:INFO:Physical Core: 10
2026-08-20 17:09:00,544:INFO:Logical Core: 12
2026-08-20 17:09:00,544:INFO:Checking libraries
2026-08-20 17:09:00,544:INFO:System:
2026-08-20 17:09:00,544:INFO:    python: 3.11.0 (main, Oct 24 2022, 18:26:48) [MSC v.1933 64 bit (AMD64)]
2026-08-20 17:09:00,544:INFO:executable: C:\Users\knish\PycharmProjects\AutoML-Smart-Prediction\.venv\Scripts\python.exe
2026-08-20 17:09:00,544:INFO:   machine: Windows-10-10.0.26200-SP0
2026-08-20 17:09:00,544:INFO:PyCaret required dependencies:
2026-08-20 17:09:00,545:WARNING:C:\Users\knish\PycharmProjects\AutoML-Smart-Prediction\.venv\Lib\site-packages\_distutils_hack\__init__.py:30: UserWarning: Setuptools is replacing distutils. Support for replacing an already imported distutils is deprecated. In the future, this condition will fail. Register concerns at https://github.com/pypa/setuptools/issues/new?template=distutils-deprecation.yml
  warnings.warn(

2026-08-20 17:09:00,663:INFO:                 pip: 26.0.1
2026-08-20 17:09:00,663:INFO:          setuptools: 82.0.0
2026-08-20 17:09:00,663:INFO:             pycaret: 3.3.2
2026-08-20 17:09:00,663:INFO:             IPython: 9.16.1
2026-08-20 17:09:00,663:INFO:          ipywidgets: 8.1.8
2026-08-20 17:09:00,663:INFO:                tqdm: 4.70.0
2026-08-20 17:09:00,663:INFO:               numpy: 1.26.4
2026-08-20 17:09:00,663:INFO:              pandas: 2.1.4
2026-08-20 17:09:00,663:INFO:              jinja2: 3.1.6
2026-08-20 17:09:00,663:INFO:               scipy: 1.11.4
2026-08-20 17:09:00,663:INFO:              joblib: 1.3.2
2026-08-20 17:09:00,663:INFO:             sklearn: 1.4.2
2026-08-20 17:09:00,663:INFO:                pyod: 3.4.0
2026-08-20 17:09:00,663:INFO:            imblearn: 0.14.2
2026-08-20 17:09:00,663:INFO:   category_encoders: 2.7.0
2026-08-20 17:09:00,663:INFO:            lightgbm: 4.7.0
2026-08-20 17:09:00,663:INFO:               numba: 0.67.0
2026-08-20 17:09:00,663:INFO:            requests: 2.34.2
2026-08-20 17:09:00,664:INFO:          matplotlib: 3.7.5
2026-08-20 17:09:00,664:INFO:          scikitplot: 0.3.7
2026-08-20 17:09:00,664:INFO:         yellowbrick: 1.5
2026-08-20 17:09:00,664:INFO:              plotly: 6.9.0
2026-08-20 17:09:00,664:INFO:    plotly-resampler: Not installed
2026-08-20 17:09:00,664:INFO:             kaleido: 1.3.0
2026-08-20 17:09:00,664:INFO:           schemdraw: 0.15
2026-08-20 17:09:00,664:INFO:         statsmodels: 0.14.6
2026-08-20 17:09:00,664:INFO:              sktime: 0.26.0
2026-08-20 17:09:00,664:INFO:               tbats: 1.1.3
2026-08-20 17:09:00,664:INFO:            pmdarima: 2.0.4
2026-08-20 17:09:00,664:INFO:              psutil: 7.2.2
2026-08-20 17:09:00,664:INFO:          markupsafe: 3.0.3
2026-08-20 17:09:00,664:INFO:             pickle5: Not installed
2026-08-20 17:09:00,664:INFO:         cloudpickle: 3.1.2
2026-08-20 17:09:00,664:INFO:         deprecation: 2.1.0
2026-08-20 17:09:00,664:INFO:              xxhash: 4.0.0
2026-08-20 17:09:00,664:INFO:           wurlitzer: Not installed
2026-08-20 17:09:00,664:INFO:PyCaret optional dependencies:
2026-08-20 17:09:01,460:INFO:                shap: Not installed
2026-08-20 17:09:01,460:INFO:           interpret: Not installed
2026-08-20 17:09:01,460:INFO:                umap: Not installed
2026-08-20 17:09:01,460:INFO:     ydata_profiling: Not installed
2026-08-20 17:09:01,460:INFO:  explainerdashboard: Not installed
2026-08-20 17:09:01,460:INFO:             autoviz: Not installed
2026-08-20 17:09:01,461:INFO:           fairlearn: Not installed
2026-08-20 17:09:01,461:INFO:          deepchecks: Not installed
2026-08-20 17:09:01,461:INFO:             xgboost: Not installed
2026-08-20 17:09:01,461:INFO:            catboost: Not installed
2026-08-20 17:09:01,461:INFO:              kmodes: Not installed
2026-08-20 17:09:01,461:INFO:             mlxtend: Not installed
2026-08-20 17:09:01,461:INFO:       statsforecast: Not installed
2026-08-20 17:09:01,461:INFO:        tune_sklearn: Not installed
2026-08-20 17:09:01,461:INFO:                 ray: Not installed
2026-08-20 17:09:01,461:INFO:            hyperopt: Not installed
2026-08-20 17:09:01,461:INFO:              optuna: Not installed
2026-08-20 17:09:01,461:INFO:               skopt: Not installed
2026-08-20 17:09:01,461:INFO:              mlflow: Not installed
2026-08-20 17:09:01,461:INFO:              gradio: Not installed
2026-08-20 17:09:01,461:INFO:             fastapi: 0.141.1
2026-08-20 17:09:01,461:INFO:             uvicorn: 0.52.3
2026-08-20 17:09:01,461:INFO:              m2cgen: Not installed
2026-08-20 17:09:01,461:INFO:           evidently: Not installed
2026-08-20 17:09:01,461:INFO:               fugue: Not installed
2026-08-20 17:09:01,461:INFO:           streamlit: 1.61.1
2026-08-20 17:09:01,461:INFO:             prophet: Not installed
2026-08-20 17:09:01,461:INFO:None
2026-08-20 17:09:01,461:INFO:Set up data.
2026-08-20 17:09:01,475:INFO:Set up folding strategy.
2026-08-20 17:09:01,475:INFO:Set up train/test split.
2026-08-20 17:09:01,487:INFO:Set up index.
2026-08-20 17:09:01,489:INFO:Assigning column types.
2026-08-20 17:09:01,493:INFO:Engine successfully changes for model 'lr' to 'sklearn'.
2026-08-20 17:09:01,493:INFO:Engine for model 'lasso' has not been set explicitly, hence returning None.
2026-08-20 17:09:01,499:INFO:Engine for model 'ridge' has not been set explicitly, hence returning None.
2026-08-20 17:09:01,505:INFO:Engine for model 'en' has not been set explicitly, hence returning None.
2026-08-20 17:09:01,578:INFO:Engine for model 'svm' has not been set explicitly, hence returning None.
2026-08-20 17:09:01,629:INFO:Engine for model 'knn' has not been set explicitly, hence returning None.
2026-08-20 17:09:01,630:WARNING:
'xgboost' is a soft dependency and not included in the pycaret installation. Please run: `pip install xgboost` to install.
Alternately, you can install this by running `pip install pycaret[models]`
2026-08-20 17:09:01,630:WARNING:
'catboost' is a soft dependency and not included in the pycaret installation. Please run: `pip install catboost` to install.
Alternately, you can install this by running `pip install pycaret[models]`
2026-08-20 17:09:01,630:INFO:Engine for model 'lasso' has not been set explicitly, hence returning None.
2026-08-20 17:09:01,635:INFO:Engine for model 'ridge' has not been set explicitly, hence returning None.
2026-08-20 17:09:01,640:INFO:Engine for model 'en' has not been set explicitly, hence returning None.
2026-08-20 17:09:01,709:INFO:Engine for model 'svm' has not been set explicitly, hence returning None.
2026-08-20 17:09:01,757:INFO:Engine for model 'knn' has not been set explicitly, hence returning None.
2026-08-20 17:09:01,757:WARNING:
'xgboost' is a soft dependency and not included in the pycaret installation. Please run: `pip install xgboost` to install.
Alternately, you can install this by running `pip install pycaret[models]`
2026-08-20 17:09:01,758:WARNING:
'catboost' is a soft dependency and not included in the pycaret installation. Please run: `pip install catboost` to install.
Alternately, you can install this by running `pip install pycaret[models]`
2026-08-20 17:09:01,758:INFO:Engine successfully changes for model 'lasso' to 'sklearn'.
2026-08-20 17:09:01,763:INFO:Engine for model 'ridge' has not been set explicitly, hence returning None.
2026-08-20 17:09:01,767:INFO:Engine for model 'en' has not been set explicitly, hence returning None.
2026-08-20 17:09:01,821:INFO:Engine for model 'svm' has not been set explicitly, hence returning None.
2026-08-20 17:09:01,868:INFO:Engine for model 'knn' has not been set explicitly, hence returning None.
2026-08-20 17:09:01,869:WARNING:
'xgboost' is a soft dependency and not included in the pycaret installation. Please run: `pip install xgboost` to install.
Alternately, you can install this by running `pip install pycaret[models]`
2026-08-20 17:09:01,869:WARNING:
'catboost' is a soft dependency and not included in the pycaret installation. Please run: `pip install catboost` to install.
Alternately, you can install this by running `pip install pycaret[models]`
2026-08-20 17:09:01,874:INFO:Engine for model 'ridge' has not been set explicitly, hence returning None.
2026-08-20 17:09:01,879:INFO:Engine for model 'en' has not been set explicitly, hence returning None.
2026-08-20 17:09:01,935:INFO:Engine for model 'svm' has not been set explicitly, hence returning None.
2026-08-20 17:09:01,994:INFO:Engine for model 'knn' has not been set explicitly, hence returning None.
2026-08-20 17:09:01,994:WARNING:
'xgboost' is a soft dependency and not included in the pycaret installation. Please run: `pip install xgboost` to install.
Alternately, you can install this by running `pip install pycaret[models]`
2026-08-20 17:09:01,995:WARNING:
'catboost' is a soft dependency and not included in the pycaret installation. Please run: `pip install catboost` to install.
Alternately, you can install this by running `pip install pycaret[models]`
2026-08-20 17:09:01,995:INFO:Engine successfully changes for model 'ridge' to 'sklearn'.
2026-08-20 17:09:02,004:INFO:Engine for model 'en' has not been set explicitly, hence returning None.
2026-08-20 17:09:02,077:INFO:Engine for model 'svm' has not been set explicitly, hence returning None.
2026-08-20 17:09:02,123:INFO:Engine for model 'knn' has not been set explicitly, hence returning None.
2026-08-20 17:09:02,124:WARNING:
'xgboost' is a soft dependency and not included in the pycaret installation. Please run: `pip install xgboost` to install.
Alternately, you can install this by running `pip install pycaret[models]`
2026-08-20 17:09:02,124:WARNING:
'catboost' is a soft dependency and not included in the pycaret installation. Please run: `pip install catboost` to install.
Alternately, you can install this by running `pip install pycaret[models]`
2026-08-20 17:09:02,133:INFO:Engine for model 'en' has not been set explicitly, hence returning None.
2026-08-20 17:09:02,206:INFO:Engine for model 'svm' has not been set explicitly, hence returning None.
2026-08-20 17:09:02,258:INFO:Engine for model 'knn' has not been set explicitly, hence returning None.
2026-08-20 17:09:02,258:WARNING:
'xgboost' is a soft dependency and not included in the pycaret installation. Please run: `pip install xgboost` to install.
Alternately, you can install this by running `pip install pycaret[models]`
2026-08-20 17:09:02,259:WARNING:
'catboost' is a soft dependency and not included in the pycaret installation. Please run: `pip install catboost` to install.
Alternately, you can install this by running `pip install pycaret[models]`
2026-08-20 17:09:02,259:INFO:Engine successfully changes for model 'en' to 'sklearn'.
2026-08-20 17:09:02,337:INFO:Engine for model 'svm' has not been set explicitly, hence returning None.
2026-08-20 17:09:02,382:INFO:Engine for model 'knn' has not been set explicitly, hence returning None.
2026-08-20 17:09:02,383:WARNING:
'xgboost' is a soft dependency and not included in the pycaret installation. Please run: `pip install xgboost` to install.
Alternately, you can install this by running `pip install pycaret[models]`
2026-08-20 17:09:02,383:WARNING:
'catboost' is a soft dependency and not included in the pycaret installation. Please run: `pip install catboost` to install.
Alternately, you can install this by running `pip install pycaret[models]`
2026-08-20 17:09:02,471:INFO:Engine for model 'svm' has not been set explicitly, hence returning None.
2026-08-20 17:09:02,534:INFO:Engine for model 'knn' has not been set explicitly, hence returning None.
2026-08-20 17:09:02,535:WARNING:
'xgboost' is a soft dependency and not included in the pycaret installation. Please run: `pip install xgboost` to install.
Alternately, you can install this by running `pip install pycaret[models]`
2026-08-20 17:09:02,535:WARNING:
'catboost' is a soft dependency and not included in the pycaret installation. Please run: `pip install catboost` to install.
Alternately, you can install this by running `pip install pycaret[models]`
2026-08-20 17:09:02,535:INFO:Engine successfully changes for model 'knn' to 'sklearn'.
2026-08-20 17:09:02,637:INFO:Engine for model 'svm' has not been set explicitly, hence returning None.
2026-08-20 17:09:02,698:WARNING:
'xgboost' is a soft dependency and not included in the pycaret installation. Please run: `pip install xgboost` to install.
Alternately, you can install this by running `pip install pycaret[models]`
2026-08-20 17:09:02,698:WARNING:
'catboost' is a soft dependency and not included in the pycaret installation. Please run: `pip install catboost` to install.
Alternately, you can install this by running `pip install pycaret[models]`
2026-08-20 17:09:02,781:INFO:Engine for model 'svm' has not been set explicitly, hence returning None.
2026-08-20 17:09:02,825:WARNING:
'xgboost' is a soft dependency and not included in the pycaret installation. Please run: `pip install xgboost` to install.
Alternately, you can install this by running `pip install pycaret[models]`
2026-08-20 17:09:02,825:WARNING:
'catboost' is a soft dependency and not included in the pycaret installation. Please run: `pip install catboost` to install.
Alternately, you can install this by running `pip install pycaret[models]`
2026-08-20 17:09:02,826:INFO:Engine successfully changes for model 'svm' to 'sklearn'.
2026-08-20 17:09:02,942:WARNING:
'xgboost' is a soft dependency and not included in the pycaret installation. Please run: `pip install xgboost` to install.
Alternately, you can install this by running `pip install pycaret[models]`
2026-08-20 17:09:02,942:WARNING:
'catboost' is a soft dependency and not included in the pycaret installation. Please run: `pip install catboost` to install.
Alternately, you can install this by running `pip install pycaret[models]`
2026-08-20 17:09:03,092:WARNING:
'xgboost' is a soft dependency and not included in the pycaret installation. Please run: `pip install xgboost` to install.
Alternately, you can install this by running `pip install pycaret[models]`
2026-08-20 17:09:03,093:WARNING:
'catboost' is a soft dependency and not included in the pycaret installation. Please run: `pip install catboost` to install.
Alternately, you can install this by running `pip install pycaret[models]`
2026-08-20 17:09:03,095:INFO:Preparing preprocessing pipeline...
2026-08-20 17:09:03,095:INFO:Set up simple imputation.
2026-08-20 17:09:03,108:INFO:Set up encoding of ordinal features.
2026-08-20 17:09:03,127:INFO:Set up encoding of categorical features.
2026-08-20 17:09:03,127:INFO:Set up feature normalization.
2026-08-20 17:09:03,356:INFO:Finished creating preprocessing pipeline.
2026-08-20 17:09:03,517:INFO:Pipeline: Pipeline(memory=FastMemory(location=C:\Users\knish\AppData\Local\Temp\joblib),
         steps=[('numerical_imputer',
                 TransformerWrapper(include=['age', 'Medu', 'Fedu',
                                             'traveltime', 'studytime',
                                             'failures', 'famrel', 'freetime',
                                             'goout', 'Dalc', 'Walc', 'health',
                                             'absences'],
                                    transformer=SimpleImputer())),
                ('categorical_imputer',
                 TransformerWrapper(include=['school', 'sex', '...
dtype: int64},
                                                                        {'col': 'romantic',
                                                                         'data_type': dtype('O'),
                                                                         'mapping': no     0
yes    1
NaN   -1
dtype: int64}]))),
                ('onehot_encoding',
                 TransformerWrapper(include=['Mjob', 'Fjob', 'reason',
                                             'guardian'],
                                    transformer=OneHotEncoder(cols=['Mjob',
                                                                    'Fjob',
                                                                    'reason',
                                                                    'guardian'],
                                                              handle_missing='return_nan',
                                                              use_cat_names=True))),
                ('normalize',
                 TransformerWrapper(transformer=StandardScaler()))])
2026-08-20 17:09:03,517:INFO:Creating final display dataframe.
2026-08-20 17:09:03,689:INFO:Setup _display_container:                     Description             Value
0                    Session id                42
1                        Target                G3
2                   Target type        Regression
3           Original data shape         (316, 31)
4        Transformed data shape         (316, 44)
5   Transformed train set shape         (221, 44)
6    Transformed test set shape          (95, 44)
7              Numeric features                13
8          Categorical features                17
9                    Preprocess              True
10              Imputation type            simple
11           Numeric imputation              mean
12       Categorical imputation              mode
13     Maximum one-hot encoding                25
14              Encoding method              None
15                    Normalize              True
16             Normalize method            zscore
17               Fold Generator             KFold
18                  Fold Number                10
19                     CPU Jobs                -1
20                      Use GPU             False
21               Log Experiment             False
22              Experiment Name  reg-default-name
23                          USI              575c
2026-08-20 17:09:03,817:WARNING:
'xgboost' is a soft dependency and not included in the pycaret installation. Please run: `pip install xgboost` to install.
Alternately, you can install this by running `pip install pycaret[models]`
2026-08-20 17:09:03,818:WARNING:
'catboost' is a soft dependency and not included in the pycaret installation. Please run: `pip install catboost` to install.
Alternately, you can install this by running `pip install pycaret[models]`
2026-08-20 17:09:03,950:WARNING:
'xgboost' is a soft dependency and not included in the pycaret installation. Please run: `pip install xgboost` to install.
Alternately, you can install this by running `pip install pycaret[models]`
2026-08-20 17:09:03,950:WARNING:
'catboost' is a soft dependency and not included in the pycaret installation. Please run: `pip install catboost` to install.
Alternately, you can install this by running `pip install pycaret[models]`
2026-08-20 17:09:03,950:INFO:setup() successfully completed in 3.5s...............
2026-08-20 17:09:03,951:INFO:Initializing compare_models()
2026-08-20 17:09:03,951:INFO:compare_models(self=<pycaret.regression.oop.RegressionExperiment object at 0x000001F82F3F1550>, include=None, exclude=None, fold=None, round=4, cross_validation=True, sort=RMSE, n_select=1, budget_time=None, turbo=True, errors=ignore, fit_kwargs=None, groups=None, experiment_custom_tags=None, probability_threshold=None, verbose=True, parallel=None, caller_params={'self': <pycaret.regression.oop.RegressionExperiment object at 0x000001F82F3F1550>, 'include': None, 'exclude': None, 'fold': None, 'round': 4, 'cross_validation': True, 'sort': 'RMSE', 'n_select': 1, 'budget_time': None, 'turbo': True, 'errors': 'ignore', 'fit_kwargs': None, 'groups': None, 'experiment_custom_tags': None, 'engine': None, 'verbose': True, 'parallel': None, '__class__': <class 'pycaret.regression.oop.RegressionExperiment'>})
2026-08-20 17:09:03,951:INFO:Checking exceptions
2026-08-20 17:09:03,954:INFO:Preparing display monitor
2026-08-20 17:09:03,959:INFO:Initializing Linear Regression
2026-08-20 17:09:03,959:INFO:Total runtime is 1.6641616821289062e-05 minutes
2026-08-20 17:09:03,959:INFO:SubProcess create_model() called ==================================
2026-08-20 17:09:03,959:INFO:Initializing create_model()
2026-08-20 17:09:03,959:INFO:create_model(self=<pycaret.regression.oop.RegressionExperiment object at 0x000001F82F3F1550>, estimator=lr, fold=KFold(n_splits=10, random_state=None, shuffle=False), round=4, cross_validation=True, predict=True, fit_kwargs={}, groups=None, refit=False, probability_threshold=None, experiment_custom_tags=None, verbose=False, system=False, add_to_model_list=True, metrics=None, display=<pycaret.internal.display.display.CommonDisplay object at 0x000001F8317E6690>, model_only=True, return_train_score=False, error_score=0.0, kwargs={})
2026-08-20 17:09:03,959:INFO:Checking exceptions
2026-08-20 17:09:03,959:INFO:Importing libraries
2026-08-20 17:09:03,959:INFO:Copying training dataset
2026-08-20 17:09:03,965:INFO:Defining folds
2026-08-20 17:09:03,966:INFO:Declaring metric variables
2026-08-20 17:09:03,966:INFO:Importing untrained model
2026-08-20 17:09:03,966:INFO:Linear Regression Imported successfully
2026-08-20 17:09:03,967:INFO:Starting cross validation
2026-08-20 17:09:03,984:INFO:Cross validating with KFold(n_splits=10, random_state=None, shuffle=False), n_jobs=-1
2026-08-20 17:09:14,728:WARNING:C:\Users\knish\PycharmProjects\AutoML-Smart-Prediction\.venv\Lib\site-packages\_distutils_hack\__init__.py:30: UserWarning: Setuptools is replacing distutils. Support for replacing an already imported distutils is deprecated. In the future, this condition will fail. Register concerns at https://github.com/pypa/setuptools/issues/new?template=distutils-deprecation.yml
  warnings.warn(

2026-08-20 17:09:14,728:WARNING:C:\Users\knish\PycharmProjects\AutoML-Smart-Prediction\.venv\Lib\site-packages\_distutils_hack\__init__.py:30: UserWarning: Setuptools is replacing distutils. Support for replacing an already imported distutils is deprecated. In the future, this condition will fail. Register concerns at https://github.com/pypa/setuptools/issues/new?template=distutils-deprecation.yml
  warnings.warn(

2026-08-20 17:09:14,730:WARNING:C:\Users\knish\PycharmProjects\AutoML-Smart-Prediction\.venv\Lib\site-packages\_distutils_hack\__init__.py:30: UserWarning: Setuptools is replacing distutils. Support for replacing an already imported distutils is deprecated. In the future, this condition will fail. Register concerns at https://github.com/pypa/setuptools/issues/new?template=distutils-deprecation.yml
  warnings.warn(

2026-08-20 17:09:14,731:WARNING:C:\Users\knish\PycharmProjects\AutoML-Smart-Prediction\.venv\Lib\site-packages\_distutils_hack\__init__.py:30: UserWarning: Setuptools is replacing distutils. Support for replacing an already imported distutils is deprecated. In the future, this condition will fail. Register concerns at https://github.com/pypa/setuptools/issues/new?template=distutils-deprecation.yml
  warnings.warn(

2026-08-20 17:09:14,731:WARNING:C:\Users\knish\PycharmProjects\AutoML-Smart-Prediction\.venv\Lib\site-packages\_distutils_hack\__init__.py:30: UserWarning: Setuptools is replacing distutils. Support for replacing an already imported distutils is deprecated. In the future, this condition will fail. Register concerns at https://github.com/pypa/setuptools/issues/new?template=distutils-deprecation.yml
  warnings.warn(

2026-08-20 17:09:14,731:WARNING:C:\Users\knish\PycharmProjects\AutoML-Smart-Prediction\.venv\Lib\site-packages\_distutils_hack\__init__.py:30: UserWarning: Setuptools is replacing distutils. Support for replacing an already imported distutils is deprecated. In the future, this condition will fail. Register concerns at https://github.com/pypa/setuptools/issues/new?template=distutils-deprecation.yml
  warnings.warn(

2026-08-20 17:09:14,731:WARNING:C:\Users\knish\PycharmProjects\AutoML-Smart-Prediction\.venv\Lib\site-packages\_distutils_hack\__init__.py:30: UserWarning: Setuptools is replacing distutils. Support for replacing an already imported distutils is deprecated. In the future, this condition will fail. Register concerns at https://github.com/pypa/setuptools/issues/new?template=distutils-deprecation.yml
  warnings.warn(

2026-08-20 17:09:14,731:WARNING:C:\Users\knish\PycharmProjects\AutoML-Smart-Prediction\.venv\Lib\site-packages\_distutils_hack\__init__.py:30: UserWarning: Setuptools is replacing distutils. Support for replacing an already imported distutils is deprecated. In the future, this condition will fail. Register concerns at https://github.com/pypa/setuptools/issues/new?template=distutils-deprecation.yml
  warnings.warn(

2026-08-20 17:09:15,269:INFO:Calculating mean and std
2026-08-20 17:09:15,273:INFO:Creating metrics dataframe
2026-08-20 17:09:15,280:INFO:Uploading results into container
2026-08-20 17:09:15,282:INFO:Uploading model into container now
2026-08-20 17:09:15,283:INFO:_master_model_container: 1
2026-08-20 17:09:15,284:INFO:_display_container: 2
2026-08-20 17:09:15,285:INFO:LinearRegression(n_jobs=-1)
2026-08-20 17:09:15,285:INFO:create_model() successfully completed......................................
2026-08-20 17:09:15,438:INFO:SubProcess create_model() end ==================================
2026-08-20 17:09:15,438:INFO:Creating metrics dataframe
2026-08-20 17:09:15,441:INFO:Initializing Lasso Regression
2026-08-20 17:09:15,442:INFO:Total runtime is 0.19139463504155477 minutes
2026-08-20 17:09:15,442:INFO:SubProcess create_model() called ==================================
2026-08-20 17:09:15,443:INFO:Initializing create_model()
2026-08-20 17:09:15,443:INFO:create_model(self=<pycaret.regression.oop.RegressionExperiment object at 0x000001F82F3F1550>, estimator=lasso, fold=KFold(n_splits=10, random_state=None, shuffle=False), round=4, cross_validation=True, predict=True, fit_kwargs={}, groups=None, refit=False, probability_threshold=None, experiment_custom_tags=None, verbose=False, system=False, add_to_model_list=True, metrics=None, display=<pycaret.internal.display.display.CommonDisplay object at 0x000001F8317E6690>, model_only=True, return_train_score=False, error_score=0.0, kwargs={})
2026-08-20 17:09:15,443:INFO:Checking exceptions
2026-08-20 17:09:15,443:INFO:Importing libraries
2026-08-20 17:09:15,443:INFO:Copying training dataset
2026-08-20 17:09:15,454:INFO:Defining folds
2026-08-20 17:09:15,454:INFO:Declaring metric variables
2026-08-20 17:09:15,454:INFO:Importing untrained model
2026-08-20 17:09:15,455:INFO:Lasso Regression Imported successfully
2026-08-20 17:09:15,455:INFO:Starting cross validation
2026-08-20 17:09:15,459:INFO:Cross validating with KFold(n_splits=10, random_state=None, shuffle=False), n_jobs=-1
2026-08-20 17:09:18,258:WARNING:C:\Users\knish\PycharmProjects\AutoML-Smart-Prediction\.venv\Lib\site-packages\_distutils_hack\__init__.py:30: UserWarning: Setuptools is replacing distutils. Support for replacing an already imported distutils is deprecated. In the future, this condition will fail. Register concerns at https://github.com/pypa/setuptools/issues/new?template=distutils-deprecation.yml
  warnings.warn(

2026-08-20 17:09:18,264:WARNING:C:\Users\knish\PycharmProjects\AutoML-Smart-Prediction\.venv\Lib\site-packages\_distutils_hack\__init__.py:30: UserWarning: Setuptools is replacing distutils. Support for replacing an already imported distutils is deprecated. In the future, this condition will fail. Register concerns at https://github.com/pypa/setuptools/issues/new?template=distutils-deprecation.yml
  warnings.warn(

2026-08-20 17:09:18,573:INFO:Calculating mean and std
2026-08-20 17:09:18,573:INFO:Creating metrics dataframe
2026-08-20 17:09:18,576:INFO:Uploading results into container
2026-08-20 17:09:18,576:INFO:Uploading model into container now
2026-08-20 17:09:18,577:INFO:_master_model_container: 2
2026-08-20 17:09:18,577:INFO:_display_container: 2
2026-08-20 17:09:18,577:INFO:Lasso(random_state=42)
2026-08-20 17:09:18,577:INFO:create_model() successfully completed......................................
2026-08-20 17:09:18,695:INFO:SubProcess create_model() end ==================================
2026-08-20 17:09:18,696:INFO:Creating metrics dataframe
2026-08-20 17:09:18,704:INFO:Initializing Ridge Regression
2026-08-20 17:09:18,704:INFO:Total runtime is 0.24577229817708335 minutes
2026-08-20 17:09:18,705:INFO:SubProcess create_model() called ==================================
2026-08-20 17:09:18,705:INFO:Initializing create_model()
2026-08-20 17:09:18,705:INFO:create_model(self=<pycaret.regression.oop.RegressionExperiment object at 0x000001F82F3F1550>, estimator=ridge, fold=KFold(n_splits=10, random_state=None, shuffle=False), round=4, cross_validation=True, predict=True, fit_kwargs={}, groups=None, refit=False, probability_threshold=None, experiment_custom_tags=None, verbose=False, system=False, add_to_model_list=True, metrics=None, display=<pycaret.internal.display.display.CommonDisplay object at 0x000001F8317E6690>, model_only=True, return_train_score=False, error_score=0.0, kwargs={})
2026-08-20 17:09:18,706:INFO:Checking exceptions
2026-08-20 17:09:18,706:INFO:Importing libraries
2026-08-20 17:09:18,706:INFO:Copying training dataset
2026-08-20 17:09:18,718:INFO:Defining folds
2026-08-20 17:09:18,718:INFO:Declaring metric variables
2026-08-20 17:09:18,718:INFO:Importing untrained model
2026-08-20 17:09:18,719:INFO:Ridge Regression Imported successfully
2026-08-20 17:09:18,719:INFO:Starting cross validation
2026-08-20 17:09:18,724:INFO:Cross validating with KFold(n_splits=10, random_state=None, shuffle=False), n_jobs=-1
2026-08-20 17:09:19,220:INFO:Calculating mean and std
2026-08-20 17:09:19,220:INFO:Creating metrics dataframe
2026-08-20 17:09:19,222:INFO:Uploading results into container
2026-08-20 17:09:19,224:INFO:Uploading model into container now
2026-08-20 17:09:19,224:INFO:_master_model_container: 3
2026-08-20 17:09:19,224:INFO:_display_container: 2
2026-08-20 17:09:19,224:INFO:Ridge(random_state=42)
2026-08-20 17:09:19,224:INFO:create_model() successfully completed......................................
2026-08-20 17:09:19,327:INFO:SubProcess create_model() end ==================================
2026-08-20 17:09:19,327:INFO:Creating metrics dataframe
2026-08-20 17:09:19,332:INFO:Initializing Elastic Net
2026-08-20 17:09:19,332:INFO:Total runtime is 0.25622421503067017 minutes
2026-08-20 17:09:19,333:INFO:SubProcess create_model() called ==================================
2026-08-20 17:09:19,333:INFO:Initializing create_model()
2026-08-20 17:09:19,334:INFO:create_model(self=<pycaret.regression.oop.RegressionExperiment object at 0x000001F82F3F1550>, estimator=en, fold=KFold(n_splits=10, random_state=None, shuffle=False), round=4, cross_validation=True, predict=True, fit_kwargs={}, groups=None, refit=False, probability_threshold=None, experiment_custom_tags=None, verbose=False, system=False, add_to_model_list=True, metrics=None, display=<pycaret.internal.display.display.CommonDisplay object at 0x000001F8317E6690>, model_only=True, return_train_score=False, error_score=0.0, kwargs={})
2026-08-20 17:09:19,334:INFO:Checking exceptions
2026-08-20 17:09:19,334:INFO:Importing libraries
2026-08-20 17:09:19,334:INFO:Copying training dataset
2026-08-20 17:09:19,343:INFO:Defining folds
2026-08-20 17:09:19,343:INFO:Declaring metric variables
2026-08-20 17:09:19,343:INFO:Importing untrained model
2026-08-20 17:09:19,344:INFO:Elastic Net Imported successfully
2026-08-20 17:09:19,345:INFO:Starting cross validation
2026-08-20 17:09:19,348:INFO:Cross validating with KFold(n_splits=10, random_state=None, shuffle=False), n_jobs=-1
2026-08-20 17:09:19,847:INFO:Calculating mean and std
2026-08-20 17:09:19,849:INFO:Creating metrics dataframe
2026-08-20 17:09:19,850:INFO:Uploading results into container
2026-08-20 17:09:19,851:INFO:Uploading model into container now
2026-08-20 17:09:19,851:INFO:_master_model_container: 4
2026-08-20 17:09:19,851:INFO:_display_container: 2
2026-08-20 17:09:19,852:INFO:ElasticNet(random_state=42)
2026-08-20 17:09:19,852:INFO:create_model() successfully completed......................................
2026-08-20 17:09:19,945:INFO:SubProcess create_model() end ==================================
2026-08-20 17:09:19,945:INFO:Creating metrics dataframe
2026-08-20 17:09:19,950:INFO:Initializing Least Angle Regression
2026-08-20 17:09:19,950:INFO:Total runtime is 0.2665353735287984 minutes
2026-08-20 17:09:19,950:INFO:SubProcess create_model() called ==================================
2026-08-20 17:09:19,951:INFO:Initializing create_model()
2026-08-20 17:09:19,951:INFO:create_model(self=<pycaret.regression.oop.RegressionExperiment object at 0x000001F82F3F1550>, estimator=lar, fold=KFold(n_splits=10, random_state=None, shuffle=False), round=4, cross_validation=True, predict=True, fit_kwargs={}, groups=None, refit=False, probability_threshold=None, experiment_custom_tags=None, verbose=False, system=False, add_to_model_list=True, metrics=None, display=<pycaret.internal.display.display.CommonDisplay object at 0x000001F8317E6690>, model_only=True, return_train_score=False, error_score=0.0, kwargs={})
2026-08-20 17:09:19,951:INFO:Checking exceptions
2026-08-20 17:09:19,951:INFO:Importing libraries
2026-08-20 17:09:19,951:INFO:Copying training dataset
2026-08-20 17:09:19,959:INFO:Defining folds
2026-08-20 17:09:19,959:INFO:Declaring metric variables
2026-08-20 17:09:19,959:INFO:Importing untrained model
2026-08-20 17:09:19,960:INFO:Least Angle Regression Imported successfully
2026-08-20 17:09:19,960:INFO:Starting cross validation
2026-08-20 17:09:19,964:INFO:Cross validating with KFold(n_splits=10, random_state=None, shuffle=False), n_jobs=-1
2026-08-20 17:09:20,510:INFO:Calculating mean and std
2026-08-20 17:09:20,511:INFO:Creating metrics dataframe
2026-08-20 17:09:20,513:INFO:Uploading results into container
2026-08-20 17:09:20,514:INFO:Uploading model into container now
2026-08-20 17:09:20,514:INFO:_master_model_container: 5
2026-08-20 17:09:20,514:INFO:_display_container: 2
2026-08-20 17:09:20,514:INFO:Lars(random_state=42)
2026-08-20 17:09:20,515:INFO:create_model() successfully completed......................................
2026-08-20 17:09:20,628:INFO:SubProcess create_model() end ==================================
2026-08-20 17:09:20,628:INFO:Creating metrics dataframe
2026-08-20 17:09:20,633:INFO:Initializing Lasso Least Angle Regression
2026-08-20 17:09:20,633:INFO:Total runtime is 0.2779205799102783 minutes
2026-08-20 17:09:20,634:INFO:SubProcess create_model() called ==================================
2026-08-20 17:09:20,634:INFO:Initializing create_model()
2026-08-20 17:09:20,634:INFO:create_model(self=<pycaret.regression.oop.RegressionExperiment object at 0x000001F82F3F1550>, estimator=llar, fold=KFold(n_splits=10, random_state=None, shuffle=False), round=4, cross_validation=True, predict=True, fit_kwargs={}, groups=None, refit=False, probability_threshold=None, experiment_custom_tags=None, verbose=False, system=False, add_to_model_list=True, metrics=None, display=<pycaret.internal.display.display.CommonDisplay object at 0x000001F8317E6690>, model_only=True, return_train_score=False, error_score=0.0, kwargs={})
2026-08-20 17:09:20,634:INFO:Checking exceptions
2026-08-20 17:09:20,634:INFO:Importing libraries
2026-08-20 17:09:20,634:INFO:Copying training dataset
2026-08-20 17:09:20,644:INFO:Defining folds
2026-08-20 17:09:20,644:INFO:Declaring metric variables
2026-08-20 17:09:20,645:INFO:Importing untrained model
2026-08-20 17:09:20,645:INFO:Lasso Least Angle Regression Imported successfully
2026-08-20 17:09:20,645:INFO:Starting cross validation
2026-08-20 17:09:20,649:INFO:Cross validating with KFold(n_splits=10, random_state=None, shuffle=False), n_jobs=-1
2026-08-20 17:09:21,137:INFO:Calculating mean and std
2026-08-20 17:09:21,139:INFO:Creating metrics dataframe
2026-08-20 17:09:21,140:INFO:Uploading results into container
2026-08-20 17:09:21,141:INFO:Uploading model into container now
2026-08-20 17:09:21,141:INFO:_master_model_container: 6
2026-08-20 17:09:21,142:INFO:_display_container: 2
2026-08-20 17:09:21,142:INFO:LassoLars(random_state=42)
2026-08-20 17:09:21,142:INFO:create_model() successfully completed......................................
2026-08-20 17:09:21,261:INFO:SubProcess create_model() end ==================================
2026-08-20 17:09:21,261:INFO:Creating metrics dataframe
2026-08-20 17:09:21,266:INFO:Initializing Orthogonal Matching Pursuit
2026-08-20 17:09:21,266:INFO:Total runtime is 0.288456388314565 minutes
2026-08-20 17:09:21,266:INFO:SubProcess create_model() called ==================================
2026-08-20 17:09:21,266:INFO:Initializing create_model()
2026-08-20 17:09:21,266:INFO:create_model(self=<pycaret.regression.oop.RegressionExperiment object at 0x000001F82F3F1550>, estimator=omp, fold=KFold(n_splits=10, random_state=None, shuffle=False), round=4, cross_validation=True, predict=True, fit_kwargs={}, groups=None, refit=False, probability_threshold=None, experiment_custom_tags=None, verbose=False, system=False, add_to_model_list=True, metrics=None, display=<pycaret.internal.display.display.CommonDisplay object at 0x000001F8317E6690>, model_only=True, return_train_score=False, error_score=0.0, kwargs={})
2026-08-20 17:09:21,266:INFO:Checking exceptions
2026-08-20 17:09:21,266:INFO:Importing libraries
2026-08-20 17:09:21,267:INFO:Copying training dataset
2026-08-20 17:09:21,276:INFO:Defining folds
2026-08-20 17:09:21,276:INFO:Declaring metric variables
2026-08-20 17:09:21,278:INFO:Importing untrained model
2026-08-20 17:09:21,278:INFO:Orthogonal Matching Pursuit Imported successfully
2026-08-20 17:09:21,278:INFO:Starting cross validation
2026-08-20 17:09:21,282:INFO:Cross validating with KFold(n_splits=10, random_state=None, shuffle=False), n_jobs=-1
2026-08-20 17:09:21,797:INFO:Calculating mean and std
2026-08-20 17:09:21,797:INFO:Creating metrics dataframe
2026-08-20 17:09:21,799:INFO:Uploading results into container
2026-08-20 17:09:21,800:INFO:Uploading model into container now
2026-08-20 17:09:21,800:INFO:_master_model_container: 7
2026-08-20 17:09:21,800:INFO:_display_container: 2
2026-08-20 17:09:21,800:INFO:OrthogonalMatchingPursuit()
2026-08-20 17:09:21,800:INFO:create_model() successfully completed......................................
2026-08-20 17:09:21,900:INFO:SubProcess create_model() end ==================================
2026-08-20 17:09:21,900:INFO:Creating metrics dataframe
2026-08-20 17:09:21,906:INFO:Initializing Bayesian Ridge
2026-08-20 17:09:21,907:INFO:Total runtime is 0.29914258321126297 minutes
2026-08-20 17:09:21,907:INFO:SubProcess create_model() called ==================================
2026-08-20 17:09:21,907:INFO:Initializing create_model()
2026-08-20 17:09:21,907:INFO:create_model(self=<pycaret.regression.oop.RegressionExperiment object at 0x000001F82F3F1550>, estimator=br, fold=KFold(n_splits=10, random_state=None, shuffle=False), round=4, cross_validation=True, predict=True, fit_kwargs={}, groups=None, refit=False, probability_threshold=None, experiment_custom_tags=None, verbose=False, system=False, add_to_model_list=True, metrics=None, display=<pycaret.internal.display.display.CommonDisplay object at 0x000001F8317E6690>, model_only=True, return_train_score=False, error_score=0.0, kwargs={})
2026-08-20 17:09:21,908:INFO:Checking exceptions
2026-08-20 17:09:21,908:INFO:Importing libraries
2026-08-20 17:09:21,908:INFO:Copying training dataset
2026-08-20 17:09:21,919:INFO:Defining folds
2026-08-20 17:09:21,919:INFO:Declaring metric variables
2026-08-20 17:09:21,920:INFO:Importing untrained model
2026-08-20 17:09:21,921:INFO:Bayesian Ridge Imported successfully
2026-08-20 17:09:21,921:INFO:Starting cross validation
2026-08-20 17:09:21,925:INFO:Cross validating with KFold(n_splits=10, random_state=None, shuffle=False), n_jobs=-1
2026-08-20 17:09:22,448:INFO:Calculating mean and std
2026-08-20 17:09:22,448:INFO:Creating metrics dataframe
2026-08-20 17:09:22,449:INFO:Uploading results into container
2026-08-20 17:09:22,450:INFO:Uploading model into container now
2026-08-20 17:09:22,450:INFO:_master_model_container: 8
2026-08-20 17:09:22,450:INFO:_display_container: 2
2026-08-20 17:09:22,451:INFO:BayesianRidge()
2026-08-20 17:09:22,451:INFO:create_model() successfully completed......................................
2026-08-20 17:09:22,538:INFO:SubProcess create_model() end ==================================
2026-08-20 17:09:22,538:INFO:Creating metrics dataframe
2026-08-20 17:09:22,541:INFO:Initializing Passive Aggressive Regressor
2026-08-20 17:09:22,542:INFO:Total runtime is 0.3097351511319478 minutes
2026-08-20 17:09:22,542:INFO:SubProcess create_model() called ==================================
2026-08-20 17:09:22,543:INFO:Initializing create_model()
2026-08-20 17:09:22,543:INFO:create_model(self=<pycaret.regression.oop.RegressionExperiment object at 0x000001F82F3F1550>, estimator=par, fold=KFold(n_splits=10, random_state=None, shuffle=False), round=4, cross_validation=True, predict=True, fit_kwargs={}, groups=None, refit=False, probability_threshold=None, experiment_custom_tags=None, verbose=False, system=False, add_to_model_list=True, metrics=None, display=<pycaret.internal.display.display.CommonDisplay object at 0x000001F8317E6690>, model_only=True, return_train_score=False, error_score=0.0, kwargs={})
2026-08-20 17:09:22,543:INFO:Checking exceptions
2026-08-20 17:09:22,543:INFO:Importing libraries
2026-08-20 17:09:22,543:INFO:Copying training dataset
2026-08-20 17:09:22,552:INFO:Defining folds
2026-08-20 17:09:22,552:INFO:Declaring metric variables
2026-08-20 17:09:22,552:INFO:Importing untrained model
2026-08-20 17:09:22,552:INFO:Passive Aggressive Regressor Imported successfully
2026-08-20 17:09:22,553:INFO:Starting cross validation
2026-08-20 17:09:22,556:INFO:Cross validating with KFold(n_splits=10, random_state=None, shuffle=False), n_jobs=-1
2026-08-20 17:09:23,061:INFO:Calculating mean and std
2026-08-20 17:09:23,062:INFO:Creating metrics dataframe
2026-08-20 17:09:23,063:INFO:Uploading results into container
2026-08-20 17:09:23,064:INFO:Uploading model into container now
2026-08-20 17:09:23,064:INFO:_master_model_container: 9
2026-08-20 17:09:23,064:INFO:_display_container: 2
2026-08-20 17:09:23,065:INFO:PassiveAggressiveRegressor(random_state=42)
2026-08-20 17:09:23,065:INFO:create_model() successfully completed......................................
2026-08-20 17:09:23,154:INFO:SubProcess create_model() end ==================================
2026-08-20 17:09:23,155:INFO:Creating metrics dataframe
2026-08-20 17:09:23,158:INFO:Initializing Huber Regressor
2026-08-20 17:09:23,158:INFO:Total runtime is 0.3199996868769327 minutes
2026-08-20 17:09:23,159:INFO:SubProcess create_model() called ==================================
2026-08-20 17:09:23,159:INFO:Initializing create_model()
2026-08-20 17:09:23,159:INFO:create_model(self=<pycaret.regression.oop.RegressionExperiment object at 0x000001F82F3F1550>, estimator=huber, fold=KFold(n_splits=10, random_state=None, shuffle=False), round=4, cross_validation=True, predict=True, fit_kwargs={}, groups=None, refit=False, probability_threshold=None, experiment_custom_tags=None, verbose=False, system=False, add_to_model_list=True, metrics=None, display=<pycaret.internal.display.display.CommonDisplay object at 0x000001F8317E6690>, model_only=True, return_train_score=False, error_score=0.0, kwargs={})
2026-08-20 17:09:23,159:INFO:Checking exceptions
2026-08-20 17:09:23,159:INFO:Importing libraries
2026-08-20 17:09:23,159:INFO:Copying training dataset
2026-08-20 17:09:23,165:INFO:Defining folds
2026-08-20 17:09:23,165:INFO:Declaring metric variables
2026-08-20 17:09:23,165:INFO:Importing untrained model
2026-08-20 17:09:23,165:INFO:Huber Regressor Imported successfully
2026-08-20 17:09:23,166:INFO:Starting cross validation
2026-08-20 17:09:23,168:INFO:Cross validating with KFold(n_splits=10, random_state=None, shuffle=False), n_jobs=-1
2026-08-20 17:09:23,844:INFO:Calculating mean and std
2026-08-20 17:09:23,845:INFO:Creating metrics dataframe
2026-08-20 17:09:23,847:INFO:Uploading results into container
2026-08-20 17:09:23,848:INFO:Uploading model into container now
2026-08-20 17:09:23,848:INFO:_master_model_container: 10
2026-08-20 17:09:23,848:INFO:_display_container: 2
2026-08-20 17:09:23,849:INFO:HuberRegressor()
2026-08-20 17:09:23,849:INFO:create_model() successfully completed......................................
2026-08-20 17:09:23,952:INFO:SubProcess create_model() end ==================================
2026-08-20 17:09:23,952:INFO:Creating metrics dataframe
2026-08-20 17:09:23,954:INFO:Initializing K Neighbors Regressor
2026-08-20 17:09:23,954:INFO:Total runtime is 0.33325727780659986 minutes
2026-08-20 17:09:23,954:INFO:SubProcess create_model() called ==================================
2026-08-20 17:09:23,955:INFO:Initializing create_model()
2026-08-20 17:09:23,955:INFO:create_model(self=<pycaret.regression.oop.RegressionExperiment object at 0x000001F82F3F1550>, estimator=knn, fold=KFold(n_splits=10, random_state=None, shuffle=False), round=4, cross_validation=True, predict=True, fit_kwargs={}, groups=None, refit=False, probability_threshold=None, experiment_custom_tags=None, verbose=False, system=False, add_to_model_list=True, metrics=None, display=<pycaret.internal.display.display.CommonDisplay object at 0x000001F8317E6690>, model_only=True, return_train_score=False, error_score=0.0, kwargs={})
2026-08-20 17:09:23,955:INFO:Checking exceptions
2026-08-20 17:09:23,955:INFO:Importing libraries
2026-08-20 17:09:23,955:INFO:Copying training dataset
2026-08-20 17:09:23,960:INFO:Defining folds
2026-08-20 17:09:23,960:INFO:Declaring metric variables
2026-08-20 17:09:23,960:INFO:Importing untrained model
2026-08-20 17:09:23,960:INFO:K Neighbors Regressor Imported successfully
2026-08-20 17:09:23,961:INFO:Starting cross validation
2026-08-20 17:09:23,964:INFO:Cross validating with KFold(n_splits=10, random_state=None, shuffle=False), n_jobs=-1
2026-08-20 17:09:24,474:INFO:Calculating mean and std
2026-08-20 17:09:24,475:INFO:Creating metrics dataframe
2026-08-20 17:09:24,476:INFO:Uploading results into container
2026-08-20 17:09:24,477:INFO:Uploading model into container now
2026-08-20 17:09:24,477:INFO:_master_model_container: 11
2026-08-20 17:09:24,477:INFO:_display_container: 2
2026-08-20 17:09:24,478:INFO:KNeighborsRegressor(n_jobs=-1)
2026-08-20 17:09:24,478:INFO:create_model() successfully completed......................................
2026-08-20 17:09:24,575:INFO:SubProcess create_model() end ==================================
2026-08-20 17:09:24,576:INFO:Creating metrics dataframe
2026-08-20 17:09:24,580:INFO:Initializing Decision Tree Regressor
2026-08-20 17:09:24,580:INFO:Total runtime is 0.3437001943588256 minutes
2026-08-20 17:09:24,580:INFO:SubProcess create_model() called ==================================
2026-08-20 17:09:24,581:INFO:Initializing create_model()
2026-08-20 17:09:24,581:INFO:create_model(self=<pycaret.regression.oop.RegressionExperiment object at 0x000001F82F3F1550>, estimator=dt, fold=KFold(n_splits=10, random_state=None, shuffle=False), round=4, cross_validation=True, predict=True, fit_kwargs={}, groups=None, refit=False, probability_threshold=None, experiment_custom_tags=None, verbose=False, system=False, add_to_model_list=True, metrics=None, display=<pycaret.internal.display.display.CommonDisplay object at 0x000001F8317E6690>, model_only=True, return_train_score=False, error_score=0.0, kwargs={})
2026-08-20 17:09:24,581:INFO:Checking exceptions
2026-08-20 17:09:24,581:INFO:Importing libraries
2026-08-20 17:09:24,581:INFO:Copying training dataset
2026-08-20 17:09:24,592:INFO:Defining folds
2026-08-20 17:09:24,592:INFO:Declaring metric variables
2026-08-20 17:09:24,592:INFO:Importing untrained model
2026-08-20 17:09:24,593:INFO:Decision Tree Regressor Imported successfully
2026-08-20 17:09:24,593:INFO:Starting cross validation
2026-08-20 17:09:24,597:INFO:Cross validating with KFold(n_splits=10, random_state=None, shuffle=False), n_jobs=-1
2026-08-20 17:09:25,103:INFO:Calculating mean and std
2026-08-20 17:09:25,103:INFO:Creating metrics dataframe
2026-08-20 17:09:25,105:INFO:Uploading results into container
2026-08-20 17:09:25,106:INFO:Uploading model into container now
2026-08-20 17:09:25,106:INFO:_master_model_container: 12
2026-08-20 17:09:25,107:INFO:_display_container: 2
2026-08-20 17:09:25,107:INFO:DecisionTreeRegressor(random_state=42)
2026-08-20 17:09:25,107:INFO:create_model() successfully completed......................................
2026-08-20 17:09:25,203:INFO:SubProcess create_model() end ==================================
2026-08-20 17:09:25,203:INFO:Creating metrics dataframe
2026-08-20 17:09:25,207:INFO:Initializing Random Forest Regressor
2026-08-20 17:09:25,208:INFO:Total runtime is 0.35416109561920156 minutes
2026-08-20 17:09:25,208:INFO:SubProcess create_model() called ==================================
2026-08-20 17:09:25,208:INFO:Initializing create_model()
2026-08-20 17:09:25,208:INFO:create_model(self=<pycaret.regression.oop.RegressionExperiment object at 0x000001F82F3F1550>, estimator=rf, fold=KFold(n_splits=10, random_state=None, shuffle=False), round=4, cross_validation=True, predict=True, fit_kwargs={}, groups=None, refit=False, probability_threshold=None, experiment_custom_tags=None, verbose=False, system=False, add_to_model_list=True, metrics=None, display=<pycaret.internal.display.display.CommonDisplay object at 0x000001F8317E6690>, model_only=True, return_train_score=False, error_score=0.0, kwargs={})
2026-08-20 17:09:25,208:INFO:Checking exceptions
2026-08-20 17:09:25,209:INFO:Importing libraries
2026-08-20 17:09:25,209:INFO:Copying training dataset
2026-08-20 17:09:25,221:INFO:Defining folds
2026-08-20 17:09:25,221:INFO:Declaring metric variables
2026-08-20 17:09:25,221:INFO:Importing untrained model
2026-08-20 17:09:25,222:INFO:Random Forest Regressor Imported successfully
2026-08-20 17:09:25,222:INFO:Starting cross validation
2026-08-20 17:09:25,225:INFO:Cross validating with KFold(n_splits=10, random_state=None, shuffle=False), n_jobs=-1
2026-08-20 17:09:26,203:INFO:Calculating mean and std
2026-08-20 17:09:26,203:INFO:Creating metrics dataframe
2026-08-20 17:09:26,205:INFO:Uploading results into container
2026-08-20 17:09:26,206:INFO:Uploading model into container now
2026-08-20 17:09:26,206:INFO:_master_model_container: 13
2026-08-20 17:09:26,206:INFO:_display_container: 2
2026-08-20 17:09:26,207:INFO:RandomForestRegressor(n_jobs=-1, random_state=42)
2026-08-20 17:09:26,207:INFO:create_model() successfully completed......................................
2026-08-20 17:09:26,304:INFO:SubProcess create_model() end ==================================
2026-08-20 17:09:26,304:INFO:Creating metrics dataframe
2026-08-20 17:09:26,308:INFO:Initializing Extra Trees Regressor
2026-08-20 17:09:26,308:INFO:Total runtime is 0.37249505122502635 minutes
2026-08-20 17:09:26,309:INFO:SubProcess create_model() called ==================================
2026-08-20 17:09:26,309:INFO:Initializing create_model()
2026-08-20 17:09:26,309:INFO:create_model(self=<pycaret.regression.oop.RegressionExperiment object at 0x000001F82F3F1550>, estimator=et, fold=KFold(n_splits=10, random_state=None, shuffle=False), round=4, cross_validation=True, predict=True, fit_kwargs={}, groups=None, refit=False, probability_threshold=None, experiment_custom_tags=None, verbose=False, system=False, add_to_model_list=True, metrics=None, display=<pycaret.internal.display.display.CommonDisplay object at 0x000001F8317E6690>, model_only=True, return_train_score=False, error_score=0.0, kwargs={})
2026-08-20 17:09:26,309:INFO:Checking exceptions
2026-08-20 17:09:26,309:INFO:Importing libraries
2026-08-20 17:09:26,309:INFO:Copying training dataset
2026-08-20 17:09:26,317:INFO:Defining folds
2026-08-20 17:09:26,317:INFO:Declaring metric variables
2026-08-20 17:09:26,317:INFO:Importing untrained model
2026-08-20 17:09:26,318:INFO:Extra Trees Regressor Imported successfully
2026-08-20 17:09:26,318:INFO:Starting cross validation
2026-08-20 17:09:26,321:INFO:Cross validating with KFold(n_splits=10, random_state=None, shuffle=False), n_jobs=-1
2026-08-20 17:09:27,252:INFO:Calculating mean and std
2026-08-20 17:09:27,253:INFO:Creating metrics dataframe
2026-08-20 17:09:27,255:INFO:Uploading results into container
2026-08-20 17:09:27,256:INFO:Uploading model into container now
2026-08-20 17:09:27,256:INFO:_master_model_container: 14
2026-08-20 17:09:27,256:INFO:_display_container: 2
2026-08-20 17:09:27,257:INFO:ExtraTreesRegressor(n_jobs=-1, random_state=42)
2026-08-20 17:09:27,257:INFO:create_model() successfully completed......................................
2026-08-20 17:09:27,356:INFO:SubProcess create_model() end ==================================
2026-08-20 17:09:27,356:INFO:Creating metrics dataframe
2026-08-20 17:09:27,369:INFO:Initializing AdaBoost Regressor
2026-08-20 17:09:27,370:INFO:Total runtime is 0.39020277261734 minutes
2026-08-20 17:09:27,370:INFO:SubProcess create_model() called ==================================
2026-08-20 17:09:27,371:INFO:Initializing create_model()
2026-08-20 17:09:27,371:INFO:create_model(self=<pycaret.regression.oop.RegressionExperiment object at 0x000001F82F3F1550>, estimator=ada, fold=KFold(n_splits=10, random_state=None, shuffle=False), round=4, cross_validation=True, predict=True, fit_kwargs={}, groups=None, refit=False, probability_threshold=None, experiment_custom_tags=None, verbose=False, system=False, add_to_model_list=True, metrics=None, display=<pycaret.internal.display.display.CommonDisplay object at 0x000001F8317E6690>, model_only=True, return_train_score=False, error_score=0.0, kwargs={})
2026-08-20 17:09:27,372:INFO:Checking exceptions
2026-08-20 17:09:27,372:INFO:Importing libraries
2026-08-20 17:09:27,372:INFO:Copying training dataset
2026-08-20 17:09:27,386:INFO:Defining folds
2026-08-20 17:09:27,386:INFO:Declaring metric variables
2026-08-20 17:09:27,386:INFO:Importing untrained model
2026-08-20 17:09:27,387:INFO:AdaBoost Regressor Imported successfully
2026-08-20 17:09:27,388:INFO:Starting cross validation
2026-08-20 17:09:27,390:INFO:Cross validating with KFold(n_splits=10, random_state=None, shuffle=False), n_jobs=-1
2026-08-20 17:09:28,034:INFO:Calculating mean and std
2026-08-20 17:09:28,036:INFO:Creating metrics dataframe
2026-08-20 17:09:28,037:INFO:Uploading results into container
2026-08-20 17:09:28,038:INFO:Uploading model into container now
2026-08-20 17:09:28,038:INFO:_master_model_container: 15
2026-08-20 17:09:28,038:INFO:_display_container: 2
2026-08-20 17:09:28,038:INFO:AdaBoostRegressor(random_state=42)
2026-08-20 17:09:28,039:INFO:create_model() successfully completed......................................
2026-08-20 17:09:28,137:INFO:SubProcess create_model() end ==================================
2026-08-20 17:09:28,138:INFO:Creating metrics dataframe
2026-08-20 17:09:28,143:INFO:Initializing Gradient Boosting Regressor
2026-08-20 17:09:28,143:INFO:Total runtime is 0.4030759334564208 minutes
2026-08-20 17:09:28,143:INFO:SubProcess create_model() called ==================================
2026-08-20 17:09:28,144:INFO:Initializing create_model()
2026-08-20 17:09:28,144:INFO:create_model(self=<pycaret.regression.oop.RegressionExperiment object at 0x000001F82F3F1550>, estimator=gbr, fold=KFold(n_splits=10, random_state=None, shuffle=False), round=4, cross_validation=True, predict=True, fit_kwargs={}, groups=None, refit=False, probability_threshold=None, experiment_custom_tags=None, verbose=False, system=False, add_to_model_list=True, metrics=None, display=<pycaret.internal.display.display.CommonDisplay object at 0x000001F8317E6690>, model_only=True, return_train_score=False, error_score=0.0, kwargs={})
2026-08-20 17:09:28,144:INFO:Checking exceptions
2026-08-20 17:09:28,144:INFO:Importing libraries
2026-08-20 17:09:28,144:INFO:Copying training dataset
2026-08-20 17:09:28,151:INFO:Defining folds
2026-08-20 17:09:28,152:INFO:Declaring metric variables
2026-08-20 17:09:28,152:INFO:Importing untrained model
2026-08-20 17:09:28,152:INFO:Gradient Boosting Regressor Imported successfully
2026-08-20 17:09:28,152:INFO:Starting cross validation
2026-08-20 17:09:28,157:INFO:Cross validating with KFold(n_splits=10, random_state=None, shuffle=False), n_jobs=-1
2026-08-20 17:09:28,804:INFO:Calculating mean and std
2026-08-20 17:09:28,804:INFO:Creating metrics dataframe
2026-08-20 17:09:28,806:INFO:Uploading results into container
2026-08-20 17:09:28,807:INFO:Uploading model into container now
2026-08-20 17:09:28,807:INFO:_master_model_container: 16
2026-08-20 17:09:28,807:INFO:_display_container: 2
2026-08-20 17:09:28,807:INFO:GradientBoostingRegressor(random_state=42)
2026-08-20 17:09:28,807:INFO:create_model() successfully completed......................................
2026-08-20 17:09:28,899:INFO:SubProcess create_model() end ==================================
2026-08-20 17:09:28,899:INFO:Creating metrics dataframe
2026-08-20 17:09:28,903:INFO:Initializing Light Gradient Boosting Machine
2026-08-20 17:09:28,903:INFO:Total runtime is 0.4157508095105488 minutes
2026-08-20 17:09:28,904:INFO:SubProcess create_model() called ==================================
2026-08-20 17:09:28,904:INFO:Initializing create_model()
2026-08-20 17:09:28,904:INFO:create_model(self=<pycaret.regression.oop.RegressionExperiment object at 0x000001F82F3F1550>, estimator=lightgbm, fold=KFold(n_splits=10, random_state=None, shuffle=False), round=4, cross_validation=True, predict=True, fit_kwargs={}, groups=None, refit=False, probability_threshold=None, experiment_custom_tags=None, verbose=False, system=False, add_to_model_list=True, metrics=None, display=<pycaret.internal.display.display.CommonDisplay object at 0x000001F8317E6690>, model_only=True, return_train_score=False, error_score=0.0, kwargs={})
2026-08-20 17:09:28,904:INFO:Checking exceptions
2026-08-20 17:09:28,904:INFO:Importing libraries
2026-08-20 17:09:28,904:INFO:Copying training dataset
2026-08-20 17:09:28,913:INFO:Defining folds
2026-08-20 17:09:28,913:INFO:Declaring metric variables
2026-08-20 17:09:28,914:INFO:Importing untrained model
2026-08-20 17:09:28,915:INFO:Light Gradient Boosting Machine Imported successfully
2026-08-20 17:09:28,915:INFO:Starting cross validation
2026-08-20 17:09:28,917:INFO:Cross validating with KFold(n_splits=10, random_state=None, shuffle=False), n_jobs=-1
2026-08-20 17:09:29,420:WARNING:create_model() for lightgbm raised an exception or returned all 0.0, trying without fit_kwargs:
2026-08-20 17:09:29,425:WARNING:Traceback (most recent call last):
  File "C:\Users\knish\PycharmProjects\AutoML-Smart-Prediction\.venv\Lib\site-packages\pycaret\internal\pycaret_experiment\supervised_experiment.py", line 794, in compare_models
    model, model_fit_time = self._create_model(**create_model_args)
                            ^^^^^^^^^^^^^^^^^^^^^^^^^^^^^^^^^^^^^^^
  File "C:\Users\knish\PycharmProjects\AutoML-Smart-Prediction\.venv\Lib\site-packages\pycaret\internal\pycaret_experiment\supervised_experiment.py", line 1533, in _create_model
    model, model_fit_time, model_results, _ = self._create_model_with_cv(
                                              ^^^^^^^^^^^^^^^^^^^^^^^^^^^
  File "C:\Users\knish\PycharmProjects\AutoML-Smart-Prediction\.venv\Lib\site-packages\pycaret\internal\pycaret_experiment\supervised_experiment.py", line 1126, in _create_model_with_cv
    scores = cross_validate(
             ^^^^^^^^^^^^^^^
  File "C:\Users\knish\PycharmProjects\AutoML-Smart-Prediction\.venv\Lib\site-packages\sklearn\utils\_param_validation.py", line 213, in wrapper
    return func(*args, **kwargs)
           ^^^^^^^^^^^^^^^^^^^^^
  File "C:\Users\knish\PycharmProjects\AutoML-Smart-Prediction\.venv\Lib\site-packages\sklearn\model_selection\_validation.py", line 450, in cross_validate
    _warn_or_raise_about_fit_failures(results, error_score)
  File "C:\Users\knish\PycharmProjects\AutoML-Smart-Prediction\.venv\Lib\site-packages\sklearn\model_selection\_validation.py", line 536, in _warn_or_raise_about_fit_failures
    raise ValueError(all_fits_failed_message)
ValueError: 
All the 10 fits failed.
It is very likely that your model is misconfigured.
You can try to debug the error by setting error_score='raise'.

Below are more details about the failures:
--------------------------------------------------------------------------------
10 fits failed with the following error:
Traceback (most recent call last):
  File "C:\Users\knish\PycharmProjects\AutoML-Smart-Prediction\.venv\Lib\site-packages\sklearn\model_selection\_validation.py", line 895, in _fit_and_score
    estimator.fit(X_train, y_train, **fit_params)
  File "C:\Users\knish\PycharmProjects\AutoML-Smart-Prediction\.venv\Lib\site-packages\pycaret\internal\pipeline.py", line 278, in fit
    fitted_estimator = self._memory_fit(
                       ^^^^^^^^^^^^^^^^^
  File "C:\Users\knish\PycharmProjects\AutoML-Smart-Prediction\.venv\Lib\site-packages\joblib\memory.py", line 353, in __call__
    return self.func(*args, **kwargs)
           ^^^^^^^^^^^^^^^^^^^^^^^^^^
  File "C:\Users\knish\PycharmProjects\AutoML-Smart-Prediction\.venv\Lib\site-packages\pycaret\internal\pipeline.py", line 69, in _fit_one
    transformer.fit(*args)
  File "C:\Users\knish\PycharmProjects\AutoML-Smart-Prediction\.venv\Lib\site-packages\lightgbm\sklearn.py", line 1536, in fit
    super().fit(
  File "C:\Users\knish\PycharmProjects\AutoML-Smart-Prediction\.venv\Lib\site-packages\lightgbm\sklearn.py", line 1171, in fit
    self._Booster = train(
                    ^^^^^^
  File "C:\Users\knish\PycharmProjects\AutoML-Smart-Prediction\.venv\Lib\site-packages\lightgbm\engine.py", line 296, in train
    booster = Booster(params=params, train_set=train_set)
              ^^^^^^^^^^^^^^^^^^^^^^^^^^^^^^^^^^^^^^^^^^^
  File "C:\Users\knish\PycharmProjects\AutoML-Smart-Prediction\.venv\Lib\site-packages\lightgbm\basic.py", line 3758, in __init__
    train_set.construct()
  File "C:\Users\knish\PycharmProjects\AutoML-Smart-Prediction\.venv\Lib\site-packages\lightgbm\basic.py", line 2574, in construct
    self._lazy_init(
  File "C:\Users\knish\PycharmProjects\AutoML-Smart-Prediction\.venv\Lib\site-packages\lightgbm\basic.py", line 2189, in _lazy_init
    self.set_label(label)
  File "C:\Users\knish\PycharmProjects\AutoML-Smart-Prediction\.venv\Lib\site-packages\lightgbm\basic.py", line 3097, in set_label
    self.set_field("label", label_array)
  File "C:\Users\knish\PycharmProjects\AutoML-Smart-Prediction\.venv\Lib\site-packages\lightgbm\basic.py", line 2860, in set_field
    _LIB.LGBM_DatasetSetField(
OSError: exception: access violation reading 0x0000000000000000


2026-08-20 17:09:29,426:INFO:Initializing create_model()
2026-08-20 17:09:29,426:INFO:create_model(self=<pycaret.regression.oop.RegressionExperiment object at 0x000001F82F3F1550>, estimator=lightgbm, fold=KFold(n_splits=10, random_state=None, shuffle=False), round=4, cross_validation=True, predict=True, fit_kwargs={}, groups=None, refit=False, probability_threshold=None, experiment_custom_tags=None, verbose=False, system=False, add_to_model_list=True, metrics=None, display=<pycaret.internal.display.display.CommonDisplay object at 0x000001F8317E6690>, model_only=True, return_train_score=False, error_score=0.0, kwargs={})
2026-08-20 17:09:29,426:INFO:Checking exceptions
2026-08-20 17:09:29,426:INFO:Importing libraries
2026-08-20 17:09:29,426:INFO:Copying training dataset
2026-08-20 17:09:29,433:INFO:Defining folds
2026-08-20 17:09:29,433:INFO:Declaring metric variables
2026-08-20 17:09:29,433:INFO:Importing untrained model
2026-08-20 17:09:29,434:INFO:Light Gradient Boosting Machine Imported successfully
2026-08-20 17:09:29,434:INFO:Starting cross validation
2026-08-20 17:09:29,437:INFO:Cross validating with KFold(n_splits=10, random_state=None, shuffle=False), n_jobs=-1
2026-08-20 17:09:29,818:ERROR:create_model() for lightgbm raised an exception or returned all 0.0:
2026-08-20 17:09:29,820:ERROR:Traceback (most recent call last):
  File "C:\Users\knish\PycharmProjects\AutoML-Smart-Prediction\.venv\Lib\site-packages\pycaret\internal\pycaret_experiment\supervised_experiment.py", line 794, in compare_models
    model, model_fit_time = self._create_model(**create_model_args)
                            ^^^^^^^^^^^^^^^^^^^^^^^^^^^^^^^^^^^^^^^
  File "C:\Users\knish\PycharmProjects\AutoML-Smart-Prediction\.venv\Lib\site-packages\pycaret\internal\pycaret_experiment\supervised_experiment.py", line 1533, in _create_model
    model, model_fit_time, model_results, _ = self._create_model_with_cv(
                                              ^^^^^^^^^^^^^^^^^^^^^^^^^^^
  File "C:\Users\knish\PycharmProjects\AutoML-Smart-Prediction\.venv\Lib\site-packages\pycaret\internal\pycaret_experiment\supervised_experiment.py", line 1126, in _create_model_with_cv
    scores = cross_validate(
             ^^^^^^^^^^^^^^^
  File "C:\Users\knish\PycharmProjects\AutoML-Smart-Prediction\.venv\Lib\site-packages\sklearn\utils\_param_validation.py", line 213, in wrapper
    return func(*args, **kwargs)
           ^^^^^^^^^^^^^^^^^^^^^
  File "C:\Users\knish\PycharmProjects\AutoML-Smart-Prediction\.venv\Lib\site-packages\sklearn\model_selection\_validation.py", line 450, in cross_validate
    _warn_or_raise_about_fit_failures(results, error_score)
  File "C:\Users\knish\PycharmProjects\AutoML-Smart-Prediction\.venv\Lib\site-packages\sklearn\model_selection\_validation.py", line 536, in _warn_or_raise_about_fit_failures
    raise ValueError(all_fits_failed_message)
ValueError: 
All the 10 fits failed.
It is very likely that your model is misconfigured.
You can try to debug the error by setting error_score='raise'.

Below are more details about the failures:
--------------------------------------------------------------------------------
10 fits failed with the following error:
Traceback (most recent call last):
  File "C:\Users\knish\PycharmProjects\AutoML-Smart-Prediction\.venv\Lib\site-packages\sklearn\model_selection\_validation.py", line 895, in _fit_and_score
    estimator.fit(X_train, y_train, **fit_params)
  File "C:\Users\knish\PycharmProjects\AutoML-Smart-Prediction\.venv\Lib\site-packages\pycaret\internal\pipeline.py", line 278, in fit
    fitted_estimator = self._memory_fit(
                       ^^^^^^^^^^^^^^^^^
  File "C:\Users\knish\PycharmProjects\AutoML-Smart-Prediction\.venv\Lib\site-packages\joblib\memory.py", line 353, in __call__
    return self.func(*args, **kwargs)
           ^^^^^^^^^^^^^^^^^^^^^^^^^^
  File "C:\Users\knish\PycharmProjects\AutoML-Smart-Prediction\.venv\Lib\site-packages\pycaret\internal\pipeline.py", line 69, in _fit_one
    transformer.fit(*args)
  File "C:\Users\knish\PycharmProjects\AutoML-Smart-Prediction\.venv\Lib\site-packages\lightgbm\sklearn.py", line 1536, in fit
    super().fit(
  File "C:\Users\knish\PycharmProjects\AutoML-Smart-Prediction\.venv\Lib\site-packages\lightgbm\sklearn.py", line 1171, in fit
    self._Booster = train(
                    ^^^^^^
  File "C:\Users\knish\PycharmProjects\AutoML-Smart-Prediction\.venv\Lib\site-packages\lightgbm\engine.py", line 296, in train
    booster = Booster(params=params, train_set=train_set)
              ^^^^^^^^^^^^^^^^^^^^^^^^^^^^^^^^^^^^^^^^^^^
  File "C:\Users\knish\PycharmProjects\AutoML-Smart-Prediction\.venv\Lib\site-packages\lightgbm\basic.py", line 3758, in __init__
    train_set.construct()
  File "C:\Users\knish\PycharmProjects\AutoML-Smart-Prediction\.venv\Lib\site-packages\lightgbm\basic.py", line 2574, in construct
    self._lazy_init(
  File "C:\Users\knish\PycharmProjects\AutoML-Smart-Prediction\.venv\Lib\site-packages\lightgbm\basic.py", line 2189, in _lazy_init
    self.set_label(label)
  File "C:\Users\knish\PycharmProjects\AutoML-Smart-Prediction\.venv\Lib\site-packages\lightgbm\basic.py", line 3097, in set_label
    self.set_field("label", label_array)
  File "C:\Users\knish\PycharmProjects\AutoML-Smart-Prediction\.venv\Lib\site-packages\lightgbm\basic.py", line 2860, in set_field
    _LIB.LGBM_DatasetSetField(
OSError: exception: access violation reading 0x0000000000000000


During handling of the above exception, another exception occurred:

Traceback (most recent call last):
  File "C:\Users\knish\PycharmProjects\AutoML-Smart-Prediction\.venv\Lib\site-packages\pycaret\internal\pycaret_experiment\supervised_experiment.py", line 815, in compare_models
    model, model_fit_time = self._create_model(**create_model_args)
                            ^^^^^^^^^^^^^^^^^^^^^^^^^^^^^^^^^^^^^^^
  File "C:\Users\knish\PycharmProjects\AutoML-Smart-Prediction\.venv\Lib\site-packages\pycaret\internal\pycaret_experiment\supervised_experiment.py", line 1533, in _create_model
    model, model_fit_time, model_results, _ = self._create_model_with_cv(
                                              ^^^^^^^^^^^^^^^^^^^^^^^^^^^
  File "C:\Users\knish\PycharmProjects\AutoML-Smart-Prediction\.venv\Lib\site-packages\pycaret\internal\pycaret_experiment\supervised_experiment.py", line 1126, in _create_model_with_cv
    scores = cross_validate(
             ^^^^^^^^^^^^^^^
  File "C:\Users\knish\PycharmProjects\AutoML-Smart-Prediction\.venv\Lib\site-packages\sklearn\utils\_param_validation.py", line 213, in wrapper
    return func(*args, **kwargs)
           ^^^^^^^^^^^^^^^^^^^^^
  File "C:\Users\knish\PycharmProjects\AutoML-Smart-Prediction\.venv\Lib\site-packages\sklearn\model_selection\_validation.py", line 450, in cross_validate
    _warn_or_raise_about_fit_failures(results, error_score)
  File "C:\Users\knish\PycharmProjects\AutoML-Smart-Prediction\.venv\Lib\site-packages\sklearn\model_selection\_validation.py", line 536, in _warn_or_raise_about_fit_failures
    raise ValueError(all_fits_failed_message)
ValueError: 
All the 10 fits failed.
It is very likely that your model is misconfigured.
You can try to debug the error by setting error_score='raise'.

Below are more details about the failures:
--------------------------------------------------------------------------------
10 fits failed with the following error:
Traceback (most recent call last):
  File "C:\Users\knish\PycharmProjects\AutoML-Smart-Prediction\.venv\Lib\site-packages\sklearn\model_selection\_validation.py", line 895, in _fit_and_score
    estimator.fit(X_train, y_train, **fit_params)
  File "C:\Users\knish\PycharmProjects\AutoML-Smart-Prediction\.venv\Lib\site-packages\pycaret\internal\pipeline.py", line 278, in fit
    fitted_estimator = self._memory_fit(
                       ^^^^^^^^^^^^^^^^^
  File "C:\Users\knish\PycharmProjects\AutoML-Smart-Prediction\.venv\Lib\site-packages\joblib\memory.py", line 353, in __call__
    return self.func(*args, **kwargs)
           ^^^^^^^^^^^^^^^^^^^^^^^^^^
  File "C:\Users\knish\PycharmProjects\AutoML-Smart-Prediction\.venv\Lib\site-packages\pycaret\internal\pipeline.py", line 69, in _fit_one
    transformer.fit(*args)
  File "C:\Users\knish\PycharmProjects\AutoML-Smart-Prediction\.venv\Lib\site-packages\lightgbm\sklearn.py", line 1536, in fit
    super().fit(
  File "C:\Users\knish\PycharmProjects\AutoML-Smart-Prediction\.venv\Lib\site-packages\lightgbm\sklearn.py", line 1171, in fit
    self._Booster = train(
                    ^^^^^^
  File "C:\Users\knish\PycharmProjects\AutoML-Smart-Prediction\.venv\Lib\site-packages\lightgbm\engine.py", line 296, in train
    booster = Booster(params=params, train_set=train_set)
              ^^^^^^^^^^^^^^^^^^^^^^^^^^^^^^^^^^^^^^^^^^^
  File "C:\Users\knish\PycharmProjects\AutoML-Smart-Prediction\.venv\Lib\site-packages\lightgbm\basic.py", line 3758, in __init__
    train_set.construct()
  File "C:\Users\knish\PycharmProjects\AutoML-Smart-Prediction\.venv\Lib\site-packages\lightgbm\basic.py", line 2574, in construct
    self._lazy_init(
  File "C:\Users\knish\PycharmProjects\AutoML-Smart-Prediction\.venv\Lib\site-packages\lightgbm\basic.py", line 2189, in _lazy_init
    self.set_label(label)
  File "C:\Users\knish\PycharmProjects\AutoML-Smart-Prediction\.venv\Lib\site-packages\lightgbm\basic.py", line 3097, in set_label
    self.set_field("label", label_array)
  File "C:\Users\knish\PycharmProjects\AutoML-Smart-Prediction\.venv\Lib\site-packages\lightgbm\basic.py", line 2860, in set_field
    _LIB.LGBM_DatasetSetField(
OSError: exception: access violation reading 0x0000000000000000


2026-08-20 17:09:29,821:INFO:Initializing Dummy Regressor
2026-08-20 17:09:29,821:INFO:Total runtime is 0.43105006615320834 minutes
2026-08-20 17:09:29,821:INFO:SubProcess create_model() called ==================================
2026-08-20 17:09:29,822:INFO:Initializing create_model()
2026-08-20 17:09:29,822:INFO:create_model(self=<pycaret.regression.oop.RegressionExperiment object at 0x000001F82F3F1550>, estimator=dummy, fold=KFold(n_splits=10, random_state=None, shuffle=False), round=4, cross_validation=True, predict=True, fit_kwargs={}, groups=None, refit=False, probability_threshold=None, experiment_custom_tags=None, verbose=False, system=False, add_to_model_list=True, metrics=None, display=<pycaret.internal.display.display.CommonDisplay object at 0x000001F8317E6690>, model_only=True, return_train_score=False, error_score=0.0, kwargs={})
2026-08-20 17:09:29,822:INFO:Checking exceptions
2026-08-20 17:09:29,822:INFO:Importing libraries
2026-08-20 17:09:29,822:INFO:Copying training dataset
2026-08-20 17:09:29,829:INFO:Defining folds
2026-08-20 17:09:29,829:INFO:Declaring metric variables
2026-08-20 17:09:29,830:INFO:Importing untrained model
2026-08-20 17:09:29,830:INFO:Dummy Regressor Imported successfully
2026-08-20 17:09:29,830:INFO:Starting cross validation
2026-08-20 17:09:29,833:INFO:Cross validating with KFold(n_splits=10, random_state=None, shuffle=False), n_jobs=-1
2026-08-20 17:09:30,272:INFO:Calculating mean and std
2026-08-20 17:09:30,273:INFO:Creating metrics dataframe
2026-08-20 17:09:30,275:INFO:Uploading results into container
2026-08-20 17:09:30,276:INFO:Uploading model into container now
2026-08-20 17:09:30,276:INFO:_master_model_container: 17
2026-08-20 17:09:30,276:INFO:_display_container: 2
2026-08-20 17:09:30,276:INFO:DummyRegressor()
2026-08-20 17:09:30,276:INFO:create_model() successfully completed......................................
2026-08-20 17:09:30,380:INFO:SubProcess create_model() end ==================================
2026-08-20 17:09:30,380:INFO:Creating metrics dataframe
2026-08-20 17:09:30,384:WARNING:C:\Users\knish\PycharmProjects\AutoML-Smart-Prediction\.venv\Lib\site-packages\pycaret\internal\pycaret_experiment\supervised_experiment.py:339: FutureWarning: Styler.applymap has been deprecated. Use Styler.map instead.
  .applymap(highlight_cols, subset=["TT (Sec)"])

2026-08-20 17:09:30,388:INFO:Initializing create_model()
2026-08-20 17:09:30,388:INFO:create_model(self=<pycaret.regression.oop.RegressionExperiment object at 0x000001F82F3F1550>, estimator=RandomForestRegressor(n_jobs=-1, random_state=42), fold=KFold(n_splits=10, random_state=None, shuffle=False), round=4, cross_validation=False, predict=False, fit_kwargs={}, groups=None, refit=True, probability_threshold=None, experiment_custom_tags=None, verbose=False, system=False, add_to_model_list=True, metrics=None, display=None, model_only=True, return_train_score=False, error_score=0.0, kwargs={})
2026-08-20 17:09:30,388:INFO:Checking exceptions
2026-08-20 17:09:30,390:INFO:Importing libraries
2026-08-20 17:09:30,390:INFO:Copying training dataset
2026-08-20 17:09:30,397:INFO:Defining folds
2026-08-20 17:09:30,397:INFO:Declaring metric variables
2026-08-20 17:09:30,398:INFO:Importing untrained model
2026-08-20 17:09:30,398:INFO:Declaring custom model
2026-08-20 17:09:30,398:INFO:Random Forest Regressor Imported successfully
2026-08-20 17:09:30,401:INFO:Cross validation set to False
2026-08-20 17:09:30,401:INFO:Fitting Model
2026-08-20 17:09:30,724:INFO:RandomForestRegressor(n_jobs=-1, random_state=42)
2026-08-20 17:09:30,725:INFO:create_model() successfully completed......................................
2026-08-20 17:09:30,841:INFO:_master_model_container: 17
2026-08-20 17:09:30,841:INFO:_display_container: 2
2026-08-20 17:09:30,842:INFO:RandomForestRegressor(n_jobs=-1, random_state=42)
2026-08-20 17:09:30,842:INFO:compare_models() successfully completed......................................
2026-08-20 17:09:30,843:INFO:Initializing tune_model()
2026-08-20 17:09:30,843:INFO:tune_model(self=<pycaret.regression.oop.RegressionExperiment object at 0x000001F82F3F1550>, estimator=RandomForestRegressor(n_jobs=-1, random_state=42), fold=None, round=4, n_iter=10, custom_grid=None, optimize=RMSE, custom_scorer=None, search_library=scikit-learn, search_algorithm=None, early_stopping=False, early_stopping_max_iters=10, choose_better=True, fit_kwargs=None, groups=None, return_tuner=False, verbose=True, tuner_verbose=True, return_train_score=False, kwargs={})
2026-08-20 17:09:30,843:INFO:Checking exceptions
2026-08-20 17:09:30,850:INFO:Copying training dataset
2026-08-20 17:09:30,855:INFO:Checking base model
2026-08-20 17:09:30,856:INFO:Base model : Random Forest Regressor
2026-08-20 17:09:30,856:INFO:Declaring metric variables
2026-08-20 17:09:30,856:INFO:Defining Hyperparameters
2026-08-20 17:09:30,963:INFO:Tuning with n_jobs=-1
2026-08-20 17:09:30,963:INFO:Initializing RandomizedSearchCV
2026-08-20 17:09:39,959:INFO:best_params: {'actual_estimator__n_estimators': 280, 'actual_estimator__min_samples_split': 7, 'actual_estimator__min_samples_leaf': 2, 'actual_estimator__min_impurity_decrease': 0.01, 'actual_estimator__max_features': 1.0, 'actual_estimator__max_depth': 5, 'actual_estimator__criterion': 'squared_error', 'actual_estimator__bootstrap': True}
2026-08-20 17:09:39,959:INFO:Hyperparameter search completed
2026-08-20 17:09:39,959:INFO:SubProcess create_model() called ==================================
2026-08-20 17:09:39,960:INFO:Initializing create_model()
2026-08-20 17:09:39,960:INFO:create_model(self=<pycaret.regression.oop.RegressionExperiment object at 0x000001F82F3F1550>, estimator=RandomForestRegressor(n_jobs=-1, random_state=42), fold=KFold(n_splits=10, random_state=None, shuffle=False), round=4, cross_validation=True, predict=True, fit_kwargs={}, groups=None, refit=True, probability_threshold=None, experiment_custom_tags=None, verbose=True, system=False, add_to_model_list=True, metrics=None, display=<pycaret.internal.display.display.CommonDisplay object at 0x000001F831A5B7D0>, model_only=True, return_train_score=False, error_score=0.0, kwargs={'n_estimators': 280, 'min_samples_split': 7, 'min_samples_leaf': 2, 'min_impurity_decrease': 0.01, 'max_features': 1.0, 'max_depth': 5, 'criterion': 'squared_error', 'bootstrap': True})
2026-08-20 17:09:39,960:INFO:Checking exceptions
2026-08-20 17:09:39,960:INFO:Importing libraries
2026-08-20 17:09:39,960:INFO:Copying training dataset
2026-08-20 17:09:39,980:INFO:Defining folds
2026-08-20 17:09:39,980:INFO:Declaring metric variables
2026-08-20 17:09:39,980:INFO:Importing untrained model
2026-08-20 17:09:39,980:INFO:Declaring custom model
2026-08-20 17:09:39,981:INFO:Random Forest Regressor Imported successfully
2026-08-20 17:09:39,981:INFO:Starting cross validation
2026-08-20 17:09:39,985:INFO:Cross validating with KFold(n_splits=10, random_state=None, shuffle=False), n_jobs=-1
2026-08-20 17:09:41,659:INFO:Calculating mean and std
2026-08-20 17:09:41,661:INFO:Creating metrics dataframe
2026-08-20 17:09:41,664:INFO:Finalizing model
2026-08-20 17:09:42,274:INFO:Uploading results into container
2026-08-20 17:09:42,276:INFO:Uploading model into container now
2026-08-20 17:09:42,277:INFO:_master_model_container: 18
2026-08-20 17:09:42,277:INFO:_display_container: 3
2026-08-20 17:09:42,279:INFO:RandomForestRegressor(max_depth=5, min_impurity_decrease=0.01,
                      min_samples_leaf=2, min_samples_split=7, n_estimators=280,
                      n_jobs=-1, random_state=42)
2026-08-20 17:09:42,279:INFO:create_model() successfully completed......................................
2026-08-20 17:09:42,410:INFO:SubProcess create_model() end ==================================
2026-08-20 17:09:42,410:INFO:choose_better activated
2026-08-20 17:09:42,411:INFO:SubProcess create_model() called ==================================
2026-08-20 17:09:42,412:INFO:Initializing create_model()
2026-08-20 17:09:42,412:INFO:create_model(self=<pycaret.regression.oop.RegressionExperiment object at 0x000001F82F3F1550>, estimator=RandomForestRegressor(n_jobs=-1, random_state=42), fold=KFold(n_splits=10, random_state=None, shuffle=False), round=4, cross_validation=True, predict=True, fit_kwargs={}, groups=None, refit=True, probability_threshold=None, experiment_custom_tags=None, verbose=False, system=False, add_to_model_list=True, metrics=None, display=None, model_only=True, return_train_score=False, error_score=0.0, kwargs={})
2026-08-20 17:09:42,412:INFO:Checking exceptions
2026-08-20 17:09:42,414:INFO:Importing libraries
2026-08-20 17:09:42,415:INFO:Copying training dataset
2026-08-20 17:09:42,425:INFO:Defining folds
2026-08-20 17:09:42,425:INFO:Declaring metric variables
2026-08-20 17:09:42,426:INFO:Importing untrained model
2026-08-20 17:09:42,426:INFO:Declaring custom model
2026-08-20 17:09:42,427:INFO:Random Forest Regressor Imported successfully
2026-08-20 17:09:42,428:INFO:Starting cross validation
2026-08-20 17:09:42,434:INFO:Cross validating with KFold(n_splits=10, random_state=None, shuffle=False), n_jobs=-1
2026-08-20 17:09:43,442:INFO:Calculating mean and std
2026-08-20 17:09:43,443:INFO:Creating metrics dataframe
2026-08-20 17:09:43,445:INFO:Finalizing model
2026-08-20 17:09:43,748:INFO:Uploading results into container
2026-08-20 17:09:43,749:INFO:Uploading model into container now
2026-08-20 17:09:43,750:INFO:_master_model_container: 19
2026-08-20 17:09:43,750:INFO:_display_container: 4
2026-08-20 17:09:43,750:INFO:RandomForestRegressor(n_jobs=-1, random_state=42)
2026-08-20 17:09:43,750:INFO:create_model() successfully completed......................................
2026-08-20 17:09:43,849:INFO:SubProcess create_model() end ==================================
2026-08-20 17:09:43,849:INFO:RandomForestRegressor(n_jobs=-1, random_state=42) result for RMSE is 4.0089
2026-08-20 17:09:43,850:INFO:RandomForestRegressor(max_depth=5, min_impurity_decrease=0.01,
                      min_samples_leaf=2, min_samples_split=7, n_estimators=280,
                      n_jobs=-1, random_state=42) result for RMSE is 3.9657
2026-08-20 17:09:43,851:INFO:RandomForestRegressor(max_depth=5, min_impurity_decrease=0.01,
                      min_samples_leaf=2, min_samples_split=7, n_estimators=280,
                      n_jobs=-1, random_state=42) is best model
2026-08-20 17:09:43,851:INFO:choose_better completed
2026-08-20 17:09:43,863:INFO:_master_model_container: 19
2026-08-20 17:09:43,864:INFO:_display_container: 3
2026-08-20 17:09:43,864:INFO:RandomForestRegressor(max_depth=5, min_impurity_decrease=0.01,
                      min_samples_leaf=2, min_samples_split=7, n_estimators=280,
                      n_jobs=-1, random_state=42)
2026-08-20 17:09:43,864:INFO:tune_model() successfully completed......................................
2026-08-20 17:09:43,993:INFO:Initializing predict_model()
2026-08-20 17:09:43,993:INFO:predict_model(self=<pycaret.regression.oop.RegressionExperiment object at 0x000001F82F3F1550>, estimator=RandomForestRegressor(max_depth=5, min_impurity_decrease=0.01,
                      min_samples_leaf=2, min_samples_split=7, n_estimators=280,
                      n_jobs=-1, random_state=42), probability_threshold=None, encoded_labels=False, raw_score=False, round=4, verbose=True, ml_usecase=None, preprocess=True, encode_labels=<function _SupervisedExperiment.predict_model.<locals>.encode_labels at 0x000001F82FC7B880>)
2026-08-20 17:09:43,993:INFO:Checking exceptions
2026-08-20 17:09:43,993:INFO:Preloading libraries
2026-08-20 17:09:43,993:INFO:Set up data.
2026-08-20 17:09:44,004:INFO:Set up index.
2026-08-20 17:09:44,087:WARNING:C:\Users\knish\PycharmProjects\AutoML-Smart-Prediction\.venv\Lib\site-packages\sklearn\metrics\_regression.py:483: FutureWarning: 'squared' is deprecated in version 1.4 and will be removed in 1.6. To calculate the root mean squared error, use the function'root_mean_squared_error'.
  warnings.warn(

2026-08-20 17:09:44,234:INFO:Initializing finalize_model()
2026-08-20 17:09:44,234:INFO:finalize_model(self=<pycaret.regression.oop.RegressionExperiment object at 0x000001F82F3F1550>, estimator=RandomForestRegressor(max_depth=5, min_impurity_decrease=0.01,
                      min_samples_leaf=2, min_samples_split=7, n_estimators=280,
                      n_jobs=-1, random_state=42), fit_kwargs=None, groups=None, model_only=False, experiment_custom_tags=None)
2026-08-20 17:09:44,235:INFO:Finalizing RandomForestRegressor(max_depth=5, min_impurity_decrease=0.01,
                      min_samples_leaf=2, min_samples_split=7, n_estimators=280,
                      n_jobs=-1, random_state=42)
2026-08-20 17:09:44,241:INFO:Initializing create_model()
2026-08-20 17:09:44,242:INFO:create_model(self=<pycaret.regression.oop.RegressionExperiment object at 0x000001F82F3F1550>, estimator=RandomForestRegressor(max_depth=5, min_impurity_decrease=0.01,
                      min_samples_leaf=2, min_samples_split=7, n_estimators=280,
                      n_jobs=-1, random_state=42), fold=None, round=4, cross_validation=False, predict=False, fit_kwargs={}, groups=None, refit=True, probability_threshold=None, experiment_custom_tags=None, verbose=False, system=False, add_to_model_list=False, metrics=None, display=None, model_only=False, return_train_score=False, error_score=0.0, kwargs={})
2026-08-20 17:09:44,242:INFO:Checking exceptions
2026-08-20 17:09:44,243:INFO:Importing libraries
2026-08-20 17:09:44,243:INFO:Copying training dataset
2026-08-20 17:09:44,243:INFO:Defining folds
2026-08-20 17:09:44,243:INFO:Declaring metric variables
2026-08-20 17:09:44,244:INFO:Importing untrained model
2026-08-20 17:09:44,244:INFO:Declaring custom model
2026-08-20 17:09:44,245:INFO:Random Forest Regressor Imported successfully
2026-08-20 17:09:44,249:INFO:Cross validation set to False
2026-08-20 17:09:44,249:INFO:Fitting Model
2026-08-20 17:09:44,933:INFO:Pipeline(memory=Memory(location=None),
         steps=[('numerical_imputer',
                 TransformerWrapper(include=['age', 'Medu', 'Fedu',
                                             'traveltime', 'studytime',
                                             'failures', 'famrel', 'freetime',
                                             'goout', 'Dalc', 'Walc', 'health',
                                             'absences'],
                                    transformer=SimpleImputer())),
                ('categorical_imputer',
                 TransformerWrapper(include=['school', 'sex', 'address',
                                             'famsize', 'Pstatus', 'Mjob',
                                             'Fjo...
                                             'guardian'],
                                    transformer=OneHotEncoder(cols=['Mjob',
                                                                    'Fjob',
                                                                    'reason',
                                                                    'guardian'],
                                                              handle_missing='return_nan',
                                                              use_cat_names=True))),
                ('normalize', TransformerWrapper(transformer=StandardScaler())),
                ('actual_estimator',
                 RandomForestRegressor(max_depth=5, min_impurity_decrease=0.01,
                                       min_samples_leaf=2, min_samples_split=7,
                                       n_estimators=280, n_jobs=-1,
                                       random_state=42))])
2026-08-20 17:09:44,933:INFO:create_model() successfully completed......................................
2026-08-20 17:09:45,038:INFO:_master_model_container: 19
2026-08-20 17:09:45,038:INFO:_display_container: 4
2026-08-20 17:09:45,192:INFO:Pipeline(memory=Memory(location=None),
         steps=[('numerical_imputer',
                 TransformerWrapper(include=['age', 'Medu', 'Fedu',
                                             'traveltime', 'studytime',
                                             'failures', 'famrel', 'freetime',
                                             'goout', 'Dalc', 'Walc', 'health',
                                             'absences'],
                                    transformer=SimpleImputer())),
                ('categorical_imputer',
                 TransformerWrapper(include=['school', 'sex', 'address',
                                             'famsize', 'Pstatus', 'Mjob',
                                             'Fjo...
                                             'guardian'],
                                    transformer=OneHotEncoder(cols=['Mjob',
                                                                    'Fjob',
                                                                    'reason',
                                                                    'guardian'],
                                                              handle_missing='return_nan',
                                                              use_cat_names=True))),
                ('normalize', TransformerWrapper(transformer=StandardScaler())),
                ('actual_estimator',
                 RandomForestRegressor(max_depth=5, min_impurity_decrease=0.01,
                                       min_samples_leaf=2, min_samples_split=7,
                                       n_estimators=280, n_jobs=-1,
                                       random_state=42))])
2026-08-20 17:09:45,193:INFO:finalize_model() successfully completed......................................
2026-08-20 17:09:45,677:INFO:Initializing save_model()
2026-08-20 17:09:45,677:INFO:save_model(model=Pipeline(memory=Memory(location=None),
         steps=[('numerical_imputer',
                 TransformerWrapper(include=['age', 'Medu', 'Fedu',
                                             'traveltime', 'studytime',
                                             'failures', 'famrel', 'freetime',
                                             'goout', 'Dalc', 'Walc', 'health',
                                             'absences'],
                                    transformer=SimpleImputer())),
                ('categorical_imputer',
                 TransformerWrapper(include=['school', 'sex', 'address',
                                             'famsize', 'Pstatus', 'Mjob',
                                             'Fjo...
                                             'guardian'],
                                    transformer=OneHotEncoder(cols=['Mjob',
                                                                    'Fjob',
                                                                    'reason',
                                                                    'guardian'],
                                                              handle_missing='return_nan',
                                                              use_cat_names=True))),
                ('normalize', TransformerWrapper(transformer=StandardScaler())),
                ('actual_estimator',
                 RandomForestRegressor(max_depth=5, min_impurity_decrease=0.01,
                                       min_samples_leaf=2, min_samples_split=7,
                                       n_estimators=280, n_jobs=-1,
                                       random_state=42))]), model_name=C:\Users\knish\PycharmProjects\AutoML-Smart-Prediction\models\best_model, prep_pipe_=Pipeline(memory=FastMemory(location=C:\Users\knish\AppData\Local\Temp\joblib),
         steps=[('numerical_imputer',
                 TransformerWrapper(include=['age', 'Medu', 'Fedu',
                                             'traveltime', 'studytime',
                                             'failures', 'famrel', 'freetime',
                                             'goout', 'Dalc', 'Walc', 'health',
                                             'absences'],
                                    transformer=SimpleImputer())),
                ('categorical_imputer',
                 TransformerWrapper(include=['school', 'sex', '...
dtype: int64},
                                                                        {'col': 'romantic',
                                                                         'data_type': dtype('O'),
                                                                         'mapping': no     0
yes    1
NaN   -1
dtype: int64}]))),
                ('onehot_encoding',
                 TransformerWrapper(include=['Mjob', 'Fjob', 'reason',
                                             'guardian'],
                                    transformer=OneHotEncoder(cols=['Mjob',
                                                                    'Fjob',
                                                                    'reason',
                                                                    'guardian'],
                                                              handle_missing='return_nan',
                                                              use_cat_names=True))),
                ('normalize',
                 TransformerWrapper(transformer=StandardScaler()))]), verbose=True, use_case=MLUsecase.REGRESSION, kwargs={})
2026-08-20 17:09:45,678:INFO:Adding model into prep_pipe
2026-08-20 17:09:45,678:WARNING:Only Model saved as it was a pipeline.
2026-08-20 17:09:45,757:INFO:C:\Users\knish\PycharmProjects\AutoML-Smart-Prediction\models\best_model.pkl saved in current working directory
2026-08-20 17:09:45,888:INFO:Pipeline(memory=Memory(location=None),
         steps=[('numerical_imputer',
                 TransformerWrapper(include=['age', 'Medu', 'Fedu',
                                             'traveltime', 'studytime',
                                             'failures', 'famrel', 'freetime',
                                             'goout', 'Dalc', 'Walc', 'health',
                                             'absences'],
                                    transformer=SimpleImputer())),
                ('categorical_imputer',
                 TransformerWrapper(include=['school', 'sex', 'address',
                                             'famsize', 'Pstatus', 'Mjob',
                                             'Fjo...
                                             'guardian'],
                                    transformer=OneHotEncoder(cols=['Mjob',
                                                                    'Fjob',
                                                                    'reason',
                                                                    'guardian'],
                                                              handle_missing='return_nan',
                                                              use_cat_names=True))),
                ('normalize', TransformerWrapper(transformer=StandardScaler())),
                ('actual_estimator',
                 RandomForestRegressor(max_depth=5, min_impurity_decrease=0.01,
                                       min_samples_leaf=2, min_samples_split=7,
                                       n_estimators=280, n_jobs=-1,
                                       random_state=42))])
2026-08-20 17:09:45,888:INFO:save_model() successfully completed......................................
2026-08-27 08:27:17,219:WARNING:
'cuml' is a soft dependency and not included in the pycaret installation. Please run: `pip install cuml` to install.
2026-08-27 08:27:17,220:WARNING:
'cuml' is a soft dependency and not included in the pycaret installation. Please run: `pip install cuml` to install.
2026-08-27 08:27:17,220:WARNING:
'cuml' is a soft dependency and not included in the pycaret installation. Please run: `pip install cuml` to install.
2026-08-27 08:27:17,220:WARNING:
'cuml' is a soft dependency and not included in the pycaret installation. Please run: `pip install cuml` to install.
2026-08-27 08:27:17,765:INFO:PyCaret RegressionExperiment
2026-08-27 08:27:17,766:INFO:Logging name: reg-default-name
2026-08-27 08:27:17,766:INFO:ML Usecase: MLUsecase.REGRESSION
2026-08-27 08:27:17,766:INFO:version 3.3.2
2026-08-27 08:27:17,766:INFO:Initializing setup()
2026-08-27 08:27:17,766:INFO:self.USI: 69a1
2026-08-27 08:27:17,766:INFO:self._variable_keys: {'gpu_param', 'logging_param', 'pipeline', 'X', 'USI', 'data', 'idx', 'n_jobs_param', 'target_param', 'seed', 'transform_target_param', 'fold_groups_param', 'log_plots_param', 'y', 'X_test', 'fold_shuffle_param', 'memory', 'gpu_n_jobs_param', 'y_test', '_ml_usecase', 'exp_id', 'X_train', 'fold_generator', 'exp_name_log', 'html_param', '_available_plots', 'y_train'}
2026-08-27 08:27:17,766:INFO:Checking environment
2026-08-27 08:27:17,766:INFO:python_version: 3.11.0
2026-08-27 08:27:17,766:INFO:python_build: ('main', 'Oct 24 2022 18:26:48')
2026-08-27 08:27:17,766:INFO:machine: AMD64
2026-08-27 08:27:17,803:INFO:platform: Windows-10-10.0.26200-SP0
2026-08-27 08:27:17,804:INFO:Memory: svmem(total=12581920768, available=2071707648, percent=83.5, used=10510213120, free=2071707648)
2026-08-27 08:27:17,804:INFO:Physical Core: 10
2026-08-27 08:27:17,804:INFO:Logical Core: 12
2026-08-27 08:27:17,804:INFO:Checking libraries
2026-08-27 08:27:17,804:INFO:System:
2026-08-27 08:27:17,804:INFO:    python: 3.11.0 (main, Oct 24 2022, 18:26:48) [MSC v.1933 64 bit (AMD64)]
2026-08-27 08:27:17,804:INFO:executable: C:\Users\knish\PycharmProjects\AutoML-Smart-Prediction\.venv\Scripts\python.exe
2026-08-27 08:27:17,804:INFO:   machine: Windows-10-10.0.26200-SP0
2026-08-27 08:27:17,804:INFO:PyCaret required dependencies:
2026-08-27 08:27:17,807:WARNING:C:\Users\knish\PycharmProjects\AutoML-Smart-Prediction\.venv\Lib\site-packages\_distutils_hack\__init__.py:30: UserWarning: Setuptools is replacing distutils. Support for replacing an already imported distutils is deprecated. In the future, this condition will fail. Register concerns at https://github.com/pypa/setuptools/issues/new?template=distutils-deprecation.yml
  warnings.warn(

2026-08-27 08:27:17,897:INFO:                 pip: 26.0.1
2026-08-27 08:27:17,897:INFO:          setuptools: 82.0.0
2026-08-27 08:27:17,897:INFO:             pycaret: 3.3.2
2026-08-27 08:27:17,897:INFO:             IPython: 9.16.1
2026-08-27 08:27:17,897:INFO:          ipywidgets: 8.1.8
2026-08-27 08:27:17,897:INFO:                tqdm: 4.70.0
2026-08-27 08:27:17,897:INFO:               numpy: 1.26.4
2026-08-27 08:27:17,897:INFO:              pandas: 2.1.4
2026-08-27 08:27:17,897:INFO:              jinja2: 3.1.6
2026-08-27 08:27:17,897:INFO:               scipy: 1.11.4
2026-08-27 08:27:17,897:INFO:              joblib: 1.3.2
2026-08-27 08:27:17,897:INFO:             sklearn: 1.4.2
2026-08-27 08:27:17,897:INFO:                pyod: 3.4.0
2026-08-27 08:27:17,897:INFO:            imblearn: 0.14.2
2026-08-27 08:27:17,897:INFO:   category_encoders: 2.7.0
2026-08-27 08:27:17,897:INFO:            lightgbm: 4.7.0
2026-08-27 08:27:17,897:INFO:               numba: 0.67.0
2026-08-27 08:27:17,897:INFO:            requests: 2.34.2
2026-08-27 08:27:17,897:INFO:          matplotlib: 3.7.5
2026-08-27 08:27:17,897:INFO:          scikitplot: 0.3.7
2026-08-27 08:27:17,897:INFO:         yellowbrick: 1.5
2026-08-27 08:27:17,897:INFO:              plotly: 6.9.0
2026-08-27 08:27:17,897:INFO:    plotly-resampler: Not installed
2026-08-27 08:27:17,897:INFO:             kaleido: 1.3.0
2026-08-27 08:27:17,897:INFO:           schemdraw: 0.15
2026-08-27 08:27:17,898:INFO:         statsmodels: 0.14.6
2026-08-27 08:27:17,898:INFO:              sktime: 0.26.0
2026-08-27 08:27:17,898:INFO:               tbats: 1.1.3
2026-08-27 08:27:17,898:INFO:            pmdarima: 2.0.4
2026-08-27 08:27:17,898:INFO:              psutil: 7.2.2
2026-08-27 08:27:17,898:INFO:          markupsafe: 3.0.3
2026-08-27 08:27:17,898:INFO:             pickle5: Not installed
2026-08-27 08:27:17,898:INFO:         cloudpickle: 3.1.2
2026-08-27 08:27:17,898:INFO:         deprecation: 2.1.0
2026-08-27 08:27:17,898:INFO:              xxhash: 4.0.0
2026-08-27 08:27:17,898:INFO:           wurlitzer: Not installed
2026-08-27 08:27:17,898:INFO:PyCaret optional dependencies:
2026-08-27 08:27:19,119:INFO:                shap: Not installed
2026-08-27 08:27:19,119:INFO:           interpret: Not installed
2026-08-27 08:27:19,119:INFO:                umap: Not installed
2026-08-27 08:27:19,119:INFO:     ydata_profiling: Not installed
2026-08-27 08:27:19,119:INFO:  explainerdashboard: Not installed
2026-08-27 08:27:19,119:INFO:             autoviz: Not installed
2026-08-27 08:27:19,119:INFO:           fairlearn: Not installed
2026-08-27 08:27:19,119:INFO:          deepchecks: Not installed
2026-08-27 08:27:19,119:INFO:             xgboost: Not installed
2026-08-27 08:27:19,119:INFO:            catboost: Not installed
2026-08-27 08:27:19,119:INFO:              kmodes: Not installed
2026-08-27 08:27:19,119:INFO:             mlxtend: Not installed
2026-08-27 08:27:19,119:INFO:       statsforecast: Not installed
2026-08-27 08:27:19,120:INFO:        tune_sklearn: Not installed
2026-08-27 08:27:19,120:INFO:                 ray: Not installed
2026-08-27 08:27:19,120:INFO:            hyperopt: Not installed
2026-08-27 08:27:19,120:INFO:              optuna: Not installed
2026-08-27 08:27:19,120:INFO:               skopt: Not installed
2026-08-27 08:27:19,120:INFO:              mlflow: Not installed
2026-08-27 08:27:19,120:INFO:              gradio: Not installed
2026-08-27 08:27:19,120:INFO:             fastapi: 0.141.1
2026-08-27 08:27:19,120:INFO:             uvicorn: 0.52.3
2026-08-27 08:27:19,120:INFO:              m2cgen: Not installed
2026-08-27 08:27:19,120:INFO:           evidently: Not installed
2026-08-27 08:27:19,120:INFO:               fugue: Not installed
2026-08-27 08:27:19,120:INFO:           streamlit: 1.61.1
2026-08-27 08:27:19,120:INFO:             prophet: Not installed
2026-08-27 08:27:19,120:INFO:None
2026-08-27 08:27:19,120:INFO:Set up data.
2026-08-27 08:27:19,130:INFO:Set up folding strategy.
2026-08-27 08:27:19,130:INFO:Set up train/test split.
2026-08-27 08:27:19,144:INFO:Set up index.
2026-08-27 08:27:19,144:INFO:Assigning column types.
2026-08-27 08:27:19,148:INFO:Engine successfully changes for model 'lr' to 'sklearn'.
2026-08-27 08:27:19,148:INFO:Engine for model 'lasso' has not been set explicitly, hence returning None.
2026-08-27 08:27:19,151:INFO:Engine for model 'ridge' has not been set explicitly, hence returning None.
2026-08-27 08:27:19,155:INFO:Engine for model 'en' has not been set explicitly, hence returning None.
2026-08-27 08:27:19,204:INFO:Engine for model 'svm' has not been set explicitly, hence returning None.
2026-08-27 08:27:19,238:INFO:Engine for model 'knn' has not been set explicitly, hence returning None.
2026-08-27 08:27:19,239:WARNING:
'xgboost' is a soft dependency and not included in the pycaret installation. Please run: `pip install xgboost` to install.
Alternately, you can install this by running `pip install pycaret[models]`
2026-08-27 08:27:19,239:WARNING:
'catboost' is a soft dependency and not included in the pycaret installation. Please run: `pip install catboost` to install.
Alternately, you can install this by running `pip install pycaret[models]`
2026-08-27 08:27:19,239:INFO:Engine for model 'lasso' has not been set explicitly, hence returning None.
2026-08-27 08:27:19,242:INFO:Engine for model 'ridge' has not been set explicitly, hence returning None.
2026-08-27 08:27:19,246:INFO:Engine for model 'en' has not been set explicitly, hence returning None.
2026-08-27 08:27:19,289:INFO:Engine for model 'svm' has not been set explicitly, hence returning None.
2026-08-27 08:27:19,322:INFO:Engine for model 'knn' has not been set explicitly, hence returning None.
2026-08-27 08:27:19,322:WARNING:
'xgboost' is a soft dependency and not included in the pycaret installation. Please run: `pip install xgboost` to install.
Alternately, you can install this by running `pip install pycaret[models]`
2026-08-27 08:27:19,322:WARNING:
'catboost' is a soft dependency and not included in the pycaret installation. Please run: `pip install catboost` to install.
Alternately, you can install this by running `pip install pycaret[models]`
2026-08-27 08:27:19,323:INFO:Engine successfully changes for model 'lasso' to 'sklearn'.
2026-08-27 08:27:19,326:INFO:Engine for model 'ridge' has not been set explicitly, hence returning None.
2026-08-27 08:27:19,330:INFO:Engine for model 'en' has not been set explicitly, hence returning None.
2026-08-27 08:27:19,376:INFO:Engine for model 'svm' has not been set explicitly, hence returning None.
2026-08-27 08:27:19,411:INFO:Engine for model 'knn' has not been set explicitly, hence returning None.
2026-08-27 08:27:19,411:WARNING:
'xgboost' is a soft dependency and not included in the pycaret installation. Please run: `pip install xgboost` to install.
Alternately, you can install this by running `pip install pycaret[models]`
2026-08-27 08:27:19,412:WARNING:
'catboost' is a soft dependency and not included in the pycaret installation. Please run: `pip install catboost` to install.
Alternately, you can install this by running `pip install pycaret[models]`
2026-08-27 08:27:19,415:INFO:Engine for model 'ridge' has not been set explicitly, hence returning None.
2026-08-27 08:27:19,419:INFO:Engine for model 'en' has not been set explicitly, hence returning None.
2026-08-27 08:27:19,469:INFO:Engine for model 'svm' has not been set explicitly, hence returning None.
2026-08-27 08:27:19,503:INFO:Engine for model 'knn' has not been set explicitly, hence returning None.
2026-08-27 08:27:19,503:WARNING:
'xgboost' is a soft dependency and not included in the pycaret installation. Please run: `pip install xgboost` to install.
Alternately, you can install this by running `pip install pycaret[models]`
2026-08-27 08:27:19,504:WARNING:
'catboost' is a soft dependency and not included in the pycaret installation. Please run: `pip install catboost` to install.
Alternately, you can install this by running `pip install pycaret[models]`
2026-08-27 08:27:19,504:INFO:Engine successfully changes for model 'ridge' to 'sklearn'.
2026-08-27 08:27:19,511:INFO:Engine for model 'en' has not been set explicitly, hence returning None.
2026-08-27 08:27:19,556:INFO:Engine for model 'svm' has not been set explicitly, hence returning None.
2026-08-27 08:27:19,591:INFO:Engine for model 'knn' has not been set explicitly, hence returning None.
2026-08-27 08:27:19,591:WARNING:
'xgboost' is a soft dependency and not included in the pycaret installation. Please run: `pip install xgboost` to install.
Alternately, you can install this by running `pip install pycaret[models]`
2026-08-27 08:27:19,591:WARNING:
'catboost' is a soft dependency and not included in the pycaret installation. Please run: `pip install catboost` to install.
Alternately, you can install this by running `pip install pycaret[models]`
2026-08-27 08:27:19,599:INFO:Engine for model 'en' has not been set explicitly, hence returning None.
2026-08-27 08:27:19,649:INFO:Engine for model 'svm' has not been set explicitly, hence returning None.
2026-08-27 08:27:19,682:INFO:Engine for model 'knn' has not been set explicitly, hence returning None.
2026-08-27 08:27:19,683:WARNING:
'xgboost' is a soft dependency and not included in the pycaret installation. Please run: `pip install xgboost` to install.
Alternately, you can install this by running `pip install pycaret[models]`
2026-08-27 08:27:19,683:WARNING:
'catboost' is a soft dependency and not included in the pycaret installation. Please run: `pip install catboost` to install.
Alternately, you can install this by running `pip install pycaret[models]`
2026-08-27 08:27:19,683:INFO:Engine successfully changes for model 'en' to 'sklearn'.
2026-08-27 08:27:19,737:INFO:Engine for model 'svm' has not been set explicitly, hence returning None.
2026-08-27 08:27:19,772:INFO:Engine for model 'knn' has not been set explicitly, hence returning None.
2026-08-27 08:27:19,772:WARNING:
'xgboost' is a soft dependency and not included in the pycaret installation. Please run: `pip install xgboost` to install.
Alternately, you can install this by running `pip install pycaret[models]`
2026-08-27 08:27:19,772:WARNING:
'catboost' is a soft dependency and not included in the pycaret installation. Please run: `pip install catboost` to install.
Alternately, you can install this by running `pip install pycaret[models]`
2026-08-27 08:27:19,823:INFO:Engine for model 'svm' has not been set explicitly, hence returning None.
2026-08-27 08:27:19,858:INFO:Engine for model 'knn' has not been set explicitly, hence returning None.
2026-08-27 08:27:19,859:WARNING:
'xgboost' is a soft dependency and not included in the pycaret installation. Please run: `pip install xgboost` to install.
Alternately, you can install this by running `pip install pycaret[models]`
2026-08-27 08:27:19,859:WARNING:
'catboost' is a soft dependency and not included in the pycaret installation. Please run: `pip install catboost` to install.
Alternately, you can install this by running `pip install pycaret[models]`
2026-08-27 08:27:19,859:INFO:Engine successfully changes for model 'knn' to 'sklearn'.
2026-08-27 08:27:19,911:INFO:Engine for model 'svm' has not been set explicitly, hence returning None.
2026-08-27 08:27:19,948:WARNING:
'xgboost' is a soft dependency and not included in the pycaret installation. Please run: `pip install xgboost` to install.
Alternately, you can install this by running `pip install pycaret[models]`
2026-08-27 08:27:19,948:WARNING:
'catboost' is a soft dependency and not included in the pycaret installation. Please run: `pip install catboost` to install.
Alternately, you can install this by running `pip install pycaret[models]`
2026-08-27 08:27:19,998:INFO:Engine for model 'svm' has not been set explicitly, hence returning None.
2026-08-27 08:27:20,036:WARNING:
'xgboost' is a soft dependency and not included in the pycaret installation. Please run: `pip install xgboost` to install.
Alternately, you can install this by running `pip install pycaret[models]`
2026-08-27 08:27:20,036:WARNING:
'catboost' is a soft dependency and not included in the pycaret installation. Please run: `pip install catboost` to install.
Alternately, you can install this by running `pip install pycaret[models]`
2026-08-27 08:27:20,036:INFO:Engine successfully changes for model 'svm' to 'sklearn'.
2026-08-27 08:27:20,122:WARNING:
'xgboost' is a soft dependency and not included in the pycaret installation. Please run: `pip install xgboost` to install.
Alternately, you can install this by running `pip install pycaret[models]`
2026-08-27 08:27:20,122:WARNING:
'catboost' is a soft dependency and not included in the pycaret installation. Please run: `pip install catboost` to install.
Alternately, you can install this by running `pip install pycaret[models]`
2026-08-27 08:27:20,209:WARNING:
'xgboost' is a soft dependency and not included in the pycaret installation. Please run: `pip install xgboost` to install.
Alternately, you can install this by running `pip install pycaret[models]`
2026-08-27 08:27:20,209:WARNING:
'catboost' is a soft dependency and not included in the pycaret installation. Please run: `pip install catboost` to install.
Alternately, you can install this by running `pip install pycaret[models]`
2026-08-27 08:27:20,217:INFO:Preparing preprocessing pipeline...
2026-08-27 08:27:20,217:INFO:Set up simple imputation.
2026-08-27 08:27:20,225:INFO:Set up encoding of ordinal features.
2026-08-27 08:27:20,237:INFO:Set up encoding of categorical features.
2026-08-27 08:27:20,237:INFO:Set up feature normalization.
2026-08-27 08:27:20,408:INFO:Finished creating preprocessing pipeline.
2026-08-27 08:27:20,501:INFO:Pipeline: Pipeline(memory=FastMemory(location=C:\Users\knish\AppData\Local\Temp\joblib),
         steps=[('numerical_imputer',
                 TransformerWrapper(include=['age', 'Medu', 'Fedu',
                                             'traveltime', 'studytime',
                                             'failures', 'famrel', 'freetime',
                                             'goout', 'Dalc', 'Walc', 'health',
                                             'absences'],
                                    transformer=SimpleImputer())),
                ('categorical_imputer',
                 TransformerWrapper(include=['school', 'sex', '...
dtype: int64},
                                                                        {'col': 'romantic',
                                                                         'data_type': dtype('O'),
                                                                         'mapping': no     0
yes    1
NaN   -1
dtype: int64}]))),
                ('onehot_encoding',
                 TransformerWrapper(include=['Mjob', 'Fjob', 'reason',
                                             'guardian'],
                                    transformer=OneHotEncoder(cols=['Mjob',
                                                                    'Fjob',
                                                                    'reason',
                                                                    'guardian'],
                                                              handle_missing='return_nan',
                                                              use_cat_names=True))),
                ('normalize',
                 TransformerWrapper(transformer=StandardScaler()))])
2026-08-27 08:27:20,501:INFO:Creating final display dataframe.
2026-08-27 08:27:20,621:INFO:Setup _display_container:                     Description             Value
0                    Session id                42
1                        Target                G3
2                   Target type        Regression
3           Original data shape         (316, 31)
4        Transformed data shape         (316, 44)
5   Transformed train set shape         (221, 44)
6    Transformed test set shape          (95, 44)
7              Numeric features                13
8          Categorical features                17
9                    Preprocess              True
10              Imputation type            simple
11           Numeric imputation              mean
12       Categorical imputation              mode
13     Maximum one-hot encoding                25
14              Encoding method              None
15                    Normalize              True
16             Normalize method            zscore
17               Fold Generator             KFold
18                  Fold Number                10
19                     CPU Jobs                -1
20                      Use GPU             False
21               Log Experiment             False
22              Experiment Name  reg-default-name
23                          USI              69a1
2026-08-27 08:27:20,715:WARNING:
'xgboost' is a soft dependency and not included in the pycaret installation. Please run: `pip install xgboost` to install.
Alternately, you can install this by running `pip install pycaret[models]`
2026-08-27 08:27:20,716:WARNING:
'catboost' is a soft dependency and not included in the pycaret installation. Please run: `pip install catboost` to install.
Alternately, you can install this by running `pip install pycaret[models]`
2026-08-27 08:27:20,801:WARNING:
'xgboost' is a soft dependency and not included in the pycaret installation. Please run: `pip install xgboost` to install.
Alternately, you can install this by running `pip install pycaret[models]`
2026-08-27 08:27:20,802:WARNING:
'catboost' is a soft dependency and not included in the pycaret installation. Please run: `pip install catboost` to install.
Alternately, you can install this by running `pip install pycaret[models]`
2026-08-27 08:27:20,802:INFO:setup() successfully completed in 3.05s...............
2026-08-27 08:27:20,802:INFO:Initializing compare_models()
2026-08-27 08:27:20,802:INFO:compare_models(self=<pycaret.regression.oop.RegressionExperiment object at 0x000002307C4B88D0>, include=None, exclude=None, fold=None, round=4, cross_validation=True, sort=RMSE, n_select=1, budget_time=None, turbo=True, errors=ignore, fit_kwargs=None, groups=None, experiment_custom_tags=None, probability_threshold=None, verbose=True, parallel=None, caller_params={'self': <pycaret.regression.oop.RegressionExperiment object at 0x000002307C4B88D0>, 'include': None, 'exclude': None, 'fold': None, 'round': 4, 'cross_validation': True, 'sort': 'RMSE', 'n_select': 1, 'budget_time': None, 'turbo': True, 'errors': 'ignore', 'fit_kwargs': None, 'groups': None, 'experiment_custom_tags': None, 'engine': None, 'verbose': True, 'parallel': None, '__class__': <class 'pycaret.regression.oop.RegressionExperiment'>})
2026-08-27 08:27:20,802:INFO:Checking exceptions
2026-08-27 08:27:20,804:INFO:Preparing display monitor
2026-08-27 08:27:20,808:INFO:Initializing Linear Regression
2026-08-27 08:27:20,808:INFO:Total runtime is 0.0 minutes
2026-08-27 08:27:20,808:INFO:SubProcess create_model() called ==================================
2026-08-27 08:27:20,808:INFO:Initializing create_model()
2026-08-27 08:27:20,808:INFO:create_model(self=<pycaret.regression.oop.RegressionExperiment object at 0x000002307C4B88D0>, estimator=lr, fold=KFold(n_splits=10, random_state=None, shuffle=False), round=4, cross_validation=True, predict=True, fit_kwargs={}, groups=None, refit=False, probability_threshold=None, experiment_custom_tags=None, verbose=False, system=False, add_to_model_list=True, metrics=None, display=<pycaret.internal.display.display.CommonDisplay object at 0x000002307E3F3E90>, model_only=True, return_train_score=False, error_score=0.0, kwargs={})
2026-08-27 08:27:20,808:INFO:Checking exceptions
2026-08-27 08:27:20,808:INFO:Importing libraries
2026-08-27 08:27:20,808:INFO:Copying training dataset
2026-08-27 08:27:20,813:INFO:Defining folds
2026-08-27 08:27:20,813:INFO:Declaring metric variables
2026-08-27 08:27:20,814:INFO:Importing untrained model
2026-08-27 08:27:20,814:INFO:Linear Regression Imported successfully
2026-08-27 08:27:20,814:INFO:Starting cross validation
2026-08-27 08:27:20,839:INFO:Cross validating with KFold(n_splits=10, random_state=None, shuffle=False), n_jobs=-1
2026-08-27 08:27:25,850:WARNING:C:\Users\knish\PycharmProjects\AutoML-Smart-Prediction\.venv\Lib\site-packages\_distutils_hack\__init__.py:30: UserWarning: Setuptools is replacing distutils. Support for replacing an already imported distutils is deprecated. In the future, this condition will fail. Register concerns at https://github.com/pypa/setuptools/issues/new?template=distutils-deprecation.yml
  warnings.warn(

2026-08-27 08:27:25,858:WARNING:C:\Users\knish\PycharmProjects\AutoML-Smart-Prediction\.venv\Lib\site-packages\_distutils_hack\__init__.py:30: UserWarning: Setuptools is replacing distutils. Support for replacing an already imported distutils is deprecated. In the future, this condition will fail. Register concerns at https://github.com/pypa/setuptools/issues/new?template=distutils-deprecation.yml
  warnings.warn(

2026-08-27 08:27:25,906:WARNING:C:\Users\knish\PycharmProjects\AutoML-Smart-Prediction\.venv\Lib\site-packages\_distutils_hack\__init__.py:30: UserWarning: Setuptools is replacing distutils. Support for replacing an already imported distutils is deprecated. In the future, this condition will fail. Register concerns at https://github.com/pypa/setuptools/issues/new?template=distutils-deprecation.yml
  warnings.warn(

2026-08-27 08:27:25,907:WARNING:C:\Users\knish\PycharmProjects\AutoML-Smart-Prediction\.venv\Lib\site-packages\_distutils_hack\__init__.py:30: UserWarning: Setuptools is replacing distutils. Support for replacing an already imported distutils is deprecated. In the future, this condition will fail. Register concerns at https://github.com/pypa/setuptools/issues/new?template=distutils-deprecation.yml
  warnings.warn(

2026-08-27 08:27:25,927:WARNING:C:\Users\knish\PycharmProjects\AutoML-Smart-Prediction\.venv\Lib\site-packages\_distutils_hack\__init__.py:30: UserWarning: Setuptools is replacing distutils. Support for replacing an already imported distutils is deprecated. In the future, this condition will fail. Register concerns at https://github.com/pypa/setuptools/issues/new?template=distutils-deprecation.yml
  warnings.warn(

2026-08-27 08:27:25,929:WARNING:C:\Users\knish\PycharmProjects\AutoML-Smart-Prediction\.venv\Lib\site-packages\_distutils_hack\__init__.py:30: UserWarning: Setuptools is replacing distutils. Support for replacing an already imported distutils is deprecated. In the future, this condition will fail. Register concerns at https://github.com/pypa/setuptools/issues/new?template=distutils-deprecation.yml
  warnings.warn(

2026-08-27 08:27:25,937:WARNING:C:\Users\knish\PycharmProjects\AutoML-Smart-Prediction\.venv\Lib\site-packages\_distutils_hack\__init__.py:30: UserWarning: Setuptools is replacing distutils. Support for replacing an already imported distutils is deprecated. In the future, this condition will fail. Register concerns at https://github.com/pypa/setuptools/issues/new?template=distutils-deprecation.yml
  warnings.warn(

2026-08-27 08:27:25,940:WARNING:C:\Users\knish\PycharmProjects\AutoML-Smart-Prediction\.venv\Lib\site-packages\_distutils_hack\__init__.py:30: UserWarning: Setuptools is replacing distutils. Support for replacing an already imported distutils is deprecated. In the future, this condition will fail. Register concerns at https://github.com/pypa/setuptools/issues/new?template=distutils-deprecation.yml
  warnings.warn(

2026-08-27 08:27:25,947:WARNING:C:\Users\knish\PycharmProjects\AutoML-Smart-Prediction\.venv\Lib\site-packages\_distutils_hack\__init__.py:30: UserWarning: Setuptools is replacing distutils. Support for replacing an already imported distutils is deprecated. In the future, this condition will fail. Register concerns at https://github.com/pypa/setuptools/issues/new?template=distutils-deprecation.yml
  warnings.warn(

2026-08-27 08:27:25,948:WARNING:C:\Users\knish\PycharmProjects\AutoML-Smart-Prediction\.venv\Lib\site-packages\_distutils_hack\__init__.py:30: UserWarning: Setuptools is replacing distutils. Support for replacing an already imported distutils is deprecated. In the future, this condition will fail. Register concerns at https://github.com/pypa/setuptools/issues/new?template=distutils-deprecation.yml
  warnings.warn(

2026-08-27 08:27:26,576:INFO:Calculating mean and std
2026-08-27 08:27:26,578:INFO:Creating metrics dataframe
2026-08-27 08:27:26,582:INFO:Uploading results into container
2026-08-27 08:27:26,582:INFO:Uploading model into container now
2026-08-27 08:27:26,583:INFO:_master_model_container: 1
2026-08-27 08:27:26,583:INFO:_display_container: 2
2026-08-27 08:27:26,583:INFO:LinearRegression(n_jobs=-1)
2026-08-27 08:27:26,583:INFO:create_model() successfully completed......................................
2026-08-27 08:27:26,673:INFO:SubProcess create_model() end ==================================
2026-08-27 08:27:26,674:INFO:Creating metrics dataframe
2026-08-27 08:27:26,678:INFO:Initializing Lasso Regression
2026-08-27 08:27:26,678:INFO:Total runtime is 0.097823965549469 minutes
2026-08-27 08:27:26,679:INFO:SubProcess create_model() called ==================================
2026-08-27 08:27:26,679:INFO:Initializing create_model()
2026-08-27 08:27:26,679:INFO:create_model(self=<pycaret.regression.oop.RegressionExperiment object at 0x000002307C4B88D0>, estimator=lasso, fold=KFold(n_splits=10, random_state=None, shuffle=False), round=4, cross_validation=True, predict=True, fit_kwargs={}, groups=None, refit=False, probability_threshold=None, experiment_custom_tags=None, verbose=False, system=False, add_to_model_list=True, metrics=None, display=<pycaret.internal.display.display.CommonDisplay object at 0x000002307E3F3E90>, model_only=True, return_train_score=False, error_score=0.0, kwargs={})
2026-08-27 08:27:26,679:INFO:Checking exceptions
2026-08-27 08:27:26,679:INFO:Importing libraries
2026-08-27 08:27:26,680:INFO:Copying training dataset
2026-08-27 08:27:26,687:INFO:Defining folds
2026-08-27 08:27:26,688:INFO:Declaring metric variables
2026-08-27 08:27:26,688:INFO:Importing untrained model
2026-08-27 08:27:26,688:INFO:Lasso Regression Imported successfully
2026-08-27 08:27:26,688:INFO:Starting cross validation
2026-08-27 08:27:26,691:INFO:Cross validating with KFold(n_splits=10, random_state=None, shuffle=False), n_jobs=-1
2026-08-27 08:27:28,916:WARNING:C:\Users\knish\PycharmProjects\AutoML-Smart-Prediction\.venv\Lib\site-packages\_distutils_hack\__init__.py:30: UserWarning: Setuptools is replacing distutils. Support for replacing an already imported distutils is deprecated. In the future, this condition will fail. Register concerns at https://github.com/pypa/setuptools/issues/new?template=distutils-deprecation.yml
  warnings.warn(

2026-08-27 08:27:28,918:WARNING:C:\Users\knish\PycharmProjects\AutoML-Smart-Prediction\.venv\Lib\site-packages\_distutils_hack\__init__.py:30: UserWarning: Setuptools is replacing distutils. Support for replacing an already imported distutils is deprecated. In the future, this condition will fail. Register concerns at https://github.com/pypa/setuptools/issues/new?template=distutils-deprecation.yml
  warnings.warn(

2026-08-27 08:27:29,179:INFO:Calculating mean and std
2026-08-27 08:27:29,181:INFO:Creating metrics dataframe
2026-08-27 08:27:29,183:INFO:Uploading results into container
2026-08-27 08:27:29,184:INFO:Uploading model into container now
2026-08-27 08:27:29,185:INFO:_master_model_container: 2
2026-08-27 08:27:29,185:INFO:_display_container: 2
2026-08-27 08:27:29,185:INFO:Lasso(random_state=42)
2026-08-27 08:27:29,186:INFO:create_model() successfully completed......................................
2026-08-27 08:27:29,283:INFO:SubProcess create_model() end ==================================
2026-08-27 08:27:29,284:INFO:Creating metrics dataframe
2026-08-27 08:27:29,305:INFO:Initializing Ridge Regression
2026-08-27 08:27:29,305:INFO:Total runtime is 0.14161137342453003 minutes
2026-08-27 08:27:29,305:INFO:SubProcess create_model() called ==================================
2026-08-27 08:27:29,306:INFO:Initializing create_model()
2026-08-27 08:27:29,306:INFO:create_model(self=<pycaret.regression.oop.RegressionExperiment object at 0x000002307C4B88D0>, estimator=ridge, fold=KFold(n_splits=10, random_state=None, shuffle=False), round=4, cross_validation=True, predict=True, fit_kwargs={}, groups=None, refit=False, probability_threshold=None, experiment_custom_tags=None, verbose=False, system=False, add_to_model_list=True, metrics=None, display=<pycaret.internal.display.display.CommonDisplay object at 0x000002307E3F3E90>, model_only=True, return_train_score=False, error_score=0.0, kwargs={})
2026-08-27 08:27:29,306:INFO:Checking exceptions
2026-08-27 08:27:29,306:INFO:Importing libraries
2026-08-27 08:27:29,306:INFO:Copying training dataset
2026-08-27 08:27:29,315:INFO:Defining folds
2026-08-27 08:27:29,315:INFO:Declaring metric variables
2026-08-27 08:27:29,315:INFO:Importing untrained model
2026-08-27 08:27:29,316:INFO:Ridge Regression Imported successfully
2026-08-27 08:27:29,316:INFO:Starting cross validation
2026-08-27 08:27:29,320:INFO:Cross validating with KFold(n_splits=10, random_state=None, shuffle=False), n_jobs=-1
2026-08-27 08:27:29,681:INFO:Calculating mean and std
2026-08-27 08:27:29,682:INFO:Creating metrics dataframe
2026-08-27 08:27:29,684:INFO:Uploading results into container
2026-08-27 08:27:29,684:INFO:Uploading model into container now
2026-08-27 08:27:29,684:INFO:_master_model_container: 3
2026-08-27 08:27:29,684:INFO:_display_container: 2
2026-08-27 08:27:29,685:INFO:Ridge(random_state=42)
2026-08-27 08:27:29,685:INFO:create_model() successfully completed......................................
2026-08-27 08:27:29,748:INFO:SubProcess create_model() end ==================================
2026-08-27 08:27:29,749:INFO:Creating metrics dataframe
2026-08-27 08:27:29,752:INFO:Initializing Elastic Net
2026-08-27 08:27:29,753:INFO:Total runtime is 0.14907965660095215 minutes
2026-08-27 08:27:29,753:INFO:SubProcess create_model() called ==================================
2026-08-27 08:27:29,753:INFO:Initializing create_model()
2026-08-27 08:27:29,753:INFO:create_model(self=<pycaret.regression.oop.RegressionExperiment object at 0x000002307C4B88D0>, estimator=en, fold=KFold(n_splits=10, random_state=None, shuffle=False), round=4, cross_validation=True, predict=True, fit_kwargs={}, groups=None, refit=False, probability_threshold=None, experiment_custom_tags=None, verbose=False, system=False, add_to_model_list=True, metrics=None, display=<pycaret.internal.display.display.CommonDisplay object at 0x000002307E3F3E90>, model_only=True, return_train_score=False, error_score=0.0, kwargs={})
2026-08-27 08:27:29,754:INFO:Checking exceptions
2026-08-27 08:27:29,754:INFO:Importing libraries
2026-08-27 08:27:29,754:INFO:Copying training dataset
2026-08-27 08:27:29,761:INFO:Defining folds
2026-08-27 08:27:29,762:INFO:Declaring metric variables
2026-08-27 08:27:29,762:INFO:Importing untrained model
2026-08-27 08:27:29,763:INFO:Elastic Net Imported successfully
2026-08-27 08:27:29,763:INFO:Starting cross validation
2026-08-27 08:27:29,766:INFO:Cross validating with KFold(n_splits=10, random_state=None, shuffle=False), n_jobs=-1
2026-08-27 08:27:30,137:INFO:Calculating mean and std
2026-08-27 08:27:30,137:INFO:Creating metrics dataframe
2026-08-27 08:27:30,140:INFO:Uploading results into container
2026-08-27 08:27:30,140:INFO:Uploading model into container now
2026-08-27 08:27:30,140:INFO:_master_model_container: 4
2026-08-27 08:27:30,140:INFO:_display_container: 2
2026-08-27 08:27:30,141:INFO:ElasticNet(random_state=42)
2026-08-27 08:27:30,141:INFO:create_model() successfully completed......................................
2026-08-27 08:27:30,219:INFO:SubProcess create_model() end ==================================
2026-08-27 08:27:30,219:INFO:Creating metrics dataframe
2026-08-27 08:27:30,224:INFO:Initializing Least Angle Regression
2026-08-27 08:27:30,224:INFO:Total runtime is 0.15692722002665202 minutes
2026-08-27 08:27:30,224:INFO:SubProcess create_model() called ==================================
2026-08-27 08:27:30,225:INFO:Initializing create_model()
2026-08-27 08:27:30,225:INFO:create_model(self=<pycaret.regression.oop.RegressionExperiment object at 0x000002307C4B88D0>, estimator=lar, fold=KFold(n_splits=10, random_state=None, shuffle=False), round=4, cross_validation=True, predict=True, fit_kwargs={}, groups=None, refit=False, probability_threshold=None, experiment_custom_tags=None, verbose=False, system=False, add_to_model_list=True, metrics=None, display=<pycaret.internal.display.display.CommonDisplay object at 0x000002307E3F3E90>, model_only=True, return_train_score=False, error_score=0.0, kwargs={})
2026-08-27 08:27:30,225:INFO:Checking exceptions
2026-08-27 08:27:30,225:INFO:Importing libraries
2026-08-27 08:27:30,225:INFO:Copying training dataset
2026-08-27 08:27:30,232:INFO:Defining folds
2026-08-27 08:27:30,232:INFO:Declaring metric variables
2026-08-27 08:27:30,232:INFO:Importing untrained model
2026-08-27 08:27:30,233:INFO:Least Angle Regression Imported successfully
2026-08-27 08:27:30,233:INFO:Starting cross validation
2026-08-27 08:27:30,236:INFO:Cross validating with KFold(n_splits=10, random_state=None, shuffle=False), n_jobs=-1
2026-08-27 08:27:30,589:INFO:Calculating mean and std
2026-08-27 08:27:30,590:INFO:Creating metrics dataframe
2026-08-27 08:27:30,591:INFO:Uploading results into container
2026-08-27 08:27:30,591:INFO:Uploading model into container now
2026-08-27 08:27:30,592:INFO:_master_model_container: 5
2026-08-27 08:27:30,592:INFO:_display_container: 2
2026-08-27 08:27:30,592:INFO:Lars(random_state=42)
2026-08-27 08:27:30,592:INFO:create_model() successfully completed......................................
2026-08-27 08:27:30,671:INFO:SubProcess create_model() end ==================================
2026-08-27 08:27:30,671:INFO:Creating metrics dataframe
2026-08-27 08:27:30,675:INFO:Initializing Lasso Least Angle Regression
2026-08-27 08:27:30,676:INFO:Total runtime is 0.16447288990020753 minutes
2026-08-27 08:27:30,676:INFO:SubProcess create_model() called ==================================
2026-08-27 08:27:30,676:INFO:Initializing create_model()
2026-08-27 08:27:30,676:INFO:create_model(self=<pycaret.regression.oop.RegressionExperiment object at 0x000002307C4B88D0>, estimator=llar, fold=KFold(n_splits=10, random_state=None, shuffle=False), round=4, cross_validation=True, predict=True, fit_kwargs={}, groups=None, refit=False, probability_threshold=None, experiment_custom_tags=None, verbose=False, system=False, add_to_model_list=True, metrics=None, display=<pycaret.internal.display.display.CommonDisplay object at 0x000002307E3F3E90>, model_only=True, return_train_score=False, error_score=0.0, kwargs={})
2026-08-27 08:27:30,677:INFO:Checking exceptions
2026-08-27 08:27:30,677:INFO:Importing libraries
2026-08-27 08:27:30,677:INFO:Copying training dataset
2026-08-27 08:27:30,685:INFO:Defining folds
2026-08-27 08:27:30,686:INFO:Declaring metric variables
2026-08-27 08:27:30,686:INFO:Importing untrained model
2026-08-27 08:27:30,686:INFO:Lasso Least Angle Regression Imported successfully
2026-08-27 08:27:30,686:INFO:Starting cross validation
2026-08-27 08:27:30,689:INFO:Cross validating with KFold(n_splits=10, random_state=None, shuffle=False), n_jobs=-1
2026-08-27 08:27:31,026:INFO:Calculating mean and std
2026-08-27 08:27:31,026:INFO:Creating metrics dataframe
2026-08-27 08:27:31,028:INFO:Uploading results into container
2026-08-27 08:27:31,028:INFO:Uploading model into container now
2026-08-27 08:27:31,028:INFO:_master_model_container: 6
2026-08-27 08:27:31,028:INFO:_display_container: 2
2026-08-27 08:27:31,029:INFO:LassoLars(random_state=42)
2026-08-27 08:27:31,029:INFO:create_model() successfully completed......................................
2026-08-27 08:27:31,102:INFO:SubProcess create_model() end ==================================
2026-08-27 08:27:31,102:INFO:Creating metrics dataframe
2026-08-27 08:27:31,108:INFO:Initializing Orthogonal Matching Pursuit
2026-08-27 08:27:31,108:INFO:Total runtime is 0.17167250712712606 minutes
2026-08-27 08:27:31,108:INFO:SubProcess create_model() called ==================================
2026-08-27 08:27:31,110:INFO:Initializing create_model()
2026-08-27 08:27:31,110:INFO:create_model(self=<pycaret.regression.oop.RegressionExperiment object at 0x000002307C4B88D0>, estimator=omp, fold=KFold(n_splits=10, random_state=None, shuffle=False), round=4, cross_validation=True, predict=True, fit_kwargs={}, groups=None, refit=False, probability_threshold=None, experiment_custom_tags=None, verbose=False, system=False, add_to_model_list=True, metrics=None, display=<pycaret.internal.display.display.CommonDisplay object at 0x000002307E3F3E90>, model_only=True, return_train_score=False, error_score=0.0, kwargs={})
2026-08-27 08:27:31,110:INFO:Checking exceptions
2026-08-27 08:27:31,110:INFO:Importing libraries
2026-08-27 08:27:31,110:INFO:Copying training dataset
2026-08-27 08:27:31,119:INFO:Defining folds
2026-08-27 08:27:31,119:INFO:Declaring metric variables
2026-08-27 08:27:31,120:INFO:Importing untrained model
2026-08-27 08:27:31,120:INFO:Orthogonal Matching Pursuit Imported successfully
2026-08-27 08:27:31,120:INFO:Starting cross validation
2026-08-27 08:27:31,124:INFO:Cross validating with KFold(n_splits=10, random_state=None, shuffle=False), n_jobs=-1
2026-08-27 08:27:31,471:INFO:Calculating mean and std
2026-08-27 08:27:31,477:INFO:Creating metrics dataframe
2026-08-27 08:27:31,479:INFO:Uploading results into container
2026-08-27 08:27:31,479:INFO:Uploading model into container now
2026-08-27 08:27:31,479:INFO:_master_model_container: 7
2026-08-27 08:27:31,480:INFO:_display_container: 2
2026-08-27 08:27:31,480:INFO:OrthogonalMatchingPursuit()
2026-08-27 08:27:31,480:INFO:create_model() successfully completed......................................
2026-08-27 08:27:31,544:INFO:SubProcess create_model() end ==================================
2026-08-27 08:27:31,545:INFO:Creating metrics dataframe
2026-08-27 08:27:31,549:INFO:Initializing Bayesian Ridge
2026-08-27 08:27:31,549:INFO:Total runtime is 0.17902121941248575 minutes
2026-08-27 08:27:31,550:INFO:SubProcess create_model() called ==================================
2026-08-27 08:27:31,550:INFO:Initializing create_model()
2026-08-27 08:27:31,550:INFO:create_model(self=<pycaret.regression.oop.RegressionExperiment object at 0x000002307C4B88D0>, estimator=br, fold=KFold(n_splits=10, random_state=None, shuffle=False), round=4, cross_validation=True, predict=True, fit_kwargs={}, groups=None, refit=False, probability_threshold=None, experiment_custom_tags=None, verbose=False, system=False, add_to_model_list=True, metrics=None, display=<pycaret.internal.display.display.CommonDisplay object at 0x000002307E3F3E90>, model_only=True, return_train_score=False, error_score=0.0, kwargs={})
2026-08-27 08:27:31,550:INFO:Checking exceptions
2026-08-27 08:27:31,550:INFO:Importing libraries
2026-08-27 08:27:31,551:INFO:Copying training dataset
2026-08-27 08:27:31,558:INFO:Defining folds
2026-08-27 08:27:31,558:INFO:Declaring metric variables
2026-08-27 08:27:31,558:INFO:Importing untrained model
2026-08-27 08:27:31,559:INFO:Bayesian Ridge Imported successfully
2026-08-27 08:27:31,559:INFO:Starting cross validation
2026-08-27 08:27:31,561:INFO:Cross validating with KFold(n_splits=10, random_state=None, shuffle=False), n_jobs=-1
2026-08-27 08:27:31,937:INFO:Calculating mean and std
2026-08-27 08:27:31,938:INFO:Creating metrics dataframe
2026-08-27 08:27:31,939:INFO:Uploading results into container
2026-08-27 08:27:31,940:INFO:Uploading model into container now
2026-08-27 08:27:31,940:INFO:_master_model_container: 8
2026-08-27 08:27:31,940:INFO:_display_container: 2
2026-08-27 08:27:31,940:INFO:BayesianRidge()
2026-08-27 08:27:31,940:INFO:create_model() successfully completed......................................
2026-08-27 08:27:32,021:INFO:SubProcess create_model() end ==================================
2026-08-27 08:27:32,021:INFO:Creating metrics dataframe
2026-08-27 08:27:32,025:INFO:Initializing Passive Aggressive Regressor
2026-08-27 08:27:32,025:INFO:Total runtime is 0.18695399363835652 minutes
2026-08-27 08:27:32,026:INFO:SubProcess create_model() called ==================================
2026-08-27 08:27:32,026:INFO:Initializing create_model()
2026-08-27 08:27:32,026:INFO:create_model(self=<pycaret.regression.oop.RegressionExperiment object at 0x000002307C4B88D0>, estimator=par, fold=KFold(n_splits=10, random_state=None, shuffle=False), round=4, cross_validation=True, predict=True, fit_kwargs={}, groups=None, refit=False, probability_threshold=None, experiment_custom_tags=None, verbose=False, system=False, add_to_model_list=True, metrics=None, display=<pycaret.internal.display.display.CommonDisplay object at 0x000002307E3F3E90>, model_only=True, return_train_score=False, error_score=0.0, kwargs={})
2026-08-27 08:27:32,026:INFO:Checking exceptions
2026-08-27 08:27:32,026:INFO:Importing libraries
2026-08-27 08:27:32,027:INFO:Copying training dataset
2026-08-27 08:27:32,035:INFO:Defining folds
2026-08-27 08:27:32,035:INFO:Declaring metric variables
2026-08-27 08:27:32,035:INFO:Importing untrained model
2026-08-27 08:27:32,037:INFO:Passive Aggressive Regressor Imported successfully
2026-08-27 08:27:32,037:INFO:Starting cross validation
2026-08-27 08:27:32,040:INFO:Cross validating with KFold(n_splits=10, random_state=None, shuffle=False), n_jobs=-1
2026-08-27 08:27:32,392:INFO:Calculating mean and std
2026-08-27 08:27:32,393:INFO:Creating metrics dataframe
2026-08-27 08:27:32,395:INFO:Uploading results into container
2026-08-27 08:27:32,395:INFO:Uploading model into container now
2026-08-27 08:27:32,395:INFO:_master_model_container: 9
2026-08-27 08:27:32,395:INFO:_display_container: 2
2026-08-27 08:27:32,396:INFO:PassiveAggressiveRegressor(random_state=42)
2026-08-27 08:27:32,396:INFO:create_model() successfully completed......................................
2026-08-27 08:27:32,473:INFO:SubProcess create_model() end ==================================
2026-08-27 08:27:32,474:INFO:Creating metrics dataframe
2026-08-27 08:27:32,477:INFO:Initializing Huber Regressor
2026-08-27 08:27:32,478:INFO:Total runtime is 0.19450629154841104 minutes
2026-08-27 08:27:32,478:INFO:SubProcess create_model() called ==================================
2026-08-27 08:27:32,478:INFO:Initializing create_model()
2026-08-27 08:27:32,478:INFO:create_model(self=<pycaret.regression.oop.RegressionExperiment object at 0x000002307C4B88D0>, estimator=huber, fold=KFold(n_splits=10, random_state=None, shuffle=False), round=4, cross_validation=True, predict=True, fit_kwargs={}, groups=None, refit=False, probability_threshold=None, experiment_custom_tags=None, verbose=False, system=False, add_to_model_list=True, metrics=None, display=<pycaret.internal.display.display.CommonDisplay object at 0x000002307E3F3E90>, model_only=True, return_train_score=False, error_score=0.0, kwargs={})
2026-08-27 08:27:32,478:INFO:Checking exceptions
2026-08-27 08:27:32,478:INFO:Importing libraries
2026-08-27 08:27:32,479:INFO:Copying training dataset
2026-08-27 08:27:32,489:INFO:Defining folds
2026-08-27 08:27:32,490:INFO:Declaring metric variables
2026-08-27 08:27:32,490:INFO:Importing untrained model
2026-08-27 08:27:32,491:INFO:Huber Regressor Imported successfully
2026-08-27 08:27:32,491:INFO:Starting cross validation
2026-08-27 08:27:32,495:INFO:Cross validating with KFold(n_splits=10, random_state=None, shuffle=False), n_jobs=-1
2026-08-27 08:27:32,896:INFO:Calculating mean and std
2026-08-27 08:27:32,896:INFO:Creating metrics dataframe
2026-08-27 08:27:32,898:INFO:Uploading results into container
2026-08-27 08:27:32,898:INFO:Uploading model into container now
2026-08-27 08:27:32,898:INFO:_master_model_container: 10
2026-08-27 08:27:32,898:INFO:_display_container: 2
2026-08-27 08:27:32,898:INFO:HuberRegressor()
2026-08-27 08:27:32,898:INFO:create_model() successfully completed......................................
2026-08-27 08:27:32,965:INFO:SubProcess create_model() end ==================================
2026-08-27 08:27:32,965:INFO:Creating metrics dataframe
2026-08-27 08:27:32,970:INFO:Initializing K Neighbors Regressor
2026-08-27 08:27:32,970:INFO:Total runtime is 0.20269869565963744 minutes
2026-08-27 08:27:32,971:INFO:SubProcess create_model() called ==================================
2026-08-27 08:27:32,971:INFO:Initializing create_model()
2026-08-27 08:27:32,971:INFO:create_model(self=<pycaret.regression.oop.RegressionExperiment object at 0x000002307C4B88D0>, estimator=knn, fold=KFold(n_splits=10, random_state=None, shuffle=False), round=4, cross_validation=True, predict=True, fit_kwargs={}, groups=None, refit=False, probability_threshold=None, experiment_custom_tags=None, verbose=False, system=False, add_to_model_list=True, metrics=None, display=<pycaret.internal.display.display.CommonDisplay object at 0x000002307E3F3E90>, model_only=True, return_train_score=False, error_score=0.0, kwargs={})
2026-08-27 08:27:32,971:INFO:Checking exceptions
2026-08-27 08:27:32,971:INFO:Importing libraries
2026-08-27 08:27:32,971:INFO:Copying training dataset
2026-08-27 08:27:32,978:INFO:Defining folds
2026-08-27 08:27:32,978:INFO:Declaring metric variables
2026-08-27 08:27:32,978:INFO:Importing untrained model
2026-08-27 08:27:32,979:INFO:K Neighbors Regressor Imported successfully
2026-08-27 08:27:32,979:INFO:Starting cross validation
2026-08-27 08:27:32,982:INFO:Cross validating with KFold(n_splits=10, random_state=None, shuffle=False), n_jobs=-1
2026-08-27 08:27:33,346:INFO:Calculating mean and std
2026-08-27 08:27:33,347:INFO:Creating metrics dataframe
2026-08-27 08:27:33,348:INFO:Uploading results into container
2026-08-27 08:27:33,348:INFO:Uploading model into container now
2026-08-27 08:27:33,349:INFO:_master_model_container: 11
2026-08-27 08:27:33,349:INFO:_display_container: 2
2026-08-27 08:27:33,349:INFO:KNeighborsRegressor(n_jobs=-1)
2026-08-27 08:27:33,349:INFO:create_model() successfully completed......................................
2026-08-27 08:27:33,414:INFO:SubProcess create_model() end ==================================
2026-08-27 08:27:33,414:INFO:Creating metrics dataframe
2026-08-27 08:27:33,417:INFO:Initializing Decision Tree Regressor
2026-08-27 08:27:33,418:INFO:Total runtime is 0.21016459465026854 minutes
2026-08-27 08:27:33,418:INFO:SubProcess create_model() called ==================================
2026-08-27 08:27:33,418:INFO:Initializing create_model()
2026-08-27 08:27:33,418:INFO:create_model(self=<pycaret.regression.oop.RegressionExperiment object at 0x000002307C4B88D0>, estimator=dt, fold=KFold(n_splits=10, random_state=None, shuffle=False), round=4, cross_validation=True, predict=True, fit_kwargs={}, groups=None, refit=False, probability_threshold=None, experiment_custom_tags=None, verbose=False, system=False, add_to_model_list=True, metrics=None, display=<pycaret.internal.display.display.CommonDisplay object at 0x000002307E3F3E90>, model_only=True, return_train_score=False, error_score=0.0, kwargs={})
2026-08-27 08:27:33,418:INFO:Checking exceptions
2026-08-27 08:27:33,418:INFO:Importing libraries
2026-08-27 08:27:33,418:INFO:Copying training dataset
2026-08-27 08:27:33,426:INFO:Defining folds
2026-08-27 08:27:33,426:INFO:Declaring metric variables
2026-08-27 08:27:33,426:INFO:Importing untrained model
2026-08-27 08:27:33,426:INFO:Decision Tree Regressor Imported successfully
2026-08-27 08:27:33,426:INFO:Starting cross validation
2026-08-27 08:27:33,429:INFO:Cross validating with KFold(n_splits=10, random_state=None, shuffle=False), n_jobs=-1
2026-08-27 08:27:33,784:INFO:Calculating mean and std
2026-08-27 08:27:33,785:INFO:Creating metrics dataframe
2026-08-27 08:27:33,787:INFO:Uploading results into container
2026-08-27 08:27:33,787:INFO:Uploading model into container now
2026-08-27 08:27:33,787:INFO:_master_model_container: 12
2026-08-27 08:27:33,787:INFO:_display_container: 2
2026-08-27 08:27:33,788:INFO:DecisionTreeRegressor(random_state=42)
2026-08-27 08:27:33,788:INFO:create_model() successfully completed......................................
2026-08-27 08:27:33,853:INFO:SubProcess create_model() end ==================================
2026-08-27 08:27:33,853:INFO:Creating metrics dataframe
2026-08-27 08:27:33,857:INFO:Initializing Random Forest Regressor
2026-08-27 08:27:33,857:INFO:Total runtime is 0.21747765938440958 minutes
2026-08-27 08:27:33,857:INFO:SubProcess create_model() called ==================================
2026-08-27 08:27:33,858:INFO:Initializing create_model()
2026-08-27 08:27:33,858:INFO:create_model(self=<pycaret.regression.oop.RegressionExperiment object at 0x000002307C4B88D0>, estimator=rf, fold=KFold(n_splits=10, random_state=None, shuffle=False), round=4, cross_validation=True, predict=True, fit_kwargs={}, groups=None, refit=False, probability_threshold=None, experiment_custom_tags=None, verbose=False, system=False, add_to_model_list=True, metrics=None, display=<pycaret.internal.display.display.CommonDisplay object at 0x000002307E3F3E90>, model_only=True, return_train_score=False, error_score=0.0, kwargs={})
2026-08-27 08:27:33,858:INFO:Checking exceptions
2026-08-27 08:27:33,858:INFO:Importing libraries
2026-08-27 08:27:33,858:INFO:Copying training dataset
2026-08-27 08:27:33,868:INFO:Defining folds
2026-08-27 08:27:33,868:INFO:Declaring metric variables
2026-08-27 08:27:33,868:INFO:Importing untrained model
2026-08-27 08:27:33,869:INFO:Random Forest Regressor Imported successfully
2026-08-27 08:27:33,869:INFO:Starting cross validation
2026-08-27 08:27:33,872:INFO:Cross validating with KFold(n_splits=10, random_state=None, shuffle=False), n_jobs=-1
2026-08-27 08:27:34,637:INFO:Calculating mean and std
2026-08-27 08:27:34,637:INFO:Creating metrics dataframe
2026-08-27 08:27:34,639:INFO:Uploading results into container
2026-08-27 08:27:34,639:INFO:Uploading model into container now
2026-08-27 08:27:34,639:INFO:_master_model_container: 13
2026-08-27 08:27:34,639:INFO:_display_container: 2
2026-08-27 08:27:34,640:INFO:RandomForestRegressor(n_jobs=-1, random_state=42)
2026-08-27 08:27:34,640:INFO:create_model() successfully completed......................................
2026-08-27 08:27:34,709:INFO:SubProcess create_model() end ==================================
2026-08-27 08:27:34,710:INFO:Creating metrics dataframe
2026-08-27 08:27:34,713:INFO:Initializing Extra Trees Regressor
2026-08-27 08:27:34,713:INFO:Total runtime is 0.23174701929092406 minutes
2026-08-27 08:27:34,714:INFO:SubProcess create_model() called ==================================
2026-08-27 08:27:34,714:INFO:Initializing create_model()
2026-08-27 08:27:34,714:INFO:create_model(self=<pycaret.regression.oop.RegressionExperiment object at 0x000002307C4B88D0>, estimator=et, fold=KFold(n_splits=10, random_state=None, shuffle=False), round=4, cross_validation=True, predict=True, fit_kwargs={}, groups=None, refit=False, probability_threshold=None, experiment_custom_tags=None, verbose=False, system=False, add_to_model_list=True, metrics=None, display=<pycaret.internal.display.display.CommonDisplay object at 0x000002307E3F3E90>, model_only=True, return_train_score=False, error_score=0.0, kwargs={})
2026-08-27 08:27:34,714:INFO:Checking exceptions
2026-08-27 08:27:34,714:INFO:Importing libraries
2026-08-27 08:27:34,714:INFO:Copying training dataset
2026-08-27 08:27:34,721:INFO:Defining folds
2026-08-27 08:27:34,721:INFO:Declaring metric variables
2026-08-27 08:27:34,721:INFO:Importing untrained model
2026-08-27 08:27:34,721:INFO:Extra Trees Regressor Imported successfully
2026-08-27 08:27:34,722:INFO:Starting cross validation
2026-08-27 08:27:34,724:INFO:Cross validating with KFold(n_splits=10, random_state=None, shuffle=False), n_jobs=-1
2026-08-27 08:27:35,417:INFO:Calculating mean and std
2026-08-27 08:27:35,418:INFO:Creating metrics dataframe
2026-08-27 08:27:35,419:INFO:Uploading results into container
2026-08-27 08:27:35,420:INFO:Uploading model into container now
2026-08-27 08:27:35,420:INFO:_master_model_container: 14
2026-08-27 08:27:35,420:INFO:_display_container: 2
2026-08-27 08:27:35,421:INFO:ExtraTreesRegressor(n_jobs=-1, random_state=42)
2026-08-27 08:27:35,421:INFO:create_model() successfully completed......................................
2026-08-27 08:27:35,487:INFO:SubProcess create_model() end ==================================
2026-08-27 08:27:35,487:INFO:Creating metrics dataframe
2026-08-27 08:27:35,491:INFO:Initializing AdaBoost Regressor
2026-08-27 08:27:35,491:INFO:Total runtime is 0.24470715125401812 minutes
2026-08-27 08:27:35,492:INFO:SubProcess create_model() called ==================================
2026-08-27 08:27:35,492:INFO:Initializing create_model()
2026-08-27 08:27:35,492:INFO:create_model(self=<pycaret.regression.oop.RegressionExperiment object at 0x000002307C4B88D0>, estimator=ada, fold=KFold(n_splits=10, random_state=None, shuffle=False), round=4, cross_validation=True, predict=True, fit_kwargs={}, groups=None, refit=False, probability_threshold=None, experiment_custom_tags=None, verbose=False, system=False, add_to_model_list=True, metrics=None, display=<pycaret.internal.display.display.CommonDisplay object at 0x000002307E3F3E90>, model_only=True, return_train_score=False, error_score=0.0, kwargs={})
2026-08-27 08:27:35,492:INFO:Checking exceptions
2026-08-27 08:27:35,492:INFO:Importing libraries
2026-08-27 08:27:35,492:INFO:Copying training dataset
2026-08-27 08:27:35,500:INFO:Defining folds
2026-08-27 08:27:35,500:INFO:Declaring metric variables
2026-08-27 08:27:35,500:INFO:Importing untrained model
2026-08-27 08:27:35,501:INFO:AdaBoost Regressor Imported successfully
2026-08-27 08:27:35,501:INFO:Starting cross validation
2026-08-27 08:27:35,505:INFO:Cross validating with KFold(n_splits=10, random_state=None, shuffle=False), n_jobs=-1
2026-08-27 08:27:35,982:INFO:Calculating mean and std
2026-08-27 08:27:35,984:INFO:Creating metrics dataframe
2026-08-27 08:27:35,985:INFO:Uploading results into container
2026-08-27 08:27:35,985:INFO:Uploading model into container now
2026-08-27 08:27:35,986:INFO:_master_model_container: 15
2026-08-27 08:27:35,986:INFO:_display_container: 2
2026-08-27 08:27:35,986:INFO:AdaBoostRegressor(random_state=42)
2026-08-27 08:27:35,986:INFO:create_model() successfully completed......................................
2026-08-27 08:27:36,065:INFO:SubProcess create_model() end ==================================
2026-08-27 08:27:36,065:INFO:Creating metrics dataframe
2026-08-27 08:27:36,070:INFO:Initializing Gradient Boosting Regressor
2026-08-27 08:27:36,070:INFO:Total runtime is 0.2543569525082906 minutes
2026-08-27 08:27:36,071:INFO:SubProcess create_model() called ==================================
2026-08-27 08:27:36,071:INFO:Initializing create_model()
2026-08-27 08:27:36,072:INFO:create_model(self=<pycaret.regression.oop.RegressionExperiment object at 0x000002307C4B88D0>, estimator=gbr, fold=KFold(n_splits=10, random_state=None, shuffle=False), round=4, cross_validation=True, predict=True, fit_kwargs={}, groups=None, refit=False, probability_threshold=None, experiment_custom_tags=None, verbose=False, system=False, add_to_model_list=True, metrics=None, display=<pycaret.internal.display.display.CommonDisplay object at 0x000002307E3F3E90>, model_only=True, return_train_score=False, error_score=0.0, kwargs={})
2026-08-27 08:27:36,072:INFO:Checking exceptions
2026-08-27 08:27:36,072:INFO:Importing libraries
2026-08-27 08:27:36,072:INFO:Copying training dataset
2026-08-27 08:27:36,081:INFO:Defining folds
2026-08-27 08:27:36,081:INFO:Declaring metric variables
2026-08-27 08:27:36,082:INFO:Importing untrained model
2026-08-27 08:27:36,082:INFO:Gradient Boosting Regressor Imported successfully
2026-08-27 08:27:36,082:INFO:Starting cross validation
2026-08-27 08:27:36,087:INFO:Cross validating with KFold(n_splits=10, random_state=None, shuffle=False), n_jobs=-1
2026-08-27 08:27:36,539:INFO:Calculating mean and std
2026-08-27 08:27:36,540:INFO:Creating metrics dataframe
2026-08-27 08:27:36,542:INFO:Uploading results into container
2026-08-27 08:27:36,542:INFO:Uploading model into container now
2026-08-27 08:27:36,542:INFO:_master_model_container: 16
2026-08-27 08:27:36,542:INFO:_display_container: 2
2026-08-27 08:27:36,543:INFO:GradientBoostingRegressor(random_state=42)
2026-08-27 08:27:36,543:INFO:create_model() successfully completed......................................
2026-08-27 08:27:36,619:INFO:SubProcess create_model() end ==================================
2026-08-27 08:27:36,619:INFO:Creating metrics dataframe
2026-08-27 08:27:36,625:INFO:Initializing Light Gradient Boosting Machine
2026-08-27 08:27:36,625:INFO:Total runtime is 0.2636068701744079 minutes
2026-08-27 08:27:36,625:INFO:SubProcess create_model() called ==================================
2026-08-27 08:27:36,626:INFO:Initializing create_model()
2026-08-27 08:27:36,626:INFO:create_model(self=<pycaret.regression.oop.RegressionExperiment object at 0x000002307C4B88D0>, estimator=lightgbm, fold=KFold(n_splits=10, random_state=None, shuffle=False), round=4, cross_validation=True, predict=True, fit_kwargs={}, groups=None, refit=False, probability_threshold=None, experiment_custom_tags=None, verbose=False, system=False, add_to_model_list=True, metrics=None, display=<pycaret.internal.display.display.CommonDisplay object at 0x000002307E3F3E90>, model_only=True, return_train_score=False, error_score=0.0, kwargs={})
2026-08-27 08:27:36,626:INFO:Checking exceptions
2026-08-27 08:27:36,626:INFO:Importing libraries
2026-08-27 08:27:36,626:INFO:Copying training dataset
2026-08-27 08:27:36,635:INFO:Defining folds
2026-08-27 08:27:36,635:INFO:Declaring metric variables
2026-08-27 08:27:36,635:INFO:Importing untrained model
2026-08-27 08:27:36,637:INFO:Light Gradient Boosting Machine Imported successfully
2026-08-27 08:27:36,637:INFO:Starting cross validation
2026-08-27 08:27:36,640:INFO:Cross validating with KFold(n_splits=10, random_state=None, shuffle=False), n_jobs=-1
2026-08-27 08:27:37,031:WARNING:create_model() for lightgbm raised an exception or returned all 0.0, trying without fit_kwargs:
2026-08-27 08:27:37,054:WARNING:Traceback (most recent call last):
  File "C:\Users\knish\PycharmProjects\AutoML-Smart-Prediction\.venv\Lib\site-packages\pycaret\internal\pycaret_experiment\supervised_experiment.py", line 794, in compare_models
    model, model_fit_time = self._create_model(**create_model_args)
                            ^^^^^^^^^^^^^^^^^^^^^^^^^^^^^^^^^^^^^^^
  File "C:\Users\knish\PycharmProjects\AutoML-Smart-Prediction\.venv\Lib\site-packages\pycaret\internal\pycaret_experiment\supervised_experiment.py", line 1533, in _create_model
    model, model_fit_time, model_results, _ = self._create_model_with_cv(
                                              ^^^^^^^^^^^^^^^^^^^^^^^^^^^
  File "C:\Users\knish\PycharmProjects\AutoML-Smart-Prediction\.venv\Lib\site-packages\pycaret\internal\pycaret_experiment\supervised_experiment.py", line 1126, in _create_model_with_cv
    scores = cross_validate(
             ^^^^^^^^^^^^^^^
  File "C:\Users\knish\PycharmProjects\AutoML-Smart-Prediction\.venv\Lib\site-packages\sklearn\utils\_param_validation.py", line 213, in wrapper
    return func(*args, **kwargs)
           ^^^^^^^^^^^^^^^^^^^^^
  File "C:\Users\knish\PycharmProjects\AutoML-Smart-Prediction\.venv\Lib\site-packages\sklearn\model_selection\_validation.py", line 450, in cross_validate
    _warn_or_raise_about_fit_failures(results, error_score)
  File "C:\Users\knish\PycharmProjects\AutoML-Smart-Prediction\.venv\Lib\site-packages\sklearn\model_selection\_validation.py", line 536, in _warn_or_raise_about_fit_failures
    raise ValueError(all_fits_failed_message)
ValueError: 
All the 10 fits failed.
It is very likely that your model is misconfigured.
You can try to debug the error by setting error_score='raise'.

Below are more details about the failures:
--------------------------------------------------------------------------------
10 fits failed with the following error:
Traceback (most recent call last):
  File "C:\Users\knish\PycharmProjects\AutoML-Smart-Prediction\.venv\Lib\site-packages\sklearn\model_selection\_validation.py", line 895, in _fit_and_score
    estimator.fit(X_train, y_train, **fit_params)
  File "C:\Users\knish\PycharmProjects\AutoML-Smart-Prediction\.venv\Lib\site-packages\pycaret\internal\pipeline.py", line 278, in fit
    fitted_estimator = self._memory_fit(
                       ^^^^^^^^^^^^^^^^^
  File "C:\Users\knish\PycharmProjects\AutoML-Smart-Prediction\.venv\Lib\site-packages\joblib\memory.py", line 353, in __call__
    return self.func(*args, **kwargs)
           ^^^^^^^^^^^^^^^^^^^^^^^^^^
  File "C:\Users\knish\PycharmProjects\AutoML-Smart-Prediction\.venv\Lib\site-packages\pycaret\internal\pipeline.py", line 69, in _fit_one
    transformer.fit(*args)
  File "C:\Users\knish\PycharmProjects\AutoML-Smart-Prediction\.venv\Lib\site-packages\lightgbm\sklearn.py", line 1536, in fit
    super().fit(
  File "C:\Users\knish\PycharmProjects\AutoML-Smart-Prediction\.venv\Lib\site-packages\lightgbm\sklearn.py", line 1171, in fit
    self._Booster = train(
                    ^^^^^^
  File "C:\Users\knish\PycharmProjects\AutoML-Smart-Prediction\.venv\Lib\site-packages\lightgbm\engine.py", line 296, in train
    booster = Booster(params=params, train_set=train_set)
              ^^^^^^^^^^^^^^^^^^^^^^^^^^^^^^^^^^^^^^^^^^^
  File "C:\Users\knish\PycharmProjects\AutoML-Smart-Prediction\.venv\Lib\site-packages\lightgbm\basic.py", line 3758, in __init__
    train_set.construct()
  File "C:\Users\knish\PycharmProjects\AutoML-Smart-Prediction\.venv\Lib\site-packages\lightgbm\basic.py", line 2574, in construct
    self._lazy_init(
  File "C:\Users\knish\PycharmProjects\AutoML-Smart-Prediction\.venv\Lib\site-packages\lightgbm\basic.py", line 2189, in _lazy_init
    self.set_label(label)
  File "C:\Users\knish\PycharmProjects\AutoML-Smart-Prediction\.venv\Lib\site-packages\lightgbm\basic.py", line 3097, in set_label
    self.set_field("label", label_array)
  File "C:\Users\knish\PycharmProjects\AutoML-Smart-Prediction\.venv\Lib\site-packages\lightgbm\basic.py", line 2860, in set_field
    _LIB.LGBM_DatasetSetField(
OSError: exception: access violation reading 0x0000000000000000


2026-08-27 08:27:37,055:INFO:Initializing create_model()
2026-08-27 08:27:37,055:INFO:create_model(self=<pycaret.regression.oop.RegressionExperiment object at 0x000002307C4B88D0>, estimator=lightgbm, fold=KFold(n_splits=10, random_state=None, shuffle=False), round=4, cross_validation=True, predict=True, fit_kwargs={}, groups=None, refit=False, probability_threshold=None, experiment_custom_tags=None, verbose=False, system=False, add_to_model_list=True, metrics=None, display=<pycaret.internal.display.display.CommonDisplay object at 0x000002307E3F3E90>, model_only=True, return_train_score=False, error_score=0.0, kwargs={})
2026-08-27 08:27:37,055:INFO:Checking exceptions
2026-08-27 08:27:37,055:INFO:Importing libraries
2026-08-27 08:27:37,055:INFO:Copying training dataset
2026-08-27 08:27:37,060:INFO:Defining folds
2026-08-27 08:27:37,060:INFO:Declaring metric variables
2026-08-27 08:27:37,061:INFO:Importing untrained model
2026-08-27 08:27:37,061:INFO:Light Gradient Boosting Machine Imported successfully
2026-08-27 08:27:37,061:INFO:Starting cross validation
2026-08-27 08:27:37,064:INFO:Cross validating with KFold(n_splits=10, random_state=None, shuffle=False), n_jobs=-1
2026-08-27 08:27:37,392:ERROR:create_model() for lightgbm raised an exception or returned all 0.0:
2026-08-27 08:27:37,394:ERROR:Traceback (most recent call last):
  File "C:\Users\knish\PycharmProjects\AutoML-Smart-Prediction\.venv\Lib\site-packages\pycaret\internal\pycaret_experiment\supervised_experiment.py", line 794, in compare_models
    model, model_fit_time = self._create_model(**create_model_args)
                            ^^^^^^^^^^^^^^^^^^^^^^^^^^^^^^^^^^^^^^^
  File "C:\Users\knish\PycharmProjects\AutoML-Smart-Prediction\.venv\Lib\site-packages\pycaret\internal\pycaret_experiment\supervised_experiment.py", line 1533, in _create_model
    model, model_fit_time, model_results, _ = self._create_model_with_cv(
                                              ^^^^^^^^^^^^^^^^^^^^^^^^^^^
  File "C:\Users\knish\PycharmProjects\AutoML-Smart-Prediction\.venv\Lib\site-packages\pycaret\internal\pycaret_experiment\supervised_experiment.py", line 1126, in _create_model_with_cv
    scores = cross_validate(
             ^^^^^^^^^^^^^^^
  File "C:\Users\knish\PycharmProjects\AutoML-Smart-Prediction\.venv\Lib\site-packages\sklearn\utils\_param_validation.py", line 213, in wrapper
    return func(*args, **kwargs)
           ^^^^^^^^^^^^^^^^^^^^^
  File "C:\Users\knish\PycharmProjects\AutoML-Smart-Prediction\.venv\Lib\site-packages\sklearn\model_selection\_validation.py", line 450, in cross_validate
    _warn_or_raise_about_fit_failures(results, error_score)
  File "C:\Users\knish\PycharmProjects\AutoML-Smart-Prediction\.venv\Lib\site-packages\sklearn\model_selection\_validation.py", line 536, in _warn_or_raise_about_fit_failures
    raise ValueError(all_fits_failed_message)
ValueError: 
All the 10 fits failed.
It is very likely that your model is misconfigured.
You can try to debug the error by setting error_score='raise'.

Below are more details about the failures:
--------------------------------------------------------------------------------
10 fits failed with the following error:
Traceback (most recent call last):
  File "C:\Users\knish\PycharmProjects\AutoML-Smart-Prediction\.venv\Lib\site-packages\sklearn\model_selection\_validation.py", line 895, in _fit_and_score
    estimator.fit(X_train, y_train, **fit_params)
  File "C:\Users\knish\PycharmProjects\AutoML-Smart-Prediction\.venv\Lib\site-packages\pycaret\internal\pipeline.py", line 278, in fit
    fitted_estimator = self._memory_fit(
                       ^^^^^^^^^^^^^^^^^
  File "C:\Users\knish\PycharmProjects\AutoML-Smart-Prediction\.venv\Lib\site-packages\joblib\memory.py", line 353, in __call__
    return self.func(*args, **kwargs)
           ^^^^^^^^^^^^^^^^^^^^^^^^^^
  File "C:\Users\knish\PycharmProjects\AutoML-Smart-Prediction\.venv\Lib\site-packages\pycaret\internal\pipeline.py", line 69, in _fit_one
    transformer.fit(*args)
  File "C:\Users\knish\PycharmProjects\AutoML-Smart-Prediction\.venv\Lib\site-packages\lightgbm\sklearn.py", line 1536, in fit
    super().fit(
  File "C:\Users\knish\PycharmProjects\AutoML-Smart-Prediction\.venv\Lib\site-packages\lightgbm\sklearn.py", line 1171, in fit
    self._Booster = train(
                    ^^^^^^
  File "C:\Users\knish\PycharmProjects\AutoML-Smart-Prediction\.venv\Lib\site-packages\lightgbm\engine.py", line 296, in train
    booster = Booster(params=params, train_set=train_set)
              ^^^^^^^^^^^^^^^^^^^^^^^^^^^^^^^^^^^^^^^^^^^
  File "C:\Users\knish\PycharmProjects\AutoML-Smart-Prediction\.venv\Lib\site-packages\lightgbm\basic.py", line 3758, in __init__
    train_set.construct()
  File "C:\Users\knish\PycharmProjects\AutoML-Smart-Prediction\.venv\Lib\site-packages\lightgbm\basic.py", line 2574, in construct
    self._lazy_init(
  File "C:\Users\knish\PycharmProjects\AutoML-Smart-Prediction\.venv\Lib\site-packages\lightgbm\basic.py", line 2189, in _lazy_init
    self.set_label(label)
  File "C:\Users\knish\PycharmProjects\AutoML-Smart-Prediction\.venv\Lib\site-packages\lightgbm\basic.py", line 3097, in set_label
    self.set_field("label", label_array)
  File "C:\Users\knish\PycharmProjects\AutoML-Smart-Prediction\.venv\Lib\site-packages\lightgbm\basic.py", line 2860, in set_field
    _LIB.LGBM_DatasetSetField(
OSError: exception: access violation reading 0x0000000000000000


During handling of the above exception, another exception occurred:

Traceback (most recent call last):
  File "C:\Users\knish\PycharmProjects\AutoML-Smart-Prediction\.venv\Lib\site-packages\pycaret\internal\pycaret_experiment\supervised_experiment.py", line 815, in compare_models
    model, model_fit_time = self._create_model(**create_model_args)
                            ^^^^^^^^^^^^^^^^^^^^^^^^^^^^^^^^^^^^^^^
  File "C:\Users\knish\PycharmProjects\AutoML-Smart-Prediction\.venv\Lib\site-packages\pycaret\internal\pycaret_experiment\supervised_experiment.py", line 1533, in _create_model
    model, model_fit_time, model_results, _ = self._create_model_with_cv(
                                              ^^^^^^^^^^^^^^^^^^^^^^^^^^^
  File "C:\Users\knish\PycharmProjects\AutoML-Smart-Prediction\.venv\Lib\site-packages\pycaret\internal\pycaret_experiment\supervised_experiment.py", line 1126, in _create_model_with_cv
    scores = cross_validate(
             ^^^^^^^^^^^^^^^
  File "C:\Users\knish\PycharmProjects\AutoML-Smart-Prediction\.venv\Lib\site-packages\sklearn\utils\_param_validation.py", line 213, in wrapper
    return func(*args, **kwargs)
           ^^^^^^^^^^^^^^^^^^^^^
  File "C:\Users\knish\PycharmProjects\AutoML-Smart-Prediction\.venv\Lib\site-packages\sklearn\model_selection\_validation.py", line 450, in cross_validate
    _warn_or_raise_about_fit_failures(results, error_score)
  File "C:\Users\knish\PycharmProjects\AutoML-Smart-Prediction\.venv\Lib\site-packages\sklearn\model_selection\_validation.py", line 536, in _warn_or_raise_about_fit_failures
    raise ValueError(all_fits_failed_message)
ValueError: 
All the 10 fits failed.
It is very likely that your model is misconfigured.
You can try to debug the error by setting error_score='raise'.

Below are more details about the failures:
--------------------------------------------------------------------------------
10 fits failed with the following error:
Traceback (most recent call last):
  File "C:\Users\knish\PycharmProjects\AutoML-Smart-Prediction\.venv\Lib\site-packages\sklearn\model_selection\_validation.py", line 895, in _fit_and_score
    estimator.fit(X_train, y_train, **fit_params)
  File "C:\Users\knish\PycharmProjects\AutoML-Smart-Prediction\.venv\Lib\site-packages\pycaret\internal\pipeline.py", line 278, in fit
    fitted_estimator = self._memory_fit(
                       ^^^^^^^^^^^^^^^^^
  File "C:\Users\knish\PycharmProjects\AutoML-Smart-Prediction\.venv\Lib\site-packages\joblib\memory.py", line 353, in __call__
    return self.func(*args, **kwargs)
           ^^^^^^^^^^^^^^^^^^^^^^^^^^
  File "C:\Users\knish\PycharmProjects\AutoML-Smart-Prediction\.venv\Lib\site-packages\pycaret\internal\pipeline.py", line 69, in _fit_one
    transformer.fit(*args)
  File "C:\Users\knish\PycharmProjects\AutoML-Smart-Prediction\.venv\Lib\site-packages\lightgbm\sklearn.py", line 1536, in fit
    super().fit(
  File "C:\Users\knish\PycharmProjects\AutoML-Smart-Prediction\.venv\Lib\site-packages\lightgbm\sklearn.py", line 1171, in fit
    self._Booster = train(
                    ^^^^^^
  File "C:\Users\knish\PycharmProjects\AutoML-Smart-Prediction\.venv\Lib\site-packages\lightgbm\engine.py", line 296, in train
    booster = Booster(params=params, train_set=train_set)
              ^^^^^^^^^^^^^^^^^^^^^^^^^^^^^^^^^^^^^^^^^^^
  File "C:\Users\knish\PycharmProjects\AutoML-Smart-Prediction\.venv\Lib\site-packages\lightgbm\basic.py", line 3758, in __init__
    train_set.construct()
  File "C:\Users\knish\PycharmProjects\AutoML-Smart-Prediction\.venv\Lib\site-packages\lightgbm\basic.py", line 2574, in construct
    self._lazy_init(
  File "C:\Users\knish\PycharmProjects\AutoML-Smart-Prediction\.venv\Lib\site-packages\lightgbm\basic.py", line 2189, in _lazy_init
    self.set_label(label)
  File "C:\Users\knish\PycharmProjects\AutoML-Smart-Prediction\.venv\Lib\site-packages\lightgbm\basic.py", line 3097, in set_label
    self.set_field("label", label_array)
  File "C:\Users\knish\PycharmProjects\AutoML-Smart-Prediction\.venv\Lib\site-packages\lightgbm\basic.py", line 2860, in set_field
    _LIB.LGBM_DatasetSetField(
OSError: exception: access violation reading 0x0000000000000000


2026-08-27 08:27:37,394:INFO:Initializing Dummy Regressor
2026-08-27 08:27:37,395:INFO:Total runtime is 0.27643829981486 minutes
2026-08-27 08:27:37,395:INFO:SubProcess create_model() called ==================================
2026-08-27 08:27:37,395:INFO:Initializing create_model()
2026-08-27 08:27:37,395:INFO:create_model(self=<pycaret.regression.oop.RegressionExperiment object at 0x000002307C4B88D0>, estimator=dummy, fold=KFold(n_splits=10, random_state=None, shuffle=False), round=4, cross_validation=True, predict=True, fit_kwargs={}, groups=None, refit=False, probability_threshold=None, experiment_custom_tags=None, verbose=False, system=False, add_to_model_list=True, metrics=None, display=<pycaret.internal.display.display.CommonDisplay object at 0x000002307E3F3E90>, model_only=True, return_train_score=False, error_score=0.0, kwargs={})
2026-08-27 08:27:37,395:INFO:Checking exceptions
2026-08-27 08:27:37,395:INFO:Importing libraries
2026-08-27 08:27:37,395:INFO:Copying training dataset
2026-08-27 08:27:37,401:INFO:Defining folds
2026-08-27 08:27:37,401:INFO:Declaring metric variables
2026-08-27 08:27:37,401:INFO:Importing untrained model
2026-08-27 08:27:37,401:INFO:Dummy Regressor Imported successfully
2026-08-27 08:27:37,402:INFO:Starting cross validation
2026-08-27 08:27:37,404:INFO:Cross validating with KFold(n_splits=10, random_state=None, shuffle=False), n_jobs=-1
2026-08-27 08:27:37,760:INFO:Calculating mean and std
2026-08-27 08:27:37,760:INFO:Creating metrics dataframe
2026-08-27 08:27:37,762:INFO:Uploading results into container
2026-08-27 08:27:37,762:INFO:Uploading model into container now
2026-08-27 08:27:37,762:INFO:_master_model_container: 17
2026-08-27 08:27:37,762:INFO:_display_container: 2
2026-08-27 08:27:37,762:INFO:DummyRegressor()
2026-08-27 08:27:37,763:INFO:create_model() successfully completed......................................
2026-08-27 08:27:37,840:INFO:SubProcess create_model() end ==================================
2026-08-27 08:27:37,840:INFO:Creating metrics dataframe
2026-08-27 08:27:37,846:WARNING:C:\Users\knish\PycharmProjects\AutoML-Smart-Prediction\.venv\Lib\site-packages\pycaret\internal\pycaret_experiment\supervised_experiment.py:339: FutureWarning: Styler.applymap has been deprecated. Use Styler.map instead.
  .applymap(highlight_cols, subset=["TT (Sec)"])

2026-08-27 08:27:37,849:INFO:Initializing create_model()
2026-08-27 08:27:37,849:INFO:create_model(self=<pycaret.regression.oop.RegressionExperiment object at 0x000002307C4B88D0>, estimator=RandomForestRegressor(n_jobs=-1, random_state=42), fold=KFold(n_splits=10, random_state=None, shuffle=False), round=4, cross_validation=False, predict=False, fit_kwargs={}, groups=None, refit=True, probability_threshold=None, experiment_custom_tags=None, verbose=False, system=False, add_to_model_list=True, metrics=None, display=None, model_only=True, return_train_score=False, error_score=0.0, kwargs={})
2026-08-27 08:27:37,850:INFO:Checking exceptions
2026-08-27 08:27:37,851:INFO:Importing libraries
2026-08-27 08:27:37,851:INFO:Copying training dataset
2026-08-27 08:27:37,858:INFO:Defining folds
2026-08-27 08:27:37,859:INFO:Declaring metric variables
2026-08-27 08:27:37,860:INFO:Importing untrained model
2026-08-27 08:27:37,860:INFO:Declaring custom model
2026-08-27 08:27:37,860:INFO:Random Forest Regressor Imported successfully
2026-08-27 08:27:37,863:INFO:Cross validation set to False
2026-08-27 08:27:37,863:INFO:Fitting Model
2026-08-27 08:27:38,101:INFO:RandomForestRegressor(n_jobs=-1, random_state=42)
2026-08-27 08:27:38,101:INFO:create_model() successfully completed......................................
2026-08-27 08:27:38,184:INFO:_master_model_container: 17
2026-08-27 08:27:38,184:INFO:_display_container: 2
2026-08-27 08:27:38,185:INFO:RandomForestRegressor(n_jobs=-1, random_state=42)
2026-08-27 08:27:38,185:INFO:compare_models() successfully completed......................................
2026-08-27 08:27:38,186:INFO:Initializing tune_model()
2026-08-27 08:27:38,187:INFO:tune_model(self=<pycaret.regression.oop.RegressionExperiment object at 0x000002307C4B88D0>, estimator=RandomForestRegressor(n_jobs=-1, random_state=42), fold=None, round=4, n_iter=10, custom_grid=None, optimize=RMSE, custom_scorer=None, search_library=scikit-learn, search_algorithm=None, early_stopping=False, early_stopping_max_iters=10, choose_better=True, fit_kwargs=None, groups=None, return_tuner=False, verbose=True, tuner_verbose=True, return_train_score=False, kwargs={})
2026-08-27 08:27:38,187:INFO:Checking exceptions
2026-08-27 08:27:38,192:INFO:Copying training dataset
2026-08-27 08:27:38,196:INFO:Checking base model
2026-08-27 08:27:38,196:INFO:Base model : Random Forest Regressor
2026-08-27 08:27:38,196:INFO:Declaring metric variables
2026-08-27 08:27:38,197:INFO:Defining Hyperparameters
2026-08-27 08:27:38,298:INFO:Tuning with n_jobs=-1
2026-08-27 08:27:38,298:INFO:Initializing RandomizedSearchCV
2026-08-27 08:27:44,606:INFO:best_params: {'actual_estimator__n_estimators': 280, 'actual_estimator__min_samples_split': 7, 'actual_estimator__min_samples_leaf': 2, 'actual_estimator__min_impurity_decrease': 0.01, 'actual_estimator__max_features': 1.0, 'actual_estimator__max_depth': 5, 'actual_estimator__criterion': 'squared_error', 'actual_estimator__bootstrap': True}
2026-08-27 08:27:44,606:INFO:Hyperparameter search completed
2026-08-27 08:27:44,607:INFO:SubProcess create_model() called ==================================
2026-08-27 08:27:44,607:INFO:Initializing create_model()
2026-08-27 08:27:44,607:INFO:create_model(self=<pycaret.regression.oop.RegressionExperiment object at 0x000002307C4B88D0>, estimator=RandomForestRegressor(n_jobs=-1, random_state=42), fold=KFold(n_splits=10, random_state=None, shuffle=False), round=4, cross_validation=True, predict=True, fit_kwargs={}, groups=None, refit=True, probability_threshold=None, experiment_custom_tags=None, verbose=True, system=False, add_to_model_list=True, metrics=None, display=<pycaret.internal.display.display.CommonDisplay object at 0x000002307E6D4D10>, model_only=True, return_train_score=False, error_score=0.0, kwargs={'n_estimators': 280, 'min_samples_split': 7, 'min_samples_leaf': 2, 'min_impurity_decrease': 0.01, 'max_features': 1.0, 'max_depth': 5, 'criterion': 'squared_error', 'bootstrap': True})
2026-08-27 08:27:44,607:INFO:Checking exceptions
2026-08-27 08:27:44,607:INFO:Importing libraries
2026-08-27 08:27:44,607:INFO:Copying training dataset
2026-08-27 08:27:44,611:INFO:Defining folds
2026-08-27 08:27:44,611:INFO:Declaring metric variables
2026-08-27 08:27:44,611:INFO:Importing untrained model
2026-08-27 08:27:44,611:INFO:Declaring custom model
2026-08-27 08:27:44,612:INFO:Random Forest Regressor Imported successfully
2026-08-27 08:27:44,613:INFO:Starting cross validation
2026-08-27 08:27:44,614:INFO:Cross validating with KFold(n_splits=10, random_state=None, shuffle=False), n_jobs=-1
2026-08-27 08:27:45,729:INFO:Calculating mean and std
2026-08-27 08:27:45,730:INFO:Creating metrics dataframe
2026-08-27 08:27:45,732:INFO:Finalizing model
2026-08-27 08:27:46,113:INFO:Uploading results into container
2026-08-27 08:27:46,113:INFO:Uploading model into container now
2026-08-27 08:27:46,113:INFO:_master_model_container: 18
2026-08-27 08:27:46,113:INFO:_display_container: 3
2026-08-27 08:27:46,113:INFO:RandomForestRegressor(max_depth=5, min_impurity_decrease=0.01,
                      min_samples_leaf=2, min_samples_split=7, n_estimators=280,
                      n_jobs=-1, random_state=42)
2026-08-27 08:27:46,115:INFO:create_model() successfully completed......................................
2026-08-27 08:27:46,183:INFO:SubProcess create_model() end ==================================
2026-08-27 08:27:46,184:INFO:choose_better activated
2026-08-27 08:27:46,184:INFO:SubProcess create_model() called ==================================
2026-08-27 08:27:46,185:INFO:Initializing create_model()
2026-08-27 08:27:46,185:INFO:create_model(self=<pycaret.regression.oop.RegressionExperiment object at 0x000002307C4B88D0>, estimator=RandomForestRegressor(n_jobs=-1, random_state=42), fold=KFold(n_splits=10, random_state=None, shuffle=False), round=4, cross_validation=True, predict=True, fit_kwargs={}, groups=None, refit=True, probability_threshold=None, experiment_custom_tags=None, verbose=False, system=False, add_to_model_list=True, metrics=None, display=None, model_only=True, return_train_score=False, error_score=0.0, kwargs={})
2026-08-27 08:27:46,185:INFO:Checking exceptions
2026-08-27 08:27:46,186:INFO:Importing libraries
2026-08-27 08:27:46,186:INFO:Copying training dataset
2026-08-27 08:27:46,194:INFO:Defining folds
2026-08-27 08:27:46,194:INFO:Declaring metric variables
2026-08-27 08:27:46,194:INFO:Importing untrained model
2026-08-27 08:27:46,194:INFO:Declaring custom model
2026-08-27 08:27:46,195:INFO:Random Forest Regressor Imported successfully
2026-08-27 08:27:46,196:INFO:Starting cross validation
2026-08-27 08:27:46,199:INFO:Cross validating with KFold(n_splits=10, random_state=None, shuffle=False), n_jobs=-1
2026-08-27 08:27:46,937:INFO:Calculating mean and std
2026-08-27 08:27:46,938:INFO:Creating metrics dataframe
2026-08-27 08:27:46,939:INFO:Finalizing model
2026-08-27 08:27:47,157:INFO:Uploading results into container
2026-08-27 08:27:47,158:INFO:Uploading model into container now
2026-08-27 08:27:47,158:INFO:_master_model_container: 19
2026-08-27 08:27:47,158:INFO:_display_container: 4
2026-08-27 08:27:47,158:INFO:RandomForestRegressor(n_jobs=-1, random_state=42)
2026-08-27 08:27:47,158:INFO:create_model() successfully completed......................................
2026-08-27 08:27:47,235:INFO:SubProcess create_model() end ==================================
2026-08-27 08:27:47,236:INFO:RandomForestRegressor(n_jobs=-1, random_state=42) result for RMSE is 4.0089
2026-08-27 08:27:47,237:INFO:RandomForestRegressor(max_depth=5, min_impurity_decrease=0.01,
                      min_samples_leaf=2, min_samples_split=7, n_estimators=280,
                      n_jobs=-1, random_state=42) result for RMSE is 3.9657
2026-08-27 08:27:47,237:INFO:RandomForestRegressor(max_depth=5, min_impurity_decrease=0.01,
                      min_samples_leaf=2, min_samples_split=7, n_estimators=280,
                      n_jobs=-1, random_state=42) is best model
2026-08-27 08:27:47,238:INFO:choose_better completed
2026-08-27 08:27:47,250:INFO:_master_model_container: 19
2026-08-27 08:27:47,250:INFO:_display_container: 3
2026-08-27 08:27:47,252:INFO:RandomForestRegressor(max_depth=5, min_impurity_decrease=0.01,
                      min_samples_leaf=2, min_samples_split=7, n_estimators=280,
                      n_jobs=-1, random_state=42)
2026-08-27 08:27:47,252:INFO:tune_model() successfully completed......................................
2026-08-27 08:27:47,351:INFO:Initializing predict_model()
2026-08-27 08:27:47,352:INFO:predict_model(self=<pycaret.regression.oop.RegressionExperiment object at 0x000002307C4B88D0>, estimator=RandomForestRegressor(max_depth=5, min_impurity_decrease=0.01,
                      min_samples_leaf=2, min_samples_split=7, n_estimators=280,
                      n_jobs=-1, random_state=42), probability_threshold=None, encoded_labels=False, raw_score=False, round=4, verbose=True, ml_usecase=None, preprocess=True, encode_labels=<function _SupervisedExperiment.predict_model.<locals>.encode_labels at 0x000002307C5849A0>)
2026-08-27 08:27:47,352:INFO:Checking exceptions
2026-08-27 08:27:47,352:INFO:Preloading libraries
2026-08-27 08:27:47,352:INFO:Set up data.
2026-08-27 08:27:47,369:INFO:Set up index.
2026-08-27 08:27:47,458:WARNING:C:\Users\knish\PycharmProjects\AutoML-Smart-Prediction\.venv\Lib\site-packages\sklearn\metrics\_regression.py:483: FutureWarning: 'squared' is deprecated in version 1.4 and will be removed in 1.6. To calculate the root mean squared error, use the function'root_mean_squared_error'.
  warnings.warn(

2026-08-27 08:27:47,575:INFO:Initializing finalize_model()
2026-08-27 08:27:47,575:INFO:finalize_model(self=<pycaret.regression.oop.RegressionExperiment object at 0x000002307C4B88D0>, estimator=RandomForestRegressor(max_depth=5, min_impurity_decrease=0.01,
                      min_samples_leaf=2, min_samples_split=7, n_estimators=280,
                      n_jobs=-1, random_state=42), fit_kwargs=None, groups=None, model_only=False, experiment_custom_tags=None)
2026-08-27 08:27:47,576:INFO:Finalizing RandomForestRegressor(max_depth=5, min_impurity_decrease=0.01,
                      min_samples_leaf=2, min_samples_split=7, n_estimators=280,
                      n_jobs=-1, random_state=42)
2026-08-27 08:27:47,583:INFO:Initializing create_model()
2026-08-27 08:27:47,583:INFO:create_model(self=<pycaret.regression.oop.RegressionExperiment object at 0x000002307C4B88D0>, estimator=RandomForestRegressor(max_depth=5, min_impurity_decrease=0.01,
                      min_samples_leaf=2, min_samples_split=7, n_estimators=280,
                      n_jobs=-1, random_state=42), fold=None, round=4, cross_validation=False, predict=False, fit_kwargs={}, groups=None, refit=True, probability_threshold=None, experiment_custom_tags=None, verbose=False, system=False, add_to_model_list=False, metrics=None, display=None, model_only=False, return_train_score=False, error_score=0.0, kwargs={})
2026-08-27 08:27:47,583:INFO:Checking exceptions
2026-08-27 08:27:47,584:INFO:Importing libraries
2026-08-27 08:27:47,585:INFO:Copying training dataset
2026-08-27 08:27:47,585:INFO:Defining folds
2026-08-27 08:27:47,585:INFO:Declaring metric variables
2026-08-27 08:27:47,585:INFO:Importing untrained model
2026-08-27 08:27:47,585:INFO:Declaring custom model
2026-08-27 08:27:47,586:INFO:Random Forest Regressor Imported successfully
2026-08-27 08:27:47,587:INFO:Cross validation set to False
2026-08-27 08:27:47,587:INFO:Fitting Model
2026-08-27 08:27:48,085:INFO:Pipeline(memory=Memory(location=None),
         steps=[('numerical_imputer',
                 TransformerWrapper(include=['age', 'Medu', 'Fedu',
                                             'traveltime', 'studytime',
                                             'failures', 'famrel', 'freetime',
                                             'goout', 'Dalc', 'Walc', 'health',
                                             'absences'],
                                    transformer=SimpleImputer())),
                ('categorical_imputer',
                 TransformerWrapper(include=['school', 'sex', 'address',
                                             'famsize', 'Pstatus', 'Mjob',
                                             'Fjo...
                                             'guardian'],
                                    transformer=OneHotEncoder(cols=['Mjob',
                                                                    'Fjob',
                                                                    'reason',
                                                                    'guardian'],
                                                              handle_missing='return_nan',
                                                              use_cat_names=True))),
                ('normalize', TransformerWrapper(transformer=StandardScaler())),
                ('actual_estimator',
                 RandomForestRegressor(max_depth=5, min_impurity_decrease=0.01,
                                       min_samples_leaf=2, min_samples_split=7,
                                       n_estimators=280, n_jobs=-1,
                                       random_state=42))])
2026-08-27 08:27:48,085:INFO:create_model() successfully completed......................................
2026-08-27 08:27:48,167:INFO:_master_model_container: 19
2026-08-27 08:27:48,167:INFO:_display_container: 4
2026-08-27 08:27:48,274:INFO:Pipeline(memory=Memory(location=None),
         steps=[('numerical_imputer',
                 TransformerWrapper(include=['age', 'Medu', 'Fedu',
                                             'traveltime', 'studytime',
                                             'failures', 'famrel', 'freetime',
                                             'goout', 'Dalc', 'Walc', 'health',
                                             'absences'],
                                    transformer=SimpleImputer())),
                ('categorical_imputer',
                 TransformerWrapper(include=['school', 'sex', 'address',
                                             'famsize', 'Pstatus', 'Mjob',
                                             'Fjo...
                                             'guardian'],
                                    transformer=OneHotEncoder(cols=['Mjob',
                                                                    'Fjob',
                                                                    'reason',
                                                                    'guardian'],
                                                              handle_missing='return_nan',
                                                              use_cat_names=True))),
                ('normalize', TransformerWrapper(transformer=StandardScaler())),
                ('actual_estimator',
                 RandomForestRegressor(max_depth=5, min_impurity_decrease=0.01,
                                       min_samples_leaf=2, min_samples_split=7,
                                       n_estimators=280, n_jobs=-1,
                                       random_state=42))])
2026-08-27 08:27:48,274:INFO:finalize_model() successfully completed......................................
2026-08-27 08:27:48,567:INFO:Initializing save_model()
2026-08-27 08:27:48,568:INFO:save_model(model=Pipeline(memory=Memory(location=None),
         steps=[('numerical_imputer',
                 TransformerWrapper(include=['age', 'Medu', 'Fedu',
                                             'traveltime', 'studytime',
                                             'failures', 'famrel', 'freetime',
                                             'goout', 'Dalc', 'Walc', 'health',
                                             'absences'],
                                    transformer=SimpleImputer())),
                ('categorical_imputer',
                 TransformerWrapper(include=['school', 'sex', 'address',
                                             'famsize', 'Pstatus', 'Mjob',
                                             'Fjo...
                                             'guardian'],
                                    transformer=OneHotEncoder(cols=['Mjob',
                                                                    'Fjob',
                                                                    'reason',
                                                                    'guardian'],
                                                              handle_missing='return_nan',
                                                              use_cat_names=True))),
                ('normalize', TransformerWrapper(transformer=StandardScaler())),
                ('actual_estimator',
                 RandomForestRegressor(max_depth=5, min_impurity_decrease=0.01,
                                       min_samples_leaf=2, min_samples_split=7,
                                       n_estimators=280, n_jobs=-1,
                                       random_state=42))]), model_name=C:\Users\knish\PycharmProjects\AutoML-Smart-Prediction\models\best_model, prep_pipe_=Pipeline(memory=FastMemory(location=C:\Users\knish\AppData\Local\Temp\joblib),
         steps=[('numerical_imputer',
                 TransformerWrapper(include=['age', 'Medu', 'Fedu',
                                             'traveltime', 'studytime',
                                             'failures', 'famrel', 'freetime',
                                             'goout', 'Dalc', 'Walc', 'health',
                                             'absences'],
                                    transformer=SimpleImputer())),
                ('categorical_imputer',
                 TransformerWrapper(include=['school', 'sex', '...
dtype: int64},
                                                                        {'col': 'romantic',
                                                                         'data_type': dtype('O'),
                                                                         'mapping': no     0
yes    1
NaN   -1
dtype: int64}]))),
                ('onehot_encoding',
                 TransformerWrapper(include=['Mjob', 'Fjob', 'reason',
                                             'guardian'],
                                    transformer=OneHotEncoder(cols=['Mjob',
                                                                    'Fjob',
                                                                    'reason',
                                                                    'guardian'],
                                                              handle_missing='return_nan',
                                                              use_cat_names=True))),
                ('normalize',
                 TransformerWrapper(transformer=StandardScaler()))]), verbose=True, use_case=MLUsecase.REGRESSION, kwargs={})
2026-08-27 08:27:48,568:INFO:Adding model into prep_pipe
2026-08-27 08:27:48,568:WARNING:Only Model saved as it was a pipeline.
2026-08-27 08:27:48,627:INFO:C:\Users\knish\PycharmProjects\AutoML-Smart-Prediction\models\best_model.pkl saved in current working directory
2026-08-27 08:27:48,713:INFO:Pipeline(memory=Memory(location=None),
         steps=[('numerical_imputer',
                 TransformerWrapper(include=['age', 'Medu', 'Fedu',
                                             'traveltime', 'studytime',
                                             'failures', 'famrel', 'freetime',
                                             'goout', 'Dalc', 'Walc', 'health',
                                             'absences'],
                                    transformer=SimpleImputer())),
                ('categorical_imputer',
                 TransformerWrapper(include=['school', 'sex', 'address',
                                             'famsize', 'Pstatus', 'Mjob',
                                             'Fjo...
                                             'guardian'],
                                    transformer=OneHotEncoder(cols=['Mjob',
                                                                    'Fjob',
                                                                    'reason',
                                                                    'guardian'],
                                                              handle_missing='return_nan',
                                                              use_cat_names=True))),
                ('normalize', TransformerWrapper(transformer=StandardScaler())),
                ('actual_estimator',
                 RandomForestRegressor(max_depth=5, min_impurity_decrease=0.01,
                                       min_samples_leaf=2, min_samples_split=7,
                                       n_estimators=280, n_jobs=-1,
                                       random_state=42))])
2026-08-27 08:27:48,713:INFO:save_model() successfully completed......................................
2026-09-02 14:02:55,764:WARNING:
'cuml' is a soft dependency and not included in the pycaret installation. Please run: `pip install cuml` to install.
2026-09-02 14:02:55,764:WARNING:
'cuml' is a soft dependency and not included in the pycaret installation. Please run: `pip install cuml` to install.
2026-09-02 14:02:55,764:WARNING:
'cuml' is a soft dependency and not included in the pycaret installation. Please run: `pip install cuml` to install.
2026-09-02 14:02:55,764:WARNING:
'cuml' is a soft dependency and not included in the pycaret installation. Please run: `pip install cuml` to install.
2026-09-02 14:02:56,574:INFO:Initializing load_model()
2026-09-02 14:02:56,574:INFO:load_model(model_name=C:\Users\knish\PycharmProjects\AutoML-Smart-Prediction\models\best_model, platform=None, authentication=None, verbose=True)
2026-09-02 14:02:56,650:WARNING:C:\Users\knish\PycharmProjects\AutoML-Smart-Prediction\.venv\Lib\site-packages\_distutils_hack\__init__.py:30: UserWarning: Setuptools is replacing distutils. Support for replacing an already imported distutils is deprecated. In the future, this condition will fail. Register concerns at https://github.com/pypa/setuptools/issues/new?template=distutils-deprecation.yml
  warnings.warn(

2026-09-02 14:02:56,895:INFO:Initializing predict_model()
2026-09-02 14:02:56,895:INFO:predict_model(self=<pycaret.regression.oop.RegressionExperiment object at 0x0000028DE90A5050>, estimator=Pipeline(memory=Memory(location=None),
         steps=[('numerical_imputer',
                 TransformerWrapper(include=['age', 'Medu', 'Fedu',
                                             'traveltime', 'studytime',
                                             'failures', 'famrel', 'freetime',
                                             'goout', 'Dalc', 'Walc', 'health',
                                             'absences'],
                                    transformer=SimpleImputer())),
                ('categorical_imputer',
                 TransformerWrapper(include=['school', 'sex', 'address',
                                             'famsize', 'Pstatus', 'Mjob',
                                             'Fjo...
                                             'guardian'],
                                    transformer=OneHotEncoder(cols=['Mjob',
                                                                    'Fjob',
                                                                    'reason',
                                                                    'guardian'],
                                                              handle_missing='return_nan',
                                                              use_cat_names=True))),
                ('normalize', TransformerWrapper(transformer=StandardScaler())),
                ('actual_estimator',
                 RandomForestRegressor(max_depth=5, min_impurity_decrease=0.01,
                                       min_samples_leaf=2, min_samples_split=7,
                                       n_estimators=280, n_jobs=-1,
                                       random_state=42))]), probability_threshold=None, encoded_labels=False, raw_score=False, round=4, verbose=True, ml_usecase=None, preprocess=True, encode_labels=<function _SupervisedExperiment.predict_model.<locals>.encode_labels at 0x0000028D9965D440>)
2026-09-02 14:02:56,895:INFO:Checking exceptions
2026-09-02 14:02:56,896:INFO:Preloading libraries
2026-09-02 14:02:56,896:INFO:Set up data.
2026-09-02 14:02:56,905:INFO:Set up index.
2026-09-02 14:06:24,801:WARNING:
'cuml' is a soft dependency and not included in the pycaret installation. Please run: `pip install cuml` to install.
2026-09-02 14:06:24,801:WARNING:
'cuml' is a soft dependency and not included in the pycaret installation. Please run: `pip install cuml` to install.
2026-09-02 14:06:24,801:WARNING:
'cuml' is a soft dependency and not included in the pycaret installation. Please run: `pip install cuml` to install.
2026-09-02 14:06:24,801:WARNING:
'cuml' is a soft dependency and not included in the pycaret installation. Please run: `pip install cuml` to install.
2026-09-02 14:06:25,026:INFO:PyCaret RegressionExperiment
2026-09-02 14:06:25,026:INFO:Logging name: reg-default-name
2026-09-02 14:06:25,027:INFO:ML Usecase: MLUsecase.REGRESSION
2026-09-02 14:06:25,027:INFO:version 3.3.2
2026-09-02 14:06:25,027:INFO:Initializing setup()
2026-09-02 14:06:25,027:INFO:self.USI: 367f
2026-09-02 14:06:25,027:INFO:self._variable_keys: {'_available_plots', 'data', 'seed', 'html_param', 'exp_name_log', 'pipeline', 'fold_generator', 'X', 'X_test', 'y', 'transform_target_param', 'n_jobs_param', 'y_train', '_ml_usecase', 'fold_shuffle_param', 'y_test', 'memory', 'log_plots_param', 'gpu_n_jobs_param', 'fold_groups_param', 'USI', 'exp_id', 'logging_param', 'gpu_param', 'X_train', 'idx', 'target_param'}
2026-09-02 14:06:25,027:INFO:Checking environment
2026-09-02 14:06:25,028:INFO:python_version: 3.11.0
2026-09-02 14:06:25,028:INFO:python_build: ('main', 'Oct 24 2022 18:26:48')
2026-09-02 14:06:25,028:INFO:machine: AMD64
2026-09-02 14:06:25,080:INFO:platform: Windows-10-10.0.26200-SP0
2026-09-02 14:06:25,081:INFO:Memory: svmem(total=12581920768, available=1449517056, percent=88.5, used=11132403712, free=1449517056)
2026-09-02 14:06:25,081:INFO:Physical Core: 10
2026-09-02 14:06:25,081:INFO:Logical Core: 12
2026-09-02 14:06:25,081:INFO:Checking libraries
2026-09-02 14:06:25,081:INFO:System:
2026-09-02 14:06:25,081:INFO:    python: 3.11.0 (main, Oct 24 2022, 18:26:48) [MSC v.1933 64 bit (AMD64)]
2026-09-02 14:06:25,081:INFO:executable: C:\Users\knish\PycharmProjects\AutoML-Smart-Prediction\.venv\Scripts\python.exe
2026-09-02 14:06:25,081:INFO:   machine: Windows-10-10.0.26200-SP0
2026-09-02 14:06:25,081:INFO:PyCaret required dependencies:
2026-09-02 14:06:25,082:WARNING:C:\Users\knish\PycharmProjects\AutoML-Smart-Prediction\.venv\Lib\site-packages\_distutils_hack\__init__.py:30: UserWarning: Setuptools is replacing distutils. Support for replacing an already imported distutils is deprecated. In the future, this condition will fail. Register concerns at https://github.com/pypa/setuptools/issues/new?template=distutils-deprecation.yml
  warnings.warn(

2026-09-02 14:06:25,128:INFO:                 pip: 26.0.1
2026-09-02 14:06:25,129:INFO:          setuptools: 82.0.0
2026-09-02 14:06:25,129:INFO:             pycaret: 3.3.2
2026-09-02 14:06:25,129:INFO:             IPython: 9.16.1
2026-09-02 14:06:25,129:INFO:          ipywidgets: 8.1.8
2026-09-02 14:06:25,129:INFO:                tqdm: 4.70.0
2026-09-02 14:06:25,129:INFO:               numpy: 1.26.4
2026-09-02 14:06:25,129:INFO:              pandas: 2.1.4
2026-09-02 14:06:25,129:INFO:              jinja2: 3.1.6
2026-09-02 14:06:25,129:INFO:               scipy: 1.11.4
2026-09-02 14:06:25,129:INFO:              joblib: 1.3.2
2026-09-02 14:06:25,129:INFO:             sklearn: 1.4.2
2026-09-02 14:06:25,129:INFO:                pyod: 3.4.0
2026-09-02 14:06:25,129:INFO:            imblearn: 0.14.2
2026-09-02 14:06:25,129:INFO:   category_encoders: 2.7.0
2026-09-02 14:06:25,129:INFO:            lightgbm: 4.7.0
2026-09-02 14:06:25,129:INFO:               numba: 0.67.0
2026-09-02 14:06:25,129:INFO:            requests: 2.34.2
2026-09-02 14:06:25,129:INFO:          matplotlib: 3.7.5
2026-09-02 14:06:25,129:INFO:          scikitplot: 0.3.7
2026-09-02 14:06:25,129:INFO:         yellowbrick: 1.5
2026-09-02 14:06:25,129:INFO:              plotly: 6.9.0
2026-09-02 14:06:25,129:INFO:    plotly-resampler: Not installed
2026-09-02 14:06:25,129:INFO:             kaleido: 1.3.0
2026-09-02 14:06:25,129:INFO:           schemdraw: 0.15
2026-09-02 14:06:25,129:INFO:         statsmodels: 0.14.6
2026-09-02 14:06:25,129:INFO:              sktime: 0.26.0
2026-09-02 14:06:25,130:INFO:               tbats: 1.1.3
2026-09-02 14:06:25,130:INFO:            pmdarima: 2.0.4
2026-09-02 14:06:25,130:INFO:              psutil: 7.2.2
2026-09-02 14:06:25,130:INFO:          markupsafe: 3.0.3
2026-09-02 14:06:25,130:INFO:             pickle5: Not installed
2026-09-02 14:06:25,130:INFO:         cloudpickle: 3.1.2
2026-09-02 14:06:25,130:INFO:         deprecation: 2.1.0
2026-09-02 14:06:25,130:INFO:              xxhash: 4.0.0
2026-09-02 14:06:25,130:INFO:           wurlitzer: Not installed
2026-09-02 14:06:25,130:INFO:PyCaret optional dependencies:
2026-09-02 14:06:26,980:INFO:                shap: Not installed
2026-09-02 14:06:26,980:INFO:           interpret: Not installed
2026-09-02 14:06:26,980:INFO:                umap: Not installed
2026-09-02 14:06:26,980:INFO:     ydata_profiling: Not installed
2026-09-02 14:06:26,980:INFO:  explainerdashboard: Not installed
2026-09-02 14:06:26,980:INFO:             autoviz: Not installed
2026-09-02 14:06:26,980:INFO:           fairlearn: Not installed
2026-09-02 14:06:26,981:INFO:          deepchecks: Not installed
2026-09-02 14:06:26,981:INFO:             xgboost: Not installed
2026-09-02 14:06:26,981:INFO:            catboost: Not installed
2026-09-02 14:06:26,981:INFO:              kmodes: Not installed
2026-09-02 14:06:26,981:INFO:             mlxtend: Not installed
2026-09-02 14:06:26,981:INFO:       statsforecast: Not installed
2026-09-02 14:06:26,981:INFO:        tune_sklearn: Not installed
2026-09-02 14:06:26,981:INFO:                 ray: Not installed
2026-09-02 14:06:26,981:INFO:            hyperopt: Not installed
2026-09-02 14:06:26,981:INFO:              optuna: Not installed
2026-09-02 14:06:26,981:INFO:               skopt: Not installed
2026-09-02 14:06:26,981:INFO:              mlflow: Not installed
2026-09-02 14:06:26,981:INFO:              gradio: Not installed
2026-09-02 14:06:26,981:INFO:             fastapi: 0.141.1
2026-09-02 14:06:26,981:INFO:             uvicorn: 0.52.3
2026-09-02 14:06:26,981:INFO:              m2cgen: Not installed
2026-09-02 14:06:26,981:INFO:           evidently: Not installed
2026-09-02 14:06:26,981:INFO:               fugue: Not installed
2026-09-02 14:06:26,981:INFO:           streamlit: 1.61.1
2026-09-02 14:06:26,981:INFO:             prophet: Not installed
2026-09-02 14:06:26,981:INFO:None
2026-09-02 14:06:26,981:INFO:Set up data.
2026-09-02 14:06:26,996:INFO:Set up folding strategy.
2026-09-02 14:06:26,996:INFO:Set up train/test split.
2026-09-02 14:06:27,019:INFO:Set up index.
2026-09-02 14:06:27,019:INFO:Assigning column types.
2026-09-02 14:09:26,784:WARNING:
'cuml' is a soft dependency and not included in the pycaret installation. Please run: `pip install cuml` to install.
2026-09-02 14:09:26,784:WARNING:
'cuml' is a soft dependency and not included in the pycaret installation. Please run: `pip install cuml` to install.
2026-09-02 14:09:26,784:WARNING:
'cuml' is a soft dependency and not included in the pycaret installation. Please run: `pip install cuml` to install.
2026-09-02 14:09:26,784:WARNING:
'cuml' is a soft dependency and not included in the pycaret installation. Please run: `pip install cuml` to install.
2026-09-02 14:09:26,993:INFO:PyCaret RegressionExperiment
2026-09-02 14:09:26,993:INFO:Logging name: reg-default-name
2026-09-02 14:09:26,993:INFO:ML Usecase: MLUsecase.REGRESSION
2026-09-02 14:09:26,993:INFO:version 3.3.2
2026-09-02 14:09:26,993:INFO:Initializing setup()
2026-09-02 14:09:26,993:INFO:self.USI: 7618
2026-09-02 14:09:26,993:INFO:self._variable_keys: {'gpu_n_jobs_param', 'X_test', 'y_test', 'exp_name_log', 'X_train', 'logging_param', 'html_param', 'pipeline', 'y', 'USI', 'seed', 'data', 'X', 'log_plots_param', 'memory', 'gpu_param', 'idx', 'exp_id', 'fold_shuffle_param', 'transform_target_param', '_available_plots', 'target_param', 'n_jobs_param', '_ml_usecase', 'y_train', 'fold_generator', 'fold_groups_param'}
2026-09-02 14:09:26,994:INFO:Checking environment
2026-09-02 14:09:26,994:INFO:python_version: 3.11.0
2026-09-02 14:09:26,994:INFO:python_build: ('main', 'Oct 24 2022 18:26:48')
2026-09-02 14:09:26,994:INFO:machine: AMD64
2026-09-02 14:09:27,041:INFO:platform: Windows-10-10.0.26200-SP0
2026-09-02 14:09:27,041:INFO:Memory: svmem(total=12581920768, available=1351524352, percent=89.3, used=11230396416, free=1351524352)
2026-09-02 14:09:27,041:INFO:Physical Core: 10
2026-09-02 14:09:27,041:INFO:Logical Core: 12
2026-09-02 14:09:27,041:INFO:Checking libraries
2026-09-02 14:09:27,041:INFO:System:
2026-09-02 14:09:27,042:INFO:    python: 3.11.0 (main, Oct 24 2022, 18:26:48) [MSC v.1933 64 bit (AMD64)]
2026-09-02 14:09:27,042:INFO:executable: C:\Users\knish\PycharmProjects\AutoML-Smart-Prediction\.venv\Scripts\python.exe
2026-09-02 14:09:27,042:INFO:   machine: Windows-10-10.0.26200-SP0
2026-09-02 14:09:27,042:INFO:PyCaret required dependencies:
2026-09-02 14:09:27,042:WARNING:C:\Users\knish\PycharmProjects\AutoML-Smart-Prediction\.venv\Lib\site-packages\_distutils_hack\__init__.py:30: UserWarning: Setuptools is replacing distutils. Support for replacing an already imported distutils is deprecated. In the future, this condition will fail. Register concerns at https://github.com/pypa/setuptools/issues/new?template=distutils-deprecation.yml
  warnings.warn(

2026-09-02 14:09:27,085:INFO:                 pip: 26.0.1
2026-09-02 14:09:27,085:INFO:          setuptools: 82.0.0
2026-09-02 14:09:27,085:INFO:             pycaret: 3.3.2
2026-09-02 14:09:27,085:INFO:             IPython: 9.16.1
2026-09-02 14:09:27,086:INFO:          ipywidgets: 8.1.8
2026-09-02 14:09:27,086:INFO:                tqdm: 4.70.0
2026-09-02 14:09:27,086:INFO:               numpy: 1.26.4
2026-09-02 14:09:27,086:INFO:              pandas: 2.1.4
2026-09-02 14:09:27,086:INFO:              jinja2: 3.1.6
2026-09-02 14:09:27,086:INFO:               scipy: 1.11.4
2026-09-02 14:09:27,086:INFO:              joblib: 1.3.2
2026-09-02 14:09:27,086:INFO:             sklearn: 1.4.2
2026-09-02 14:09:27,086:INFO:                pyod: 3.4.0
2026-09-02 14:09:27,086:INFO:            imblearn: 0.14.2
2026-09-02 14:09:27,086:INFO:   category_encoders: 2.7.0
2026-09-02 14:09:27,086:INFO:            lightgbm: 4.7.0
2026-09-02 14:09:27,087:INFO:               numba: 0.67.0
2026-09-02 14:09:27,087:INFO:            requests: 2.34.2
2026-09-02 14:09:27,087:INFO:          matplotlib: 3.7.5
2026-09-02 14:09:27,087:INFO:          scikitplot: 0.3.7
2026-09-02 14:09:27,087:INFO:         yellowbrick: 1.5
2026-09-02 14:09:27,087:INFO:              plotly: 6.9.0
2026-09-02 14:09:27,087:INFO:    plotly-resampler: Not installed
2026-09-02 14:09:27,087:INFO:             kaleido: 1.3.0
2026-09-02 14:09:27,087:INFO:           schemdraw: 0.15
2026-09-02 14:09:27,087:INFO:         statsmodels: 0.14.6
2026-09-02 14:09:27,088:INFO:              sktime: 0.26.0
2026-09-02 14:09:27,088:INFO:               tbats: 1.1.3
2026-09-02 14:09:27,088:INFO:            pmdarima: 2.0.4
2026-09-02 14:09:27,088:INFO:              psutil: 7.2.2
2026-09-02 14:09:27,088:INFO:          markupsafe: 3.0.3
2026-09-02 14:09:27,088:INFO:             pickle5: Not installed
2026-09-02 14:09:27,088:INFO:         cloudpickle: 3.1.2
2026-09-02 14:09:27,088:INFO:         deprecation: 2.1.0
2026-09-02 14:09:27,088:INFO:              xxhash: 4.0.0
2026-09-02 14:09:27,088:INFO:           wurlitzer: Not installed
2026-09-02 14:09:27,088:INFO:PyCaret optional dependencies:
2026-09-02 14:09:27,981:INFO:                shap: Not installed
2026-09-02 14:09:27,982:INFO:           interpret: Not installed
2026-09-02 14:09:27,982:INFO:                umap: Not installed
2026-09-02 14:09:27,982:INFO:     ydata_profiling: Not installed
2026-09-02 14:09:27,982:INFO:  explainerdashboard: Not installed
2026-09-02 14:09:27,982:INFO:             autoviz: Not installed
2026-09-02 14:09:27,982:INFO:           fairlearn: Not installed
2026-09-02 14:09:27,982:INFO:          deepchecks: Not installed
2026-09-02 14:09:27,982:INFO:             xgboost: Not installed
2026-09-02 14:09:27,982:INFO:            catboost: Not installed
2026-09-02 14:09:27,983:INFO:              kmodes: Not installed
2026-09-02 14:09:27,983:INFO:             mlxtend: Not installed
2026-09-02 14:09:27,983:INFO:       statsforecast: Not installed
2026-09-02 14:09:27,983:INFO:        tune_sklearn: Not installed
2026-09-02 14:09:27,983:INFO:                 ray: Not installed
2026-09-02 14:09:27,983:INFO:            hyperopt: Not installed
2026-09-02 14:09:27,983:INFO:              optuna: Not installed
2026-09-02 14:09:27,983:INFO:               skopt: Not installed
2026-09-02 14:09:27,983:INFO:              mlflow: Not installed
2026-09-02 14:09:27,983:INFO:              gradio: Not installed
2026-09-02 14:09:27,983:INFO:             fastapi: 0.141.1
2026-09-02 14:09:27,983:INFO:             uvicorn: 0.52.3
2026-09-02 14:09:27,983:INFO:              m2cgen: Not installed
2026-09-02 14:09:27,985:INFO:           evidently: Not installed
2026-09-02 14:09:27,985:INFO:               fugue: Not installed
2026-09-02 14:09:27,985:INFO:           streamlit: 1.61.1
2026-09-02 14:09:27,985:INFO:             prophet: Not installed
2026-09-02 14:09:27,985:INFO:None
2026-09-02 14:09:27,985:INFO:Set up data.
2026-09-02 14:09:28,003:INFO:Set up folding strategy.
2026-09-02 14:09:28,003:INFO:Set up train/test split.
2026-09-02 14:09:28,019:INFO:Set up index.
2026-09-02 14:09:28,019:INFO:Assigning column types.
2026-09-02 14:09:28,023:INFO:Engine successfully changes for model 'lr' to 'sklearn'.
2026-09-02 14:09:28,023:INFO:Engine for model 'lasso' has not been set explicitly, hence returning None.
2026-09-02 14:09:28,034:INFO:Engine for model 'ridge' has not been set explicitly, hence returning None.
2026-09-02 14:09:28,040:INFO:Engine for model 'en' has not been set explicitly, hence returning None.
2026-09-02 14:09:28,114:INFO:Engine for model 'svm' has not been set explicitly, hence returning None.
2026-09-02 14:09:28,165:INFO:Engine for model 'knn' has not been set explicitly, hence returning None.
2026-09-02 14:09:28,165:WARNING:
'xgboost' is a soft dependency and not included in the pycaret installation. Please run: `pip install xgboost` to install.
Alternately, you can install this by running `pip install pycaret[models]`
2026-09-02 14:09:28,166:WARNING:
'catboost' is a soft dependency and not included in the pycaret installation. Please run: `pip install catboost` to install.
Alternately, you can install this by running `pip install pycaret[models]`
2026-09-02 14:09:28,166:INFO:Engine for model 'lasso' has not been set explicitly, hence returning None.
2026-09-02 14:09:28,171:INFO:Engine for model 'ridge' has not been set explicitly, hence returning None.
2026-09-02 14:09:28,176:INFO:Engine for model 'en' has not been set explicitly, hence returning None.
2026-09-02 14:09:28,249:INFO:Engine for model 'svm' has not been set explicitly, hence returning None.
2026-09-02 14:09:28,297:INFO:Engine for model 'knn' has not been set explicitly, hence returning None.
2026-09-02 14:09:28,298:WARNING:
'xgboost' is a soft dependency and not included in the pycaret installation. Please run: `pip install xgboost` to install.
Alternately, you can install this by running `pip install pycaret[models]`
2026-09-02 14:09:28,298:WARNING:
'catboost' is a soft dependency and not included in the pycaret installation. Please run: `pip install catboost` to install.
Alternately, you can install this by running `pip install pycaret[models]`
2026-09-02 14:09:28,298:INFO:Engine successfully changes for model 'lasso' to 'sklearn'.
2026-09-02 14:09:28,303:INFO:Engine for model 'ridge' has not been set explicitly, hence returning None.
2026-09-02 14:09:28,307:INFO:Engine for model 'en' has not been set explicitly, hence returning None.
2026-09-02 14:09:28,367:INFO:Engine for model 'svm' has not been set explicitly, hence returning None.
2026-09-02 14:09:28,440:INFO:Engine for model 'knn' has not been set explicitly, hence returning None.
2026-09-02 14:09:28,440:WARNING:
'xgboost' is a soft dependency and not included in the pycaret installation. Please run: `pip install xgboost` to install.
Alternately, you can install this by running `pip install pycaret[models]`
2026-09-02 14:09:28,441:WARNING:
'catboost' is a soft dependency and not included in the pycaret installation. Please run: `pip install catboost` to install.
Alternately, you can install this by running `pip install pycaret[models]`
2026-09-02 14:09:28,446:INFO:Engine for model 'ridge' has not been set explicitly, hence returning None.
2026-09-02 14:09:28,454:INFO:Engine for model 'en' has not been set explicitly, hence returning None.
2026-09-02 14:09:28,549:INFO:Engine for model 'svm' has not been set explicitly, hence returning None.
2026-09-02 14:09:28,604:INFO:Engine for model 'knn' has not been set explicitly, hence returning None.
2026-09-02 14:09:28,605:WARNING:
'xgboost' is a soft dependency and not included in the pycaret installation. Please run: `pip install xgboost` to install.
Alternately, you can install this by running `pip install pycaret[models]`
2026-09-02 14:09:28,605:WARNING:
'catboost' is a soft dependency and not included in the pycaret installation. Please run: `pip install catboost` to install.
Alternately, you can install this by running `pip install pycaret[models]`
2026-09-02 14:09:28,605:INFO:Engine successfully changes for model 'ridge' to 'sklearn'.
2026-09-02 14:09:28,621:INFO:Engine for model 'en' has not been set explicitly, hence returning None.
2026-09-02 14:09:28,687:INFO:Engine for model 'svm' has not been set explicitly, hence returning None.
2026-09-02 14:09:28,748:INFO:Engine for model 'knn' has not been set explicitly, hence returning None.
2026-09-02 14:09:28,749:WARNING:
'xgboost' is a soft dependency and not included in the pycaret installation. Please run: `pip install xgboost` to install.
Alternately, you can install this by running `pip install pycaret[models]`
2026-09-02 14:09:28,749:WARNING:
'catboost' is a soft dependency and not included in the pycaret installation. Please run: `pip install catboost` to install.
Alternately, you can install this by running `pip install pycaret[models]`
2026-09-02 14:09:28,760:INFO:Engine for model 'en' has not been set explicitly, hence returning None.
2026-09-02 14:09:28,829:INFO:Engine for model 'svm' has not been set explicitly, hence returning None.
2026-09-02 14:09:28,877:INFO:Engine for model 'knn' has not been set explicitly, hence returning None.
2026-09-02 14:09:28,877:WARNING:
'xgboost' is a soft dependency and not included in the pycaret installation. Please run: `pip install xgboost` to install.
Alternately, you can install this by running `pip install pycaret[models]`
2026-09-02 14:09:28,878:WARNING:
'catboost' is a soft dependency and not included in the pycaret installation. Please run: `pip install catboost` to install.
Alternately, you can install this by running `pip install pycaret[models]`
2026-09-02 14:09:28,878:INFO:Engine successfully changes for model 'en' to 'sklearn'.
2026-09-02 14:09:28,966:INFO:Engine for model 'svm' has not been set explicitly, hence returning None.
2026-09-02 14:09:29,057:INFO:Engine for model 'knn' has not been set explicitly, hence returning None.
2026-09-02 14:09:29,058:WARNING:
'xgboost' is a soft dependency and not included in the pycaret installation. Please run: `pip install xgboost` to install.
Alternately, you can install this by running `pip install pycaret[models]`
2026-09-02 14:09:29,058:WARNING:
'catboost' is a soft dependency and not included in the pycaret installation. Please run: `pip install catboost` to install.
Alternately, you can install this by running `pip install pycaret[models]`
2026-09-02 14:09:29,155:INFO:Engine for model 'svm' has not been set explicitly, hence returning None.
2026-09-02 14:09:29,205:INFO:Engine for model 'knn' has not been set explicitly, hence returning None.
2026-09-02 14:09:29,205:WARNING:
'xgboost' is a soft dependency and not included in the pycaret installation. Please run: `pip install xgboost` to install.
Alternately, you can install this by running `pip install pycaret[models]`
2026-09-02 14:09:29,206:WARNING:
'catboost' is a soft dependency and not included in the pycaret installation. Please run: `pip install catboost` to install.
Alternately, you can install this by running `pip install pycaret[models]`
2026-09-02 14:09:29,206:INFO:Engine successfully changes for model 'knn' to 'sklearn'.
2026-09-02 14:09:29,282:INFO:Engine for model 'svm' has not been set explicitly, hence returning None.
2026-09-02 14:09:29,358:WARNING:
'xgboost' is a soft dependency and not included in the pycaret installation. Please run: `pip install xgboost` to install.
Alternately, you can install this by running `pip install pycaret[models]`
2026-09-02 14:09:29,359:WARNING:
'catboost' is a soft dependency and not included in the pycaret installation. Please run: `pip install catboost` to install.
Alternately, you can install this by running `pip install pycaret[models]`
2026-09-02 14:09:29,434:INFO:Engine for model 'svm' has not been set explicitly, hence returning None.
2026-09-02 14:09:29,480:WARNING:
'xgboost' is a soft dependency and not included in the pycaret installation. Please run: `pip install xgboost` to install.
Alternately, you can install this by running `pip install pycaret[models]`
2026-09-02 14:09:29,481:WARNING:
'catboost' is a soft dependency and not included in the pycaret installation. Please run: `pip install catboost` to install.
Alternately, you can install this by running `pip install pycaret[models]`
2026-09-02 14:09:29,481:INFO:Engine successfully changes for model 'svm' to 'sklearn'.
2026-09-02 14:09:29,624:WARNING:
'xgboost' is a soft dependency and not included in the pycaret installation. Please run: `pip install xgboost` to install.
Alternately, you can install this by running `pip install pycaret[models]`
2026-09-02 14:09:29,625:WARNING:
'catboost' is a soft dependency and not included in the pycaret installation. Please run: `pip install catboost` to install.
Alternately, you can install this by running `pip install pycaret[models]`
2026-09-02 14:09:29,770:WARNING:
'xgboost' is a soft dependency and not included in the pycaret installation. Please run: `pip install xgboost` to install.
Alternately, you can install this by running `pip install pycaret[models]`
2026-09-02 14:09:29,770:WARNING:
'catboost' is a soft dependency and not included in the pycaret installation. Please run: `pip install catboost` to install.
Alternately, you can install this by running `pip install pycaret[models]`
2026-09-02 14:09:29,776:INFO:Preparing preprocessing pipeline...
2026-09-02 14:09:29,776:INFO:Set up simple imputation.
2026-09-02 14:09:29,783:INFO:Set up encoding of ordinal features.
2026-09-02 14:09:29,797:INFO:Set up encoding of categorical features.
2026-09-02 14:09:29,797:INFO:Set up feature normalization.
2026-09-02 14:09:30,081:INFO:Finished creating preprocessing pipeline.
2026-09-02 14:09:30,220:INFO:Pipeline: Pipeline(memory=FastMemory(location=C:\Users\knish\AppData\Local\Temp\joblib),
         steps=[('numerical_imputer',
                 TransformerWrapper(include=['age', 'Medu', 'Fedu',
                                             'traveltime', 'studytime',
                                             'failures', 'famrel', 'freetime',
                                             'goout', 'health', 'absences'],
                                    transformer=SimpleImputer())),
                ('categorical_imputer',
                 TransformerWrapper(include=['school', 'sex', 'address',
                                             'fams...
dtype: int64},
                                                                        {'col': 'internet',
                                                                         'data_type': dtype('O'),
                                                                         'mapping': no     0
yes    1
NaN   -1
dtype: int64}]))),
                ('onehot_encoding',
                 TransformerWrapper(include=['Mjob', 'Fjob', 'reason',
                                             'guardian'],
                                    transformer=OneHotEncoder(cols=['Mjob',
                                                                    'Fjob',
                                                                    'reason',
                                                                    'guardian'],
                                                              handle_missing='return_nan',
                                                              use_cat_names=True))),
                ('normalize',
                 TransformerWrapper(transformer=StandardScaler()))])
2026-09-02 14:09:30,220:INFO:Creating final display dataframe.
2026-09-02 14:09:31,132:INFO:Setup _display_container:                     Description             Value
0                    Session id                42
1                        Target                G3
2                   Target type        Regression
3           Original data shape         (316, 28)
4        Transformed data shape         (316, 41)
5   Transformed train set shape         (221, 41)
6    Transformed test set shape          (95, 41)
7              Numeric features                11
8          Categorical features                16
9                    Preprocess              True
10              Imputation type            simple
11           Numeric imputation              mean
12       Categorical imputation              mode
13     Maximum one-hot encoding                25
14              Encoding method              None
15                    Normalize              True
16             Normalize method            zscore
17               Fold Generator             KFold
18                  Fold Number                10
19                     CPU Jobs                -1
20                      Use GPU             False
21               Log Experiment             False
22              Experiment Name  reg-default-name
23                          USI              7618
2026-09-02 14:09:31,289:WARNING:
'xgboost' is a soft dependency and not included in the pycaret installation. Please run: `pip install xgboost` to install.
Alternately, you can install this by running `pip install pycaret[models]`
2026-09-02 14:09:31,289:WARNING:
'catboost' is a soft dependency and not included in the pycaret installation. Please run: `pip install catboost` to install.
Alternately, you can install this by running `pip install pycaret[models]`
2026-09-02 14:09:31,459:WARNING:
'xgboost' is a soft dependency and not included in the pycaret installation. Please run: `pip install xgboost` to install.
Alternately, you can install this by running `pip install pycaret[models]`
2026-09-02 14:09:31,459:WARNING:
'catboost' is a soft dependency and not included in the pycaret installation. Please run: `pip install catboost` to install.
Alternately, you can install this by running `pip install pycaret[models]`
2026-09-02 14:09:31,461:INFO:setup() successfully completed in 4.47s...............
2026-09-02 14:09:31,461:INFO:Initializing compare_models()
2026-09-02 14:09:31,461:INFO:compare_models(self=<pycaret.regression.oop.RegressionExperiment object at 0x000001B979BEBD10>, include=None, exclude=None, fold=None, round=4, cross_validation=True, sort=RMSE, n_select=1, budget_time=None, turbo=True, errors=ignore, fit_kwargs=None, groups=None, experiment_custom_tags=None, probability_threshold=None, verbose=True, parallel=None, caller_params={'self': <pycaret.regression.oop.RegressionExperiment object at 0x000001B979BEBD10>, 'include': None, 'exclude': None, 'fold': None, 'round': 4, 'cross_validation': True, 'sort': 'RMSE', 'n_select': 1, 'budget_time': None, 'turbo': True, 'errors': 'ignore', 'fit_kwargs': None, 'groups': None, 'experiment_custom_tags': None, 'engine': None, 'verbose': True, 'parallel': None, '__class__': <class 'pycaret.regression.oop.RegressionExperiment'>})
2026-09-02 14:09:31,462:INFO:Checking exceptions
2026-09-02 14:09:31,465:INFO:Preparing display monitor
2026-09-02 14:09:31,479:INFO:Initializing Linear Regression
2026-09-02 14:09:31,479:INFO:Total runtime is 0.0 minutes
2026-09-02 14:09:31,481:INFO:SubProcess create_model() called ==================================
2026-09-02 14:09:31,481:INFO:Initializing create_model()
2026-09-02 14:09:31,481:INFO:create_model(self=<pycaret.regression.oop.RegressionExperiment object at 0x000001B979BEBD10>, estimator=lr, fold=KFold(n_splits=10, random_state=None, shuffle=False), round=4, cross_validation=True, predict=True, fit_kwargs={}, groups=None, refit=False, probability_threshold=None, experiment_custom_tags=None, verbose=False, system=False, add_to_model_list=True, metrics=None, display=<pycaret.internal.display.display.CommonDisplay object at 0x000001B97BE8B590>, model_only=True, return_train_score=False, error_score=0.0, kwargs={})
2026-09-02 14:09:31,481:INFO:Checking exceptions
2026-09-02 14:09:31,481:INFO:Importing libraries
2026-09-02 14:09:31,481:INFO:Copying training dataset
2026-09-02 14:09:31,487:INFO:Defining folds
2026-09-02 14:09:31,487:INFO:Declaring metric variables
2026-09-02 14:09:31,487:INFO:Importing untrained model
2026-09-02 14:09:31,489:INFO:Linear Regression Imported successfully
2026-09-02 14:09:31,489:INFO:Starting cross validation
2026-09-02 14:09:31,510:INFO:Cross validating with KFold(n_splits=10, random_state=None, shuffle=False), n_jobs=-1
2026-09-02 14:09:38,245:WARNING:C:\Users\knish\PycharmProjects\AutoML-Smart-Prediction\.venv\Lib\site-packages\_distutils_hack\__init__.py:30: UserWarning: Setuptools is replacing distutils. Support for replacing an already imported distutils is deprecated. In the future, this condition will fail. Register concerns at https://github.com/pypa/setuptools/issues/new?template=distutils-deprecation.yml
  warnings.warn(

2026-09-02 14:09:38,245:WARNING:C:\Users\knish\PycharmProjects\AutoML-Smart-Prediction\.venv\Lib\site-packages\_distutils_hack\__init__.py:30: UserWarning: Setuptools is replacing distutils. Support for replacing an already imported distutils is deprecated. In the future, this condition will fail. Register concerns at https://github.com/pypa/setuptools/issues/new?template=distutils-deprecation.yml
  warnings.warn(

2026-09-02 14:09:38,246:WARNING:C:\Users\knish\PycharmProjects\AutoML-Smart-Prediction\.venv\Lib\site-packages\_distutils_hack\__init__.py:30: UserWarning: Setuptools is replacing distutils. Support for replacing an already imported distutils is deprecated. In the future, this condition will fail. Register concerns at https://github.com/pypa/setuptools/issues/new?template=distutils-deprecation.yml
  warnings.warn(

2026-09-02 14:09:38,247:WARNING:C:\Users\knish\PycharmProjects\AutoML-Smart-Prediction\.venv\Lib\site-packages\_distutils_hack\__init__.py:30: UserWarning: Setuptools is replacing distutils. Support for replacing an already imported distutils is deprecated. In the future, this condition will fail. Register concerns at https://github.com/pypa/setuptools/issues/new?template=distutils-deprecation.yml
  warnings.warn(

2026-09-02 14:09:38,249:WARNING:C:\Users\knish\PycharmProjects\AutoML-Smart-Prediction\.venv\Lib\site-packages\_distutils_hack\__init__.py:30: UserWarning: Setuptools is replacing distutils. Support for replacing an already imported distutils is deprecated. In the future, this condition will fail. Register concerns at https://github.com/pypa/setuptools/issues/new?template=distutils-deprecation.yml
  warnings.warn(

2026-09-02 14:09:38,249:WARNING:C:\Users\knish\PycharmProjects\AutoML-Smart-Prediction\.venv\Lib\site-packages\_distutils_hack\__init__.py:30: UserWarning: Setuptools is replacing distutils. Support for replacing an already imported distutils is deprecated. In the future, this condition will fail. Register concerns at https://github.com/pypa/setuptools/issues/new?template=distutils-deprecation.yml
  warnings.warn(

2026-09-02 14:09:38,250:WARNING:C:\Users\knish\PycharmProjects\AutoML-Smart-Prediction\.venv\Lib\site-packages\_distutils_hack\__init__.py:30: UserWarning: Setuptools is replacing distutils. Support for replacing an already imported distutils is deprecated. In the future, this condition will fail. Register concerns at https://github.com/pypa/setuptools/issues/new?template=distutils-deprecation.yml
  warnings.warn(

2026-09-02 14:09:38,250:WARNING:C:\Users\knish\PycharmProjects\AutoML-Smart-Prediction\.venv\Lib\site-packages\_distutils_hack\__init__.py:30: UserWarning: Setuptools is replacing distutils. Support for replacing an already imported distutils is deprecated. In the future, this condition will fail. Register concerns at https://github.com/pypa/setuptools/issues/new?template=distutils-deprecation.yml
  warnings.warn(

2026-09-02 14:09:38,250:WARNING:C:\Users\knish\PycharmProjects\AutoML-Smart-Prediction\.venv\Lib\site-packages\_distutils_hack\__init__.py:30: UserWarning: Setuptools is replacing distutils. Support for replacing an already imported distutils is deprecated. In the future, this condition will fail. Register concerns at https://github.com/pypa/setuptools/issues/new?template=distutils-deprecation.yml
  warnings.warn(

2026-09-02 14:09:39,094:INFO:Calculating mean and std
2026-09-02 14:09:39,097:INFO:Creating metrics dataframe
2026-09-02 14:09:39,104:INFO:Uploading results into container
2026-09-02 14:09:39,105:INFO:Uploading model into container now
2026-09-02 14:09:39,106:INFO:_master_model_container: 1
2026-09-02 14:09:39,107:INFO:_display_container: 2
2026-09-02 14:09:39,107:INFO:LinearRegression(n_jobs=-1)
2026-09-02 14:09:39,108:INFO:create_model() successfully completed......................................
2026-09-02 14:09:39,241:INFO:SubProcess create_model() end ==================================
2026-09-02 14:09:39,241:INFO:Creating metrics dataframe
2026-09-02 14:09:39,245:INFO:Initializing Lasso Regression
2026-09-02 14:09:39,245:INFO:Total runtime is 0.1294282555580139 minutes
2026-09-02 14:09:39,246:INFO:SubProcess create_model() called ==================================
2026-09-02 14:09:39,246:INFO:Initializing create_model()
2026-09-02 14:09:39,246:INFO:create_model(self=<pycaret.regression.oop.RegressionExperiment object at 0x000001B979BEBD10>, estimator=lasso, fold=KFold(n_splits=10, random_state=None, shuffle=False), round=4, cross_validation=True, predict=True, fit_kwargs={}, groups=None, refit=False, probability_threshold=None, experiment_custom_tags=None, verbose=False, system=False, add_to_model_list=True, metrics=None, display=<pycaret.internal.display.display.CommonDisplay object at 0x000001B97BE8B590>, model_only=True, return_train_score=False, error_score=0.0, kwargs={})
2026-09-02 14:09:39,246:INFO:Checking exceptions
2026-09-02 14:09:39,247:INFO:Importing libraries
2026-09-02 14:09:39,247:INFO:Copying training dataset
2026-09-02 14:09:39,253:INFO:Defining folds
2026-09-02 14:09:39,253:INFO:Declaring metric variables
2026-09-02 14:09:39,255:INFO:Importing untrained model
2026-09-02 14:09:39,255:INFO:Lasso Regression Imported successfully
2026-09-02 14:09:39,255:INFO:Starting cross validation
2026-09-02 14:09:39,258:INFO:Cross validating with KFold(n_splits=10, random_state=None, shuffle=False), n_jobs=-1
2026-09-02 14:09:44,168:WARNING:C:\Users\knish\PycharmProjects\AutoML-Smart-Prediction\.venv\Lib\site-packages\_distutils_hack\__init__.py:30: UserWarning: Setuptools is replacing distutils. Support for replacing an already imported distutils is deprecated. In the future, this condition will fail. Register concerns at https://github.com/pypa/setuptools/issues/new?template=distutils-deprecation.yml
  warnings.warn(

2026-09-02 14:09:44,168:WARNING:C:\Users\knish\PycharmProjects\AutoML-Smart-Prediction\.venv\Lib\site-packages\_distutils_hack\__init__.py:30: UserWarning: Setuptools is replacing distutils. Support for replacing an already imported distutils is deprecated. In the future, this condition will fail. Register concerns at https://github.com/pypa/setuptools/issues/new?template=distutils-deprecation.yml
  warnings.warn(

2026-09-02 14:09:44,657:INFO:Calculating mean and std
2026-09-02 14:09:44,659:INFO:Creating metrics dataframe
2026-09-02 14:09:44,664:INFO:Uploading results into container
2026-09-02 14:09:44,665:INFO:Uploading model into container now
2026-09-02 14:09:44,666:INFO:_master_model_container: 2
2026-09-02 14:09:44,666:INFO:_display_container: 2
2026-09-02 14:09:44,667:INFO:Lasso(random_state=42)
2026-09-02 14:09:44,667:INFO:create_model() successfully completed......................................
2026-09-02 14:09:44,790:INFO:SubProcess create_model() end ==================================
2026-09-02 14:09:44,790:INFO:Creating metrics dataframe
2026-09-02 14:09:44,796:INFO:Initializing Ridge Regression
2026-09-02 14:09:44,796:INFO:Total runtime is 0.22193625768025715 minutes
2026-09-02 14:09:44,796:INFO:SubProcess create_model() called ==================================
2026-09-02 14:09:44,796:INFO:Initializing create_model()
2026-09-02 14:09:44,797:INFO:create_model(self=<pycaret.regression.oop.RegressionExperiment object at 0x000001B979BEBD10>, estimator=ridge, fold=KFold(n_splits=10, random_state=None, shuffle=False), round=4, cross_validation=True, predict=True, fit_kwargs={}, groups=None, refit=False, probability_threshold=None, experiment_custom_tags=None, verbose=False, system=False, add_to_model_list=True, metrics=None, display=<pycaret.internal.display.display.CommonDisplay object at 0x000001B97BE8B590>, model_only=True, return_train_score=False, error_score=0.0, kwargs={})
2026-09-02 14:09:44,797:INFO:Checking exceptions
2026-09-02 14:09:44,797:INFO:Importing libraries
2026-09-02 14:09:44,797:INFO:Copying training dataset
2026-09-02 14:09:44,803:INFO:Defining folds
2026-09-02 14:09:44,803:INFO:Declaring metric variables
2026-09-02 14:09:44,803:INFO:Importing untrained model
2026-09-02 14:09:44,804:INFO:Ridge Regression Imported successfully
2026-09-02 14:09:44,804:INFO:Starting cross validation
2026-09-02 14:09:44,808:INFO:Cross validating with KFold(n_splits=10, random_state=None, shuffle=False), n_jobs=-1
2026-09-02 14:09:45,339:INFO:Calculating mean and std
2026-09-02 14:09:45,339:INFO:Creating metrics dataframe
2026-09-02 14:09:45,341:INFO:Uploading results into container
2026-09-02 14:09:45,342:INFO:Uploading model into container now
2026-09-02 14:09:45,342:INFO:_master_model_container: 3
2026-09-02 14:09:45,342:INFO:_display_container: 2
2026-09-02 14:09:45,342:INFO:Ridge(random_state=42)
2026-09-02 14:09:45,342:INFO:create_model() successfully completed......................................
2026-09-02 14:09:45,425:INFO:SubProcess create_model() end ==================================
2026-09-02 14:09:45,425:INFO:Creating metrics dataframe
2026-09-02 14:09:45,428:INFO:Initializing Elastic Net
2026-09-02 14:09:45,428:INFO:Total runtime is 0.23246862093607584 minutes
2026-09-02 14:09:45,429:INFO:SubProcess create_model() called ==================================
2026-09-02 14:09:45,429:INFO:Initializing create_model()
2026-09-02 14:09:45,429:INFO:create_model(self=<pycaret.regression.oop.RegressionExperiment object at 0x000001B979BEBD10>, estimator=en, fold=KFold(n_splits=10, random_state=None, shuffle=False), round=4, cross_validation=True, predict=True, fit_kwargs={}, groups=None, refit=False, probability_threshold=None, experiment_custom_tags=None, verbose=False, system=False, add_to_model_list=True, metrics=None, display=<pycaret.internal.display.display.CommonDisplay object at 0x000001B97BE8B590>, model_only=True, return_train_score=False, error_score=0.0, kwargs={})
2026-09-02 14:09:45,429:INFO:Checking exceptions
2026-09-02 14:09:45,429:INFO:Importing libraries
2026-09-02 14:09:45,429:INFO:Copying training dataset
2026-09-02 14:09:45,436:INFO:Defining folds
2026-09-02 14:09:45,436:INFO:Declaring metric variables
2026-09-02 14:09:45,436:INFO:Importing untrained model
2026-09-02 14:09:45,437:INFO:Elastic Net Imported successfully
2026-09-02 14:09:45,437:INFO:Starting cross validation
2026-09-02 14:09:45,439:INFO:Cross validating with KFold(n_splits=10, random_state=None, shuffle=False), n_jobs=-1
2026-09-02 14:09:45,964:INFO:Calculating mean and std
2026-09-02 14:09:45,966:INFO:Creating metrics dataframe
2026-09-02 14:09:45,968:INFO:Uploading results into container
2026-09-02 14:09:45,968:INFO:Uploading model into container now
2026-09-02 14:09:45,968:INFO:_master_model_container: 4
2026-09-02 14:09:45,968:INFO:_display_container: 2
2026-09-02 14:09:45,968:INFO:ElasticNet(random_state=42)
2026-09-02 14:09:45,968:INFO:create_model() successfully completed......................................
2026-09-02 14:09:46,054:INFO:SubProcess create_model() end ==================================
2026-09-02 14:09:46,054:INFO:Creating metrics dataframe
2026-09-02 14:09:46,058:INFO:Initializing Least Angle Regression
2026-09-02 14:09:46,058:INFO:Total runtime is 0.24297868808110554 minutes
2026-09-02 14:09:46,058:INFO:SubProcess create_model() called ==================================
2026-09-02 14:09:46,058:INFO:Initializing create_model()
2026-09-02 14:09:46,058:INFO:create_model(self=<pycaret.regression.oop.RegressionExperiment object at 0x000001B979BEBD10>, estimator=lar, fold=KFold(n_splits=10, random_state=None, shuffle=False), round=4, cross_validation=True, predict=True, fit_kwargs={}, groups=None, refit=False, probability_threshold=None, experiment_custom_tags=None, verbose=False, system=False, add_to_model_list=True, metrics=None, display=<pycaret.internal.display.display.CommonDisplay object at 0x000001B97BE8B590>, model_only=True, return_train_score=False, error_score=0.0, kwargs={})
2026-09-02 14:09:46,058:INFO:Checking exceptions
2026-09-02 14:09:46,059:INFO:Importing libraries
2026-09-02 14:09:46,059:INFO:Copying training dataset
2026-09-02 14:09:46,064:INFO:Defining folds
2026-09-02 14:09:46,064:INFO:Declaring metric variables
2026-09-02 14:09:46,064:INFO:Importing untrained model
2026-09-02 14:09:46,064:INFO:Least Angle Regression Imported successfully
2026-09-02 14:09:46,065:INFO:Starting cross validation
2026-09-02 14:09:46,067:INFO:Cross validating with KFold(n_splits=10, random_state=None, shuffle=False), n_jobs=-1
2026-09-02 14:09:46,544:INFO:Calculating mean and std
2026-09-02 14:09:46,546:INFO:Creating metrics dataframe
2026-09-02 14:09:46,547:INFO:Uploading results into container
2026-09-02 14:09:46,548:INFO:Uploading model into container now
2026-09-02 14:09:46,548:INFO:_master_model_container: 5
2026-09-02 14:09:46,548:INFO:_display_container: 2
2026-09-02 14:09:46,548:INFO:Lars(random_state=42)
2026-09-02 14:09:46,549:INFO:create_model() successfully completed......................................
2026-09-02 14:09:46,627:INFO:SubProcess create_model() end ==================================
2026-09-02 14:09:46,628:INFO:Creating metrics dataframe
2026-09-02 14:09:46,631:INFO:Initializing Lasso Least Angle Regression
2026-09-02 14:09:46,631:INFO:Total runtime is 0.2525280634562174 minutes
2026-09-02 14:09:46,631:INFO:SubProcess create_model() called ==================================
2026-09-02 14:09:46,631:INFO:Initializing create_model()
2026-09-02 14:09:46,631:INFO:create_model(self=<pycaret.regression.oop.RegressionExperiment object at 0x000001B979BEBD10>, estimator=llar, fold=KFold(n_splits=10, random_state=None, shuffle=False), round=4, cross_validation=True, predict=True, fit_kwargs={}, groups=None, refit=False, probability_threshold=None, experiment_custom_tags=None, verbose=False, system=False, add_to_model_list=True, metrics=None, display=<pycaret.internal.display.display.CommonDisplay object at 0x000001B97BE8B590>, model_only=True, return_train_score=False, error_score=0.0, kwargs={})
2026-09-02 14:09:46,631:INFO:Checking exceptions
2026-09-02 14:09:46,631:INFO:Importing libraries
2026-09-02 14:09:46,631:INFO:Copying training dataset
2026-09-02 14:09:46,637:INFO:Defining folds
2026-09-02 14:09:46,637:INFO:Declaring metric variables
2026-09-02 14:09:46,638:INFO:Importing untrained model
2026-09-02 14:09:46,638:INFO:Lasso Least Angle Regression Imported successfully
2026-09-02 14:09:46,638:INFO:Starting cross validation
2026-09-02 14:09:46,640:INFO:Cross validating with KFold(n_splits=10, random_state=None, shuffle=False), n_jobs=-1
2026-09-02 14:09:47,110:INFO:Calculating mean and std
2026-09-02 14:09:47,111:INFO:Creating metrics dataframe
2026-09-02 14:09:47,112:INFO:Uploading results into container
2026-09-02 14:09:47,113:INFO:Uploading model into container now
2026-09-02 14:09:47,113:INFO:_master_model_container: 6
2026-09-02 14:09:47,113:INFO:_display_container: 2
2026-09-02 14:09:47,114:INFO:LassoLars(random_state=42)
2026-09-02 14:09:47,114:INFO:create_model() successfully completed......................................
2026-09-02 14:09:47,206:INFO:SubProcess create_model() end ==================================
2026-09-02 14:09:47,206:INFO:Creating metrics dataframe
2026-09-02 14:09:47,210:INFO:Initializing Orthogonal Matching Pursuit
2026-09-02 14:09:47,210:INFO:Total runtime is 0.26217274268468216 minutes
2026-09-02 14:09:47,210:INFO:SubProcess create_model() called ==================================
2026-09-02 14:09:47,211:INFO:Initializing create_model()
2026-09-02 14:09:47,211:INFO:create_model(self=<pycaret.regression.oop.RegressionExperiment object at 0x000001B979BEBD10>, estimator=omp, fold=KFold(n_splits=10, random_state=None, shuffle=False), round=4, cross_validation=True, predict=True, fit_kwargs={}, groups=None, refit=False, probability_threshold=None, experiment_custom_tags=None, verbose=False, system=False, add_to_model_list=True, metrics=None, display=<pycaret.internal.display.display.CommonDisplay object at 0x000001B97BE8B590>, model_only=True, return_train_score=False, error_score=0.0, kwargs={})
2026-09-02 14:09:47,211:INFO:Checking exceptions
2026-09-02 14:09:47,211:INFO:Importing libraries
2026-09-02 14:09:47,211:INFO:Copying training dataset
2026-09-02 14:09:47,221:INFO:Defining folds
2026-09-02 14:09:47,222:INFO:Declaring metric variables
2026-09-02 14:09:47,222:INFO:Importing untrained model
2026-09-02 14:09:47,223:INFO:Orthogonal Matching Pursuit Imported successfully
2026-09-02 14:09:47,224:INFO:Starting cross validation
2026-09-02 14:09:47,229:INFO:Cross validating with KFold(n_splits=10, random_state=None, shuffle=False), n_jobs=-1
2026-09-02 14:09:47,783:INFO:Calculating mean and std
2026-09-02 14:09:47,783:INFO:Creating metrics dataframe
2026-09-02 14:09:47,785:INFO:Uploading results into container
2026-09-02 14:09:47,786:INFO:Uploading model into container now
2026-09-02 14:09:47,786:INFO:_master_model_container: 7
2026-09-02 14:09:47,786:INFO:_display_container: 2
2026-09-02 14:09:47,786:INFO:OrthogonalMatchingPursuit()
2026-09-02 14:09:47,786:INFO:create_model() successfully completed......................................
2026-09-02 14:09:47,872:INFO:SubProcess create_model() end ==================================
2026-09-02 14:09:47,873:INFO:Creating metrics dataframe
2026-09-02 14:09:47,877:INFO:Initializing Bayesian Ridge
2026-09-02 14:09:47,877:INFO:Total runtime is 0.2732916990915934 minutes
2026-09-02 14:09:47,877:INFO:SubProcess create_model() called ==================================
2026-09-02 14:09:47,878:INFO:Initializing create_model()
2026-09-02 14:09:47,878:INFO:create_model(self=<pycaret.regression.oop.RegressionExperiment object at 0x000001B979BEBD10>, estimator=br, fold=KFold(n_splits=10, random_state=None, shuffle=False), round=4, cross_validation=True, predict=True, fit_kwargs={}, groups=None, refit=False, probability_threshold=None, experiment_custom_tags=None, verbose=False, system=False, add_to_model_list=True, metrics=None, display=<pycaret.internal.display.display.CommonDisplay object at 0x000001B97BE8B590>, model_only=True, return_train_score=False, error_score=0.0, kwargs={})
2026-09-02 14:09:47,878:INFO:Checking exceptions
2026-09-02 14:09:47,878:INFO:Importing libraries
2026-09-02 14:09:47,878:INFO:Copying training dataset
2026-09-02 14:09:47,889:INFO:Defining folds
2026-09-02 14:09:47,889:INFO:Declaring metric variables
2026-09-02 14:09:47,889:INFO:Importing untrained model
2026-09-02 14:09:47,890:INFO:Bayesian Ridge Imported successfully
2026-09-02 14:09:47,890:INFO:Starting cross validation
2026-09-02 14:09:47,893:INFO:Cross validating with KFold(n_splits=10, random_state=None, shuffle=False), n_jobs=-1
2026-09-02 14:09:48,375:INFO:Calculating mean and std
2026-09-02 14:09:48,377:INFO:Creating metrics dataframe
2026-09-02 14:09:48,378:INFO:Uploading results into container
2026-09-02 14:09:48,379:INFO:Uploading model into container now
2026-09-02 14:09:48,379:INFO:_master_model_container: 8
2026-09-02 14:09:48,379:INFO:_display_container: 2
2026-09-02 14:09:48,379:INFO:BayesianRidge()
2026-09-02 14:09:48,379:INFO:create_model() successfully completed......................................
2026-09-02 14:09:48,469:INFO:SubProcess create_model() end ==================================
2026-09-02 14:09:48,470:INFO:Creating metrics dataframe
2026-09-02 14:09:48,476:INFO:Initializing Passive Aggressive Regressor
2026-09-02 14:09:48,476:INFO:Total runtime is 0.28327138026555376 minutes
2026-09-02 14:09:48,477:INFO:SubProcess create_model() called ==================================
2026-09-02 14:09:48,477:INFO:Initializing create_model()
2026-09-02 14:09:48,477:INFO:create_model(self=<pycaret.regression.oop.RegressionExperiment object at 0x000001B979BEBD10>, estimator=par, fold=KFold(n_splits=10, random_state=None, shuffle=False), round=4, cross_validation=True, predict=True, fit_kwargs={}, groups=None, refit=False, probability_threshold=None, experiment_custom_tags=None, verbose=False, system=False, add_to_model_list=True, metrics=None, display=<pycaret.internal.display.display.CommonDisplay object at 0x000001B97BE8B590>, model_only=True, return_train_score=False, error_score=0.0, kwargs={})
2026-09-02 14:09:48,478:INFO:Checking exceptions
2026-09-02 14:09:48,478:INFO:Importing libraries
2026-09-02 14:09:48,478:INFO:Copying training dataset
2026-09-02 14:09:48,487:INFO:Defining folds
2026-09-02 14:09:48,487:INFO:Declaring metric variables
2026-09-02 14:09:48,487:INFO:Importing untrained model
2026-09-02 14:09:48,488:INFO:Passive Aggressive Regressor Imported successfully
2026-09-02 14:09:48,488:INFO:Starting cross validation
2026-09-02 14:09:48,492:INFO:Cross validating with KFold(n_splits=10, random_state=None, shuffle=False), n_jobs=-1
2026-09-02 14:09:48,981:INFO:Calculating mean and std
2026-09-02 14:09:48,983:INFO:Creating metrics dataframe
2026-09-02 14:09:48,984:INFO:Uploading results into container
2026-09-02 14:09:48,985:INFO:Uploading model into container now
2026-09-02 14:09:48,985:INFO:_master_model_container: 9
2026-09-02 14:09:48,985:INFO:_display_container: 2
2026-09-02 14:09:48,985:INFO:PassiveAggressiveRegressor(random_state=42)
2026-09-02 14:09:48,985:INFO:create_model() successfully completed......................................
2026-09-02 14:09:49,084:INFO:SubProcess create_model() end ==================================
2026-09-02 14:09:49,085:INFO:Creating metrics dataframe
2026-09-02 14:09:49,092:INFO:Initializing Huber Regressor
2026-09-02 14:09:49,092:INFO:Total runtime is 0.29353835185368854 minutes
2026-09-02 14:09:49,093:INFO:SubProcess create_model() called ==================================
2026-09-02 14:09:49,093:INFO:Initializing create_model()
2026-09-02 14:09:49,093:INFO:create_model(self=<pycaret.regression.oop.RegressionExperiment object at 0x000001B979BEBD10>, estimator=huber, fold=KFold(n_splits=10, random_state=None, shuffle=False), round=4, cross_validation=True, predict=True, fit_kwargs={}, groups=None, refit=False, probability_threshold=None, experiment_custom_tags=None, verbose=False, system=False, add_to_model_list=True, metrics=None, display=<pycaret.internal.display.display.CommonDisplay object at 0x000001B97BE8B590>, model_only=True, return_train_score=False, error_score=0.0, kwargs={})
2026-09-02 14:09:49,093:INFO:Checking exceptions
2026-09-02 14:09:49,093:INFO:Importing libraries
2026-09-02 14:09:49,093:INFO:Copying training dataset
2026-09-02 14:09:49,102:INFO:Defining folds
2026-09-02 14:09:49,102:INFO:Declaring metric variables
2026-09-02 14:09:49,102:INFO:Importing untrained model
2026-09-02 14:09:49,103:INFO:Huber Regressor Imported successfully
2026-09-02 14:09:49,103:INFO:Starting cross validation
2026-09-02 14:09:49,106:INFO:Cross validating with KFold(n_splits=10, random_state=None, shuffle=False), n_jobs=-1
2026-09-02 14:09:49,612:INFO:Calculating mean and std
2026-09-02 14:09:49,613:INFO:Creating metrics dataframe
2026-09-02 14:09:49,615:INFO:Uploading results into container
2026-09-02 14:09:49,615:INFO:Uploading model into container now
2026-09-02 14:09:49,615:INFO:_master_model_container: 10
2026-09-02 14:09:49,616:INFO:_display_container: 2
2026-09-02 14:09:49,616:INFO:HuberRegressor()
2026-09-02 14:09:49,616:INFO:create_model() successfully completed......................................
2026-09-02 14:09:49,694:INFO:SubProcess create_model() end ==================================
2026-09-02 14:09:49,694:INFO:Creating metrics dataframe
2026-09-02 14:09:49,697:INFO:Initializing K Neighbors Regressor
2026-09-02 14:09:49,697:INFO:Total runtime is 0.30363335212071735 minutes
2026-09-02 14:09:49,697:INFO:SubProcess create_model() called ==================================
2026-09-02 14:09:49,697:INFO:Initializing create_model()
2026-09-02 14:09:49,697:INFO:create_model(self=<pycaret.regression.oop.RegressionExperiment object at 0x000001B979BEBD10>, estimator=knn, fold=KFold(n_splits=10, random_state=None, shuffle=False), round=4, cross_validation=True, predict=True, fit_kwargs={}, groups=None, refit=False, probability_threshold=None, experiment_custom_tags=None, verbose=False, system=False, add_to_model_list=True, metrics=None, display=<pycaret.internal.display.display.CommonDisplay object at 0x000001B97BE8B590>, model_only=True, return_train_score=False, error_score=0.0, kwargs={})
2026-09-02 14:09:49,697:INFO:Checking exceptions
2026-09-02 14:09:49,697:INFO:Importing libraries
2026-09-02 14:09:49,697:INFO:Copying training dataset
2026-09-02 14:09:49,703:INFO:Defining folds
2026-09-02 14:09:49,703:INFO:Declaring metric variables
2026-09-02 14:09:49,703:INFO:Importing untrained model
2026-09-02 14:09:49,703:INFO:K Neighbors Regressor Imported successfully
2026-09-02 14:09:49,704:INFO:Starting cross validation
2026-09-02 14:09:49,706:INFO:Cross validating with KFold(n_splits=10, random_state=None, shuffle=False), n_jobs=-1
2026-09-02 14:09:50,188:INFO:Calculating mean and std
2026-09-02 14:09:50,188:INFO:Creating metrics dataframe
2026-09-02 14:09:50,190:INFO:Uploading results into container
2026-09-02 14:09:50,190:INFO:Uploading model into container now
2026-09-02 14:09:50,191:INFO:_master_model_container: 11
2026-09-02 14:09:50,191:INFO:_display_container: 2
2026-09-02 14:09:50,191:INFO:KNeighborsRegressor(n_jobs=-1)
2026-09-02 14:09:50,191:INFO:create_model() successfully completed......................................
2026-09-02 14:09:50,270:INFO:SubProcess create_model() end ==================================
2026-09-02 14:09:50,270:INFO:Creating metrics dataframe
2026-09-02 14:09:50,274:INFO:Initializing Decision Tree Regressor
2026-09-02 14:09:50,274:INFO:Total runtime is 0.3132426142692566 minutes
2026-09-02 14:09:50,275:INFO:SubProcess create_model() called ==================================
2026-09-02 14:09:50,275:INFO:Initializing create_model()
2026-09-02 14:09:50,275:INFO:create_model(self=<pycaret.regression.oop.RegressionExperiment object at 0x000001B979BEBD10>, estimator=dt, fold=KFold(n_splits=10, random_state=None, shuffle=False), round=4, cross_validation=True, predict=True, fit_kwargs={}, groups=None, refit=False, probability_threshold=None, experiment_custom_tags=None, verbose=False, system=False, add_to_model_list=True, metrics=None, display=<pycaret.internal.display.display.CommonDisplay object at 0x000001B97BE8B590>, model_only=True, return_train_score=False, error_score=0.0, kwargs={})
2026-09-02 14:09:50,275:INFO:Checking exceptions
2026-09-02 14:09:50,275:INFO:Importing libraries
2026-09-02 14:09:50,275:INFO:Copying training dataset
2026-09-02 14:09:50,284:INFO:Defining folds
2026-09-02 14:09:50,284:INFO:Declaring metric variables
2026-09-02 14:09:50,285:INFO:Importing untrained model
2026-09-02 14:09:50,285:INFO:Decision Tree Regressor Imported successfully
2026-09-02 14:09:50,285:INFO:Starting cross validation
2026-09-02 14:09:50,289:INFO:Cross validating with KFold(n_splits=10, random_state=None, shuffle=False), n_jobs=-1
2026-09-02 14:09:50,773:INFO:Calculating mean and std
2026-09-02 14:09:50,773:INFO:Creating metrics dataframe
2026-09-02 14:09:50,774:INFO:Uploading results into container
2026-09-02 14:09:50,775:INFO:Uploading model into container now
2026-09-02 14:09:50,776:INFO:_master_model_container: 12
2026-09-02 14:09:50,776:INFO:_display_container: 2
2026-09-02 14:09:50,776:INFO:DecisionTreeRegressor(random_state=42)
2026-09-02 14:09:50,776:INFO:create_model() successfully completed......................................
2026-09-02 14:09:50,870:INFO:SubProcess create_model() end ==================================
2026-09-02 14:09:50,871:INFO:Creating metrics dataframe
2026-09-02 14:09:50,875:INFO:Initializing Random Forest Regressor
2026-09-02 14:09:50,876:INFO:Total runtime is 0.3232726494471232 minutes
2026-09-02 14:09:50,876:INFO:SubProcess create_model() called ==================================
2026-09-02 14:09:50,876:INFO:Initializing create_model()
2026-09-02 14:09:50,877:INFO:create_model(self=<pycaret.regression.oop.RegressionExperiment object at 0x000001B979BEBD10>, estimator=rf, fold=KFold(n_splits=10, random_state=None, shuffle=False), round=4, cross_validation=True, predict=True, fit_kwargs={}, groups=None, refit=False, probability_threshold=None, experiment_custom_tags=None, verbose=False, system=False, add_to_model_list=True, metrics=None, display=<pycaret.internal.display.display.CommonDisplay object at 0x000001B97BE8B590>, model_only=True, return_train_score=False, error_score=0.0, kwargs={})
2026-09-02 14:09:50,877:INFO:Checking exceptions
2026-09-02 14:09:50,877:INFO:Importing libraries
2026-09-02 14:09:50,877:INFO:Copying training dataset
2026-09-02 14:09:50,889:INFO:Defining folds
2026-09-02 14:09:50,889:INFO:Declaring metric variables
2026-09-02 14:09:50,889:INFO:Importing untrained model
2026-09-02 14:09:50,890:INFO:Random Forest Regressor Imported successfully
2026-09-02 14:09:50,890:INFO:Starting cross validation
2026-09-02 14:09:50,894:INFO:Cross validating with KFold(n_splits=10, random_state=None, shuffle=False), n_jobs=-1
2026-09-02 14:09:51,854:INFO:Calculating mean and std
2026-09-02 14:09:51,854:INFO:Creating metrics dataframe
2026-09-02 14:09:51,856:INFO:Uploading results into container
2026-09-02 14:09:51,857:INFO:Uploading model into container now
2026-09-02 14:09:51,857:INFO:_master_model_container: 13
2026-09-02 14:09:51,857:INFO:_display_container: 2
2026-09-02 14:09:51,857:INFO:RandomForestRegressor(n_jobs=-1, random_state=42)
2026-09-02 14:09:51,857:INFO:create_model() successfully completed......................................
2026-09-02 14:09:51,957:INFO:SubProcess create_model() end ==================================
2026-09-02 14:09:51,957:INFO:Creating metrics dataframe
2026-09-02 14:09:51,962:INFO:Initializing Extra Trees Regressor
2026-09-02 14:09:51,963:INFO:Total runtime is 0.3413811127344767 minutes
2026-09-02 14:09:51,963:INFO:SubProcess create_model() called ==================================
2026-09-02 14:09:51,964:INFO:Initializing create_model()
2026-09-02 14:09:51,964:INFO:create_model(self=<pycaret.regression.oop.RegressionExperiment object at 0x000001B979BEBD10>, estimator=et, fold=KFold(n_splits=10, random_state=None, shuffle=False), round=4, cross_validation=True, predict=True, fit_kwargs={}, groups=None, refit=False, probability_threshold=None, experiment_custom_tags=None, verbose=False, system=False, add_to_model_list=True, metrics=None, display=<pycaret.internal.display.display.CommonDisplay object at 0x000001B97BE8B590>, model_only=True, return_train_score=False, error_score=0.0, kwargs={})
2026-09-02 14:09:51,965:INFO:Checking exceptions
2026-09-02 14:09:51,965:INFO:Importing libraries
2026-09-02 14:09:51,965:INFO:Copying training dataset
2026-09-02 14:09:51,975:INFO:Defining folds
2026-09-02 14:09:51,975:INFO:Declaring metric variables
2026-09-02 14:09:51,975:INFO:Importing untrained model
2026-09-02 14:09:51,976:INFO:Extra Trees Regressor Imported successfully
2026-09-02 14:09:51,976:INFO:Starting cross validation
2026-09-02 14:09:51,980:INFO:Cross validating with KFold(n_splits=10, random_state=None, shuffle=False), n_jobs=-1
2026-09-02 14:09:52,933:INFO:Calculating mean and std
2026-09-02 14:09:52,934:INFO:Creating metrics dataframe
2026-09-02 14:09:52,936:INFO:Uploading results into container
2026-09-02 14:09:52,936:INFO:Uploading model into container now
2026-09-02 14:09:52,937:INFO:_master_model_container: 14
2026-09-02 14:09:52,937:INFO:_display_container: 2
2026-09-02 14:09:52,937:INFO:ExtraTreesRegressor(n_jobs=-1, random_state=42)
2026-09-02 14:09:52,937:INFO:create_model() successfully completed......................................
2026-09-02 14:09:53,028:INFO:SubProcess create_model() end ==================================
2026-09-02 14:09:53,028:INFO:Creating metrics dataframe
2026-09-02 14:09:53,032:INFO:Initializing AdaBoost Regressor
2026-09-02 14:09:53,033:INFO:Total runtime is 0.3592281897862752 minutes
2026-09-02 14:09:53,033:INFO:SubProcess create_model() called ==================================
2026-09-02 14:09:53,033:INFO:Initializing create_model()
2026-09-02 14:09:53,033:INFO:create_model(self=<pycaret.regression.oop.RegressionExperiment object at 0x000001B979BEBD10>, estimator=ada, fold=KFold(n_splits=10, random_state=None, shuffle=False), round=4, cross_validation=True, predict=True, fit_kwargs={}, groups=None, refit=False, probability_threshold=None, experiment_custom_tags=None, verbose=False, system=False, add_to_model_list=True, metrics=None, display=<pycaret.internal.display.display.CommonDisplay object at 0x000001B97BE8B590>, model_only=True, return_train_score=False, error_score=0.0, kwargs={})
2026-09-02 14:09:53,033:INFO:Checking exceptions
2026-09-02 14:09:53,034:INFO:Importing libraries
2026-09-02 14:09:53,034:INFO:Copying training dataset
2026-09-02 14:09:53,042:INFO:Defining folds
2026-09-02 14:09:53,042:INFO:Declaring metric variables
2026-09-02 14:09:53,042:INFO:Importing untrained model
2026-09-02 14:09:53,043:INFO:AdaBoost Regressor Imported successfully
2026-09-02 14:09:53,043:INFO:Starting cross validation
2026-09-02 14:09:53,047:INFO:Cross validating with KFold(n_splits=10, random_state=None, shuffle=False), n_jobs=-1
2026-09-02 14:09:53,713:INFO:Calculating mean and std
2026-09-02 14:09:53,714:INFO:Creating metrics dataframe
2026-09-02 14:09:53,717:INFO:Uploading results into container
2026-09-02 14:09:53,717:INFO:Uploading model into container now
2026-09-02 14:09:53,718:INFO:_master_model_container: 15
2026-09-02 14:09:53,718:INFO:_display_container: 2
2026-09-02 14:09:53,718:INFO:AdaBoostRegressor(random_state=42)
2026-09-02 14:09:53,718:INFO:create_model() successfully completed......................................
2026-09-02 14:09:53,813:INFO:SubProcess create_model() end ==================================
2026-09-02 14:09:53,813:INFO:Creating metrics dataframe
2026-09-02 14:09:53,817:INFO:Initializing Gradient Boosting Regressor
2026-09-02 14:09:53,817:INFO:Total runtime is 0.3722885847091674 minutes
2026-09-02 14:09:53,817:INFO:SubProcess create_model() called ==================================
2026-09-02 14:09:53,817:INFO:Initializing create_model()
2026-09-02 14:09:53,817:INFO:create_model(self=<pycaret.regression.oop.RegressionExperiment object at 0x000001B979BEBD10>, estimator=gbr, fold=KFold(n_splits=10, random_state=None, shuffle=False), round=4, cross_validation=True, predict=True, fit_kwargs={}, groups=None, refit=False, probability_threshold=None, experiment_custom_tags=None, verbose=False, system=False, add_to_model_list=True, metrics=None, display=<pycaret.internal.display.display.CommonDisplay object at 0x000001B97BE8B590>, model_only=True, return_train_score=False, error_score=0.0, kwargs={})
2026-09-02 14:09:53,817:INFO:Checking exceptions
2026-09-02 14:09:53,817:INFO:Importing libraries
2026-09-02 14:09:53,818:INFO:Copying training dataset
2026-09-02 14:09:53,823:INFO:Defining folds
2026-09-02 14:09:53,823:INFO:Declaring metric variables
2026-09-02 14:09:53,823:INFO:Importing untrained model
2026-09-02 14:09:53,824:INFO:Gradient Boosting Regressor Imported successfully
2026-09-02 14:09:53,825:INFO:Starting cross validation
2026-09-02 14:09:53,827:INFO:Cross validating with KFold(n_splits=10, random_state=None, shuffle=False), n_jobs=-1
2026-09-02 14:09:54,480:INFO:Calculating mean and std
2026-09-02 14:09:54,482:INFO:Creating metrics dataframe
2026-09-02 14:09:54,483:INFO:Uploading results into container
2026-09-02 14:09:54,484:INFO:Uploading model into container now
2026-09-02 14:09:54,484:INFO:_master_model_container: 16
2026-09-02 14:09:54,484:INFO:_display_container: 2
2026-09-02 14:09:54,484:INFO:GradientBoostingRegressor(random_state=42)
2026-09-02 14:09:54,485:INFO:create_model() successfully completed......................................
2026-09-02 14:09:54,573:INFO:SubProcess create_model() end ==================================
2026-09-02 14:09:54,573:INFO:Creating metrics dataframe
2026-09-02 14:09:54,579:INFO:Initializing Light Gradient Boosting Machine
2026-09-02 14:09:54,579:INFO:Total runtime is 0.384985856215159 minutes
2026-09-02 14:09:54,579:INFO:SubProcess create_model() called ==================================
2026-09-02 14:09:54,579:INFO:Initializing create_model()
2026-09-02 14:09:54,579:INFO:create_model(self=<pycaret.regression.oop.RegressionExperiment object at 0x000001B979BEBD10>, estimator=lightgbm, fold=KFold(n_splits=10, random_state=None, shuffle=False), round=4, cross_validation=True, predict=True, fit_kwargs={}, groups=None, refit=False, probability_threshold=None, experiment_custom_tags=None, verbose=False, system=False, add_to_model_list=True, metrics=None, display=<pycaret.internal.display.display.CommonDisplay object at 0x000001B97BE8B590>, model_only=True, return_train_score=False, error_score=0.0, kwargs={})
2026-09-02 14:09:54,579:INFO:Checking exceptions
2026-09-02 14:09:54,580:INFO:Importing libraries
2026-09-02 14:09:54,580:INFO:Copying training dataset
2026-09-02 14:09:54,588:INFO:Defining folds
2026-09-02 14:09:54,588:INFO:Declaring metric variables
2026-09-02 14:09:54,589:INFO:Importing untrained model
2026-09-02 14:09:54,590:INFO:Light Gradient Boosting Machine Imported successfully
2026-09-02 14:09:54,591:INFO:Starting cross validation
2026-09-02 14:09:54,596:INFO:Cross validating with KFold(n_splits=10, random_state=None, shuffle=False), n_jobs=-1
2026-09-02 14:09:55,082:WARNING:create_model() for lightgbm raised an exception or returned all 0.0, trying without fit_kwargs:
2026-09-02 14:09:55,091:WARNING:Traceback (most recent call last):
  File "C:\Users\knish\PycharmProjects\AutoML-Smart-Prediction\.venv\Lib\site-packages\pycaret\internal\pycaret_experiment\supervised_experiment.py", line 794, in compare_models
    model, model_fit_time = self._create_model(**create_model_args)
                            ^^^^^^^^^^^^^^^^^^^^^^^^^^^^^^^^^^^^^^^
  File "C:\Users\knish\PycharmProjects\AutoML-Smart-Prediction\.venv\Lib\site-packages\pycaret\internal\pycaret_experiment\supervised_experiment.py", line 1533, in _create_model
    model, model_fit_time, model_results, _ = self._create_model_with_cv(
                                              ^^^^^^^^^^^^^^^^^^^^^^^^^^^
  File "C:\Users\knish\PycharmProjects\AutoML-Smart-Prediction\.venv\Lib\site-packages\pycaret\internal\pycaret_experiment\supervised_experiment.py", line 1126, in _create_model_with_cv
    scores = cross_validate(
             ^^^^^^^^^^^^^^^
  File "C:\Users\knish\PycharmProjects\AutoML-Smart-Prediction\.venv\Lib\site-packages\sklearn\utils\_param_validation.py", line 213, in wrapper
    return func(*args, **kwargs)
           ^^^^^^^^^^^^^^^^^^^^^
  File "C:\Users\knish\PycharmProjects\AutoML-Smart-Prediction\.venv\Lib\site-packages\sklearn\model_selection\_validation.py", line 450, in cross_validate
    _warn_or_raise_about_fit_failures(results, error_score)
  File "C:\Users\knish\PycharmProjects\AutoML-Smart-Prediction\.venv\Lib\site-packages\sklearn\model_selection\_validation.py", line 536, in _warn_or_raise_about_fit_failures
    raise ValueError(all_fits_failed_message)
ValueError: 
All the 10 fits failed.
It is very likely that your model is misconfigured.
You can try to debug the error by setting error_score='raise'.

Below are more details about the failures:
--------------------------------------------------------------------------------
10 fits failed with the following error:
Traceback (most recent call last):
  File "C:\Users\knish\PycharmProjects\AutoML-Smart-Prediction\.venv\Lib\site-packages\sklearn\model_selection\_validation.py", line 895, in _fit_and_score
    estimator.fit(X_train, y_train, **fit_params)
  File "C:\Users\knish\PycharmProjects\AutoML-Smart-Prediction\.venv\Lib\site-packages\pycaret\internal\pipeline.py", line 278, in fit
    fitted_estimator = self._memory_fit(
                       ^^^^^^^^^^^^^^^^^
  File "C:\Users\knish\PycharmProjects\AutoML-Smart-Prediction\.venv\Lib\site-packages\joblib\memory.py", line 353, in __call__
    return self.func(*args, **kwargs)
           ^^^^^^^^^^^^^^^^^^^^^^^^^^
  File "C:\Users\knish\PycharmProjects\AutoML-Smart-Prediction\.venv\Lib\site-packages\pycaret\internal\pipeline.py", line 69, in _fit_one
    transformer.fit(*args)
  File "C:\Users\knish\PycharmProjects\AutoML-Smart-Prediction\.venv\Lib\site-packages\lightgbm\sklearn.py", line 1536, in fit
    super().fit(
  File "C:\Users\knish\PycharmProjects\AutoML-Smart-Prediction\.venv\Lib\site-packages\lightgbm\sklearn.py", line 1171, in fit
    self._Booster = train(
                    ^^^^^^
  File "C:\Users\knish\PycharmProjects\AutoML-Smart-Prediction\.venv\Lib\site-packages\lightgbm\engine.py", line 296, in train
    booster = Booster(params=params, train_set=train_set)
              ^^^^^^^^^^^^^^^^^^^^^^^^^^^^^^^^^^^^^^^^^^^
  File "C:\Users\knish\PycharmProjects\AutoML-Smart-Prediction\.venv\Lib\site-packages\lightgbm\basic.py", line 3758, in __init__
    train_set.construct()
  File "C:\Users\knish\PycharmProjects\AutoML-Smart-Prediction\.venv\Lib\site-packages\lightgbm\basic.py", line 2574, in construct
    self._lazy_init(
  File "C:\Users\knish\PycharmProjects\AutoML-Smart-Prediction\.venv\Lib\site-packages\lightgbm\basic.py", line 2189, in _lazy_init
    self.set_label(label)
  File "C:\Users\knish\PycharmProjects\AutoML-Smart-Prediction\.venv\Lib\site-packages\lightgbm\basic.py", line 3097, in set_label
    self.set_field("label", label_array)
  File "C:\Users\knish\PycharmProjects\AutoML-Smart-Prediction\.venv\Lib\site-packages\lightgbm\basic.py", line 2860, in set_field
    _LIB.LGBM_DatasetSetField(
OSError: exception: access violation reading 0x0000000000000000


2026-09-02 14:09:55,092:INFO:Initializing create_model()
2026-09-02 14:09:55,092:INFO:create_model(self=<pycaret.regression.oop.RegressionExperiment object at 0x000001B979BEBD10>, estimator=lightgbm, fold=KFold(n_splits=10, random_state=None, shuffle=False), round=4, cross_validation=True, predict=True, fit_kwargs={}, groups=None, refit=False, probability_threshold=None, experiment_custom_tags=None, verbose=False, system=False, add_to_model_list=True, metrics=None, display=<pycaret.internal.display.display.CommonDisplay object at 0x000001B97BE8B590>, model_only=True, return_train_score=False, error_score=0.0, kwargs={})
2026-09-02 14:09:55,092:INFO:Checking exceptions
2026-09-02 14:09:55,092:INFO:Importing libraries
2026-09-02 14:09:55,092:INFO:Copying training dataset
2026-09-02 14:09:55,101:INFO:Defining folds
2026-09-02 14:09:55,101:INFO:Declaring metric variables
2026-09-02 14:09:55,101:INFO:Importing untrained model
2026-09-02 14:09:55,103:INFO:Light Gradient Boosting Machine Imported successfully
2026-09-02 14:09:55,103:INFO:Starting cross validation
2026-09-02 14:09:55,107:INFO:Cross validating with KFold(n_splits=10, random_state=None, shuffle=False), n_jobs=-1
2026-09-02 14:09:55,501:ERROR:create_model() for lightgbm raised an exception or returned all 0.0:
2026-09-02 14:09:55,503:ERROR:Traceback (most recent call last):
  File "C:\Users\knish\PycharmProjects\AutoML-Smart-Prediction\.venv\Lib\site-packages\pycaret\internal\pycaret_experiment\supervised_experiment.py", line 794, in compare_models
    model, model_fit_time = self._create_model(**create_model_args)
                            ^^^^^^^^^^^^^^^^^^^^^^^^^^^^^^^^^^^^^^^
  File "C:\Users\knish\PycharmProjects\AutoML-Smart-Prediction\.venv\Lib\site-packages\pycaret\internal\pycaret_experiment\supervised_experiment.py", line 1533, in _create_model
    model, model_fit_time, model_results, _ = self._create_model_with_cv(
                                              ^^^^^^^^^^^^^^^^^^^^^^^^^^^
  File "C:\Users\knish\PycharmProjects\AutoML-Smart-Prediction\.venv\Lib\site-packages\pycaret\internal\pycaret_experiment\supervised_experiment.py", line 1126, in _create_model_with_cv
    scores = cross_validate(
             ^^^^^^^^^^^^^^^
  File "C:\Users\knish\PycharmProjects\AutoML-Smart-Prediction\.venv\Lib\site-packages\sklearn\utils\_param_validation.py", line 213, in wrapper
    return func(*args, **kwargs)
           ^^^^^^^^^^^^^^^^^^^^^
  File "C:\Users\knish\PycharmProjects\AutoML-Smart-Prediction\.venv\Lib\site-packages\sklearn\model_selection\_validation.py", line 450, in cross_validate
    _warn_or_raise_about_fit_failures(results, error_score)
  File "C:\Users\knish\PycharmProjects\AutoML-Smart-Prediction\.venv\Lib\site-packages\sklearn\model_selection\_validation.py", line 536, in _warn_or_raise_about_fit_failures
    raise ValueError(all_fits_failed_message)
ValueError: 
All the 10 fits failed.
It is very likely that your model is misconfigured.
You can try to debug the error by setting error_score='raise'.

Below are more details about the failures:
--------------------------------------------------------------------------------
10 fits failed with the following error:
Traceback (most recent call last):
  File "C:\Users\knish\PycharmProjects\AutoML-Smart-Prediction\.venv\Lib\site-packages\sklearn\model_selection\_validation.py", line 895, in _fit_and_score
    estimator.fit(X_train, y_train, **fit_params)
  File "C:\Users\knish\PycharmProjects\AutoML-Smart-Prediction\.venv\Lib\site-packages\pycaret\internal\pipeline.py", line 278, in fit
    fitted_estimator = self._memory_fit(
                       ^^^^^^^^^^^^^^^^^
  File "C:\Users\knish\PycharmProjects\AutoML-Smart-Prediction\.venv\Lib\site-packages\joblib\memory.py", line 353, in __call__
    return self.func(*args, **kwargs)
           ^^^^^^^^^^^^^^^^^^^^^^^^^^
  File "C:\Users\knish\PycharmProjects\AutoML-Smart-Prediction\.venv\Lib\site-packages\pycaret\internal\pipeline.py", line 69, in _fit_one
    transformer.fit(*args)
  File "C:\Users\knish\PycharmProjects\AutoML-Smart-Prediction\.venv\Lib\site-packages\lightgbm\sklearn.py", line 1536, in fit
    super().fit(
  File "C:\Users\knish\PycharmProjects\AutoML-Smart-Prediction\.venv\Lib\site-packages\lightgbm\sklearn.py", line 1171, in fit
    self._Booster = train(
                    ^^^^^^
  File "C:\Users\knish\PycharmProjects\AutoML-Smart-Prediction\.venv\Lib\site-packages\lightgbm\engine.py", line 296, in train
    booster = Booster(params=params, train_set=train_set)
              ^^^^^^^^^^^^^^^^^^^^^^^^^^^^^^^^^^^^^^^^^^^
  File "C:\Users\knish\PycharmProjects\AutoML-Smart-Prediction\.venv\Lib\site-packages\lightgbm\basic.py", line 3758, in __init__
    train_set.construct()
  File "C:\Users\knish\PycharmProjects\AutoML-Smart-Prediction\.venv\Lib\site-packages\lightgbm\basic.py", line 2574, in construct
    self._lazy_init(
  File "C:\Users\knish\PycharmProjects\AutoML-Smart-Prediction\.venv\Lib\site-packages\lightgbm\basic.py", line 2189, in _lazy_init
    self.set_label(label)
  File "C:\Users\knish\PycharmProjects\AutoML-Smart-Prediction\.venv\Lib\site-packages\lightgbm\basic.py", line 3097, in set_label
    self.set_field("label", label_array)
  File "C:\Users\knish\PycharmProjects\AutoML-Smart-Prediction\.venv\Lib\site-packages\lightgbm\basic.py", line 2860, in set_field
    _LIB.LGBM_DatasetSetField(
OSError: exception: access violation reading 0x0000000000000000


During handling of the above exception, another exception occurred:

Traceback (most recent call last):
  File "C:\Users\knish\PycharmProjects\AutoML-Smart-Prediction\.venv\Lib\site-packages\pycaret\internal\pycaret_experiment\supervised_experiment.py", line 815, in compare_models
    model, model_fit_time = self._create_model(**create_model_args)
                            ^^^^^^^^^^^^^^^^^^^^^^^^^^^^^^^^^^^^^^^
  File "C:\Users\knish\PycharmProjects\AutoML-Smart-Prediction\.venv\Lib\site-packages\pycaret\internal\pycaret_experiment\supervised_experiment.py", line 1533, in _create_model
    model, model_fit_time, model_results, _ = self._create_model_with_cv(
                                              ^^^^^^^^^^^^^^^^^^^^^^^^^^^
  File "C:\Users\knish\PycharmProjects\AutoML-Smart-Prediction\.venv\Lib\site-packages\pycaret\internal\pycaret_experiment\supervised_experiment.py", line 1126, in _create_model_with_cv
    scores = cross_validate(
             ^^^^^^^^^^^^^^^
  File "C:\Users\knish\PycharmProjects\AutoML-Smart-Prediction\.venv\Lib\site-packages\sklearn\utils\_param_validation.py", line 213, in wrapper
    return func(*args, **kwargs)
           ^^^^^^^^^^^^^^^^^^^^^
  File "C:\Users\knish\PycharmProjects\AutoML-Smart-Prediction\.venv\Lib\site-packages\sklearn\model_selection\_validation.py", line 450, in cross_validate
    _warn_or_raise_about_fit_failures(results, error_score)
  File "C:\Users\knish\PycharmProjects\AutoML-Smart-Prediction\.venv\Lib\site-packages\sklearn\model_selection\_validation.py", line 536, in _warn_or_raise_about_fit_failures
    raise ValueError(all_fits_failed_message)
ValueError: 
All the 10 fits failed.
It is very likely that your model is misconfigured.
You can try to debug the error by setting error_score='raise'.

Below are more details about the failures:
--------------------------------------------------------------------------------
10 fits failed with the following error:
Traceback (most recent call last):
  File "C:\Users\knish\PycharmProjects\AutoML-Smart-Prediction\.venv\Lib\site-packages\sklearn\model_selection\_validation.py", line 895, in _fit_and_score
    estimator.fit(X_train, y_train, **fit_params)
  File "C:\Users\knish\PycharmProjects\AutoML-Smart-Prediction\.venv\Lib\site-packages\pycaret\internal\pipeline.py", line 278, in fit
    fitted_estimator = self._memory_fit(
                       ^^^^^^^^^^^^^^^^^
  File "C:\Users\knish\PycharmProjects\AutoML-Smart-Prediction\.venv\Lib\site-packages\joblib\memory.py", line 353, in __call__
    return self.func(*args, **kwargs)
           ^^^^^^^^^^^^^^^^^^^^^^^^^^
  File "C:\Users\knish\PycharmProjects\AutoML-Smart-Prediction\.venv\Lib\site-packages\pycaret\internal\pipeline.py", line 69, in _fit_one
    transformer.fit(*args)
  File "C:\Users\knish\PycharmProjects\AutoML-Smart-Prediction\.venv\Lib\site-packages\lightgbm\sklearn.py", line 1536, in fit
    super().fit(
  File "C:\Users\knish\PycharmProjects\AutoML-Smart-Prediction\.venv\Lib\site-packages\lightgbm\sklearn.py", line 1171, in fit
    self._Booster = train(
                    ^^^^^^
  File "C:\Users\knish\PycharmProjects\AutoML-Smart-Prediction\.venv\Lib\site-packages\lightgbm\engine.py", line 296, in train
    booster = Booster(params=params, train_set=train_set)
              ^^^^^^^^^^^^^^^^^^^^^^^^^^^^^^^^^^^^^^^^^^^
  File "C:\Users\knish\PycharmProjects\AutoML-Smart-Prediction\.venv\Lib\site-packages\lightgbm\basic.py", line 3758, in __init__
    train_set.construct()
  File "C:\Users\knish\PycharmProjects\AutoML-Smart-Prediction\.venv\Lib\site-packages\lightgbm\basic.py", line 2574, in construct
    self._lazy_init(
  File "C:\Users\knish\PycharmProjects\AutoML-Smart-Prediction\.venv\Lib\site-packages\lightgbm\basic.py", line 2189, in _lazy_init
    self.set_label(label)
  File "C:\Users\knish\PycharmProjects\AutoML-Smart-Prediction\.venv\Lib\site-packages\lightgbm\basic.py", line 3097, in set_label
    self.set_field("label", label_array)
  File "C:\Users\knish\PycharmProjects\AutoML-Smart-Prediction\.venv\Lib\site-packages\lightgbm\basic.py", line 2860, in set_field
    _LIB.LGBM_DatasetSetField(
OSError: exception: access violation reading 0x0000000000000000


2026-09-02 14:09:55,504:INFO:Initializing Dummy Regressor
2026-09-02 14:09:55,504:INFO:Total runtime is 0.40041575034459426 minutes
2026-09-02 14:09:55,504:INFO:SubProcess create_model() called ==================================
2026-09-02 14:09:55,504:INFO:Initializing create_model()
2026-09-02 14:09:55,505:INFO:create_model(self=<pycaret.regression.oop.RegressionExperiment object at 0x000001B979BEBD10>, estimator=dummy, fold=KFold(n_splits=10, random_state=None, shuffle=False), round=4, cross_validation=True, predict=True, fit_kwargs={}, groups=None, refit=False, probability_threshold=None, experiment_custom_tags=None, verbose=False, system=False, add_to_model_list=True, metrics=None, display=<pycaret.internal.display.display.CommonDisplay object at 0x000001B97BE8B590>, model_only=True, return_train_score=False, error_score=0.0, kwargs={})
2026-09-02 14:09:55,505:INFO:Checking exceptions
2026-09-02 14:09:55,505:INFO:Importing libraries
2026-09-02 14:09:55,505:INFO:Copying training dataset
2026-09-02 14:09:55,513:INFO:Defining folds
2026-09-02 14:09:55,513:INFO:Declaring metric variables
2026-09-02 14:09:55,513:INFO:Importing untrained model
2026-09-02 14:09:55,513:INFO:Dummy Regressor Imported successfully
2026-09-02 14:09:55,515:INFO:Starting cross validation
2026-09-02 14:09:55,518:INFO:Cross validating with KFold(n_splits=10, random_state=None, shuffle=False), n_jobs=-1
2026-09-02 14:09:55,970:INFO:Calculating mean and std
2026-09-02 14:09:55,970:INFO:Creating metrics dataframe
2026-09-02 14:09:55,971:INFO:Uploading results into container
2026-09-02 14:09:55,972:INFO:Uploading model into container now
2026-09-02 14:09:55,972:INFO:_master_model_container: 17
2026-09-02 14:09:55,972:INFO:_display_container: 2
2026-09-02 14:09:55,973:INFO:DummyRegressor()
2026-09-02 14:09:55,973:INFO:create_model() successfully completed......................................
2026-09-02 14:09:56,079:INFO:SubProcess create_model() end ==================================
2026-09-02 14:09:56,079:INFO:Creating metrics dataframe
2026-09-02 14:09:56,086:WARNING:C:\Users\knish\PycharmProjects\AutoML-Smart-Prediction\.venv\Lib\site-packages\pycaret\internal\pycaret_experiment\supervised_experiment.py:339: FutureWarning: Styler.applymap has been deprecated. Use Styler.map instead.
  .applymap(highlight_cols, subset=["TT (Sec)"])

2026-09-02 14:09:56,090:INFO:Initializing create_model()
2026-09-02 14:09:56,090:INFO:create_model(self=<pycaret.regression.oop.RegressionExperiment object at 0x000001B979BEBD10>, estimator=RandomForestRegressor(n_jobs=-1, random_state=42), fold=KFold(n_splits=10, random_state=None, shuffle=False), round=4, cross_validation=False, predict=False, fit_kwargs={}, groups=None, refit=True, probability_threshold=None, experiment_custom_tags=None, verbose=False, system=False, add_to_model_list=True, metrics=None, display=None, model_only=True, return_train_score=False, error_score=0.0, kwargs={})
2026-09-02 14:09:56,090:INFO:Checking exceptions
2026-09-02 14:09:56,091:INFO:Importing libraries
2026-09-02 14:09:56,092:INFO:Copying training dataset
2026-09-02 14:09:56,099:INFO:Defining folds
2026-09-02 14:09:56,099:INFO:Declaring metric variables
2026-09-02 14:09:56,100:INFO:Importing untrained model
2026-09-02 14:09:56,100:INFO:Declaring custom model
2026-09-02 14:09:56,101:INFO:Random Forest Regressor Imported successfully
2026-09-02 14:09:56,104:INFO:Cross validation set to False
2026-09-02 14:09:56,105:INFO:Fitting Model
2026-09-02 14:09:56,433:INFO:RandomForestRegressor(n_jobs=-1, random_state=42)
2026-09-02 14:09:56,433:INFO:create_model() successfully completed......................................
2026-09-02 14:09:56,534:INFO:_master_model_container: 17
2026-09-02 14:09:56,534:INFO:_display_container: 2
2026-09-02 14:09:56,535:INFO:RandomForestRegressor(n_jobs=-1, random_state=42)
2026-09-02 14:09:56,535:INFO:compare_models() successfully completed......................................
2026-09-02 14:09:56,535:INFO:Initializing tune_model()
2026-09-02 14:09:56,536:INFO:tune_model(self=<pycaret.regression.oop.RegressionExperiment object at 0x000001B979BEBD10>, estimator=RandomForestRegressor(n_jobs=-1, random_state=42), fold=None, round=4, n_iter=10, custom_grid=None, optimize=RMSE, custom_scorer=None, search_library=scikit-learn, search_algorithm=None, early_stopping=False, early_stopping_max_iters=10, choose_better=True, fit_kwargs=None, groups=None, return_tuner=False, verbose=True, tuner_verbose=True, return_train_score=False, kwargs={})
2026-09-02 14:09:56,536:INFO:Checking exceptions
2026-09-02 14:09:56,543:INFO:Copying training dataset
2026-09-02 14:09:56,549:INFO:Checking base model
2026-09-02 14:09:56,549:INFO:Base model : Random Forest Regressor
2026-09-02 14:09:56,550:INFO:Declaring metric variables
2026-09-02 14:09:56,550:INFO:Defining Hyperparameters
2026-09-02 14:09:56,635:INFO:Tuning with n_jobs=-1
2026-09-02 14:09:56,635:INFO:Initializing RandomizedSearchCV
2026-09-02 14:10:04,911:INFO:best_params: {'actual_estimator__n_estimators': 280, 'actual_estimator__min_samples_split': 7, 'actual_estimator__min_samples_leaf': 2, 'actual_estimator__min_impurity_decrease': 0.01, 'actual_estimator__max_features': 1.0, 'actual_estimator__max_depth': 5, 'actual_estimator__criterion': 'squared_error', 'actual_estimator__bootstrap': True}
2026-09-02 14:10:04,911:INFO:Hyperparameter search completed
2026-09-02 14:10:04,911:INFO:SubProcess create_model() called ==================================
2026-09-02 14:10:04,913:INFO:Initializing create_model()
2026-09-02 14:10:04,913:INFO:create_model(self=<pycaret.regression.oop.RegressionExperiment object at 0x000001B979BEBD10>, estimator=RandomForestRegressor(n_jobs=-1, random_state=42), fold=KFold(n_splits=10, random_state=None, shuffle=False), round=4, cross_validation=True, predict=True, fit_kwargs={}, groups=None, refit=True, probability_threshold=None, experiment_custom_tags=None, verbose=True, system=False, add_to_model_list=True, metrics=None, display=<pycaret.internal.display.display.CommonDisplay object at 0x000001B97BAA8B50>, model_only=True, return_train_score=False, error_score=0.0, kwargs={'n_estimators': 280, 'min_samples_split': 7, 'min_samples_leaf': 2, 'min_impurity_decrease': 0.01, 'max_features': 1.0, 'max_depth': 5, 'criterion': 'squared_error', 'bootstrap': True})
2026-09-02 14:10:04,913:INFO:Checking exceptions
2026-09-02 14:10:04,913:INFO:Importing libraries
2026-09-02 14:10:04,913:INFO:Copying training dataset
2026-09-02 14:10:04,920:INFO:Defining folds
2026-09-02 14:10:04,920:INFO:Declaring metric variables
2026-09-02 14:10:04,920:INFO:Importing untrained model
2026-09-02 14:10:04,920:INFO:Declaring custom model
2026-09-02 14:10:04,921:INFO:Random Forest Regressor Imported successfully
2026-09-02 14:10:04,922:INFO:Starting cross validation
2026-09-02 14:10:04,924:INFO:Cross validating with KFold(n_splits=10, random_state=None, shuffle=False), n_jobs=-1
2026-09-02 14:10:06,459:INFO:Calculating mean and std
2026-09-02 14:10:06,460:INFO:Creating metrics dataframe
2026-09-02 14:10:06,462:INFO:Finalizing model
2026-09-02 14:10:06,976:INFO:Uploading results into container
2026-09-02 14:10:06,976:INFO:Uploading model into container now
2026-09-02 14:10:06,977:INFO:_master_model_container: 18
2026-09-02 14:10:06,977:INFO:_display_container: 3
2026-09-02 14:10:06,978:INFO:RandomForestRegressor(max_depth=5, min_impurity_decrease=0.01,
                      min_samples_leaf=2, min_samples_split=7, n_estimators=280,
                      n_jobs=-1, random_state=42)
2026-09-02 14:10:06,978:INFO:create_model() successfully completed......................................
2026-09-02 14:10:07,068:INFO:SubProcess create_model() end ==================================
2026-09-02 14:10:07,068:INFO:choose_better activated
2026-09-02 14:10:07,069:INFO:SubProcess create_model() called ==================================
2026-09-02 14:10:07,069:INFO:Initializing create_model()
2026-09-02 14:10:07,069:INFO:create_model(self=<pycaret.regression.oop.RegressionExperiment object at 0x000001B979BEBD10>, estimator=RandomForestRegressor(n_jobs=-1, random_state=42), fold=KFold(n_splits=10, random_state=None, shuffle=False), round=4, cross_validation=True, predict=True, fit_kwargs={}, groups=None, refit=True, probability_threshold=None, experiment_custom_tags=None, verbose=False, system=False, add_to_model_list=True, metrics=None, display=None, model_only=True, return_train_score=False, error_score=0.0, kwargs={})
2026-09-02 14:10:07,069:INFO:Checking exceptions
2026-09-02 14:10:07,071:INFO:Importing libraries
2026-09-02 14:10:07,072:INFO:Copying training dataset
2026-09-02 14:10:07,079:INFO:Defining folds
2026-09-02 14:10:07,079:INFO:Declaring metric variables
2026-09-02 14:10:07,079:INFO:Importing untrained model
2026-09-02 14:10:07,079:INFO:Declaring custom model
2026-09-02 14:10:07,080:INFO:Random Forest Regressor Imported successfully
2026-09-02 14:10:07,081:INFO:Starting cross validation
2026-09-02 14:10:07,084:INFO:Cross validating with KFold(n_splits=10, random_state=None, shuffle=False), n_jobs=-1
2026-09-02 14:10:08,067:INFO:Calculating mean and std
2026-09-02 14:10:08,068:INFO:Creating metrics dataframe
2026-09-02 14:10:08,070:INFO:Finalizing model
2026-09-02 14:10:08,376:INFO:Uploading results into container
2026-09-02 14:10:08,377:INFO:Uploading model into container now
2026-09-02 14:10:08,378:INFO:_master_model_container: 19
2026-09-02 14:10:08,378:INFO:_display_container: 4
2026-09-02 14:10:08,378:INFO:RandomForestRegressor(n_jobs=-1, random_state=42)
2026-09-02 14:10:08,378:INFO:create_model() successfully completed......................................
2026-09-02 14:10:08,461:INFO:SubProcess create_model() end ==================================
2026-09-02 14:10:08,462:INFO:RandomForestRegressor(n_jobs=-1, random_state=42) result for RMSE is 4.0039
2026-09-02 14:10:08,463:INFO:RandomForestRegressor(max_depth=5, min_impurity_decrease=0.01,
                      min_samples_leaf=2, min_samples_split=7, n_estimators=280,
                      n_jobs=-1, random_state=42) result for RMSE is 3.9695
2026-09-02 14:10:08,463:INFO:RandomForestRegressor(max_depth=5, min_impurity_decrease=0.01,
                      min_samples_leaf=2, min_samples_split=7, n_estimators=280,
                      n_jobs=-1, random_state=42) is best model
2026-09-02 14:10:08,463:INFO:choose_better completed
2026-09-02 14:10:08,472:INFO:_master_model_container: 19
2026-09-02 14:10:08,472:INFO:_display_container: 3
2026-09-02 14:10:08,473:INFO:RandomForestRegressor(max_depth=5, min_impurity_decrease=0.01,
                      min_samples_leaf=2, min_samples_split=7, n_estimators=280,
                      n_jobs=-1, random_state=42)
2026-09-02 14:10:08,473:INFO:tune_model() successfully completed......................................
2026-09-02 14:10:08,565:INFO:Initializing predict_model()
2026-09-02 14:10:08,565:INFO:predict_model(self=<pycaret.regression.oop.RegressionExperiment object at 0x000001B979BEBD10>, estimator=RandomForestRegressor(max_depth=5, min_impurity_decrease=0.01,
                      min_samples_leaf=2, min_samples_split=7, n_estimators=280,
                      n_jobs=-1, random_state=42), probability_threshold=None, encoded_labels=False, raw_score=False, round=4, verbose=True, ml_usecase=None, preprocess=True, encode_labels=<function _SupervisedExperiment.predict_model.<locals>.encode_labels at 0x000001B97B9F0F40>)
2026-09-02 14:10:08,565:INFO:Checking exceptions
2026-09-02 14:10:08,565:INFO:Preloading libraries
2026-09-02 14:10:08,566:INFO:Set up data.
2026-09-02 14:10:08,584:INFO:Set up index.
2026-09-02 14:10:09,115:WARNING:C:\Users\knish\PycharmProjects\AutoML-Smart-Prediction\.venv\Lib\site-packages\sklearn\metrics\_regression.py:483: FutureWarning: 'squared' is deprecated in version 1.4 and will be removed in 1.6. To calculate the root mean squared error, use the function'root_mean_squared_error'.
  warnings.warn(

2026-09-02 14:10:09,227:INFO:Initializing finalize_model()
2026-09-02 14:10:09,227:INFO:finalize_model(self=<pycaret.regression.oop.RegressionExperiment object at 0x000001B979BEBD10>, estimator=RandomForestRegressor(max_depth=5, min_impurity_decrease=0.01,
                      min_samples_leaf=2, min_samples_split=7, n_estimators=280,
                      n_jobs=-1, random_state=42), fit_kwargs=None, groups=None, model_only=False, experiment_custom_tags=None)
2026-09-02 14:10:09,228:INFO:Finalizing RandomForestRegressor(max_depth=5, min_impurity_decrease=0.01,
                      min_samples_leaf=2, min_samples_split=7, n_estimators=280,
                      n_jobs=-1, random_state=42)
2026-09-02 14:10:09,233:INFO:Initializing create_model()
2026-09-02 14:10:09,233:INFO:create_model(self=<pycaret.regression.oop.RegressionExperiment object at 0x000001B979BEBD10>, estimator=RandomForestRegressor(max_depth=5, min_impurity_decrease=0.01,
                      min_samples_leaf=2, min_samples_split=7, n_estimators=280,
                      n_jobs=-1, random_state=42), fold=None, round=4, cross_validation=False, predict=False, fit_kwargs={}, groups=None, refit=True, probability_threshold=None, experiment_custom_tags=None, verbose=False, system=False, add_to_model_list=False, metrics=None, display=None, model_only=False, return_train_score=False, error_score=0.0, kwargs={})
2026-09-02 14:10:09,233:INFO:Checking exceptions
2026-09-02 14:10:09,236:INFO:Importing libraries
2026-09-02 14:10:09,236:INFO:Copying training dataset
2026-09-02 14:10:09,237:INFO:Defining folds
2026-09-02 14:10:09,237:INFO:Declaring metric variables
2026-09-02 14:10:09,238:INFO:Importing untrained model
2026-09-02 14:10:09,238:INFO:Declaring custom model
2026-09-02 14:10:09,238:INFO:Random Forest Regressor Imported successfully
2026-09-02 14:10:09,241:INFO:Cross validation set to False
2026-09-02 14:10:09,241:INFO:Fitting Model
2026-09-02 14:10:10,052:INFO:Pipeline(memory=Memory(location=None),
         steps=[('numerical_imputer',
                 TransformerWrapper(include=['age', 'Medu', 'Fedu',
                                             'traveltime', 'studytime',
                                             'failures', 'famrel', 'freetime',
                                             'goout', 'health', 'absences'],
                                    transformer=SimpleImputer())),
                ('categorical_imputer',
                 TransformerWrapper(include=['school', 'sex', 'address',
                                             'famsize', 'Pstatus', 'Mjob',
                                             'Fjob', 'reason', 'g...
                                             'guardian'],
                                    transformer=OneHotEncoder(cols=['Mjob',
                                                                    'Fjob',
                                                                    'reason',
                                                                    'guardian'],
                                                              handle_missing='return_nan',
                                                              use_cat_names=True))),
                ('normalize', TransformerWrapper(transformer=StandardScaler())),
                ('actual_estimator',
                 RandomForestRegressor(max_depth=5, min_impurity_decrease=0.01,
                                       min_samples_leaf=2, min_samples_split=7,
                                       n_estimators=280, n_jobs=-1,
                                       random_state=42))])
2026-09-02 14:10:10,054:INFO:create_model() successfully completed......................................
2026-09-02 14:10:10,142:INFO:_master_model_container: 19
2026-09-02 14:10:10,142:INFO:_display_container: 4
2026-09-02 14:10:10,306:INFO:Pipeline(memory=Memory(location=None),
         steps=[('numerical_imputer',
                 TransformerWrapper(include=['age', 'Medu', 'Fedu',
                                             'traveltime', 'studytime',
                                             'failures', 'famrel', 'freetime',
                                             'goout', 'health', 'absences'],
                                    transformer=SimpleImputer())),
                ('categorical_imputer',
                 TransformerWrapper(include=['school', 'sex', 'address',
                                             'famsize', 'Pstatus', 'Mjob',
                                             'Fjob', 'reason', 'g...
                                             'guardian'],
                                    transformer=OneHotEncoder(cols=['Mjob',
                                                                    'Fjob',
                                                                    'reason',
                                                                    'guardian'],
                                                              handle_missing='return_nan',
                                                              use_cat_names=True))),
                ('normalize', TransformerWrapper(transformer=StandardScaler())),
                ('actual_estimator',
                 RandomForestRegressor(max_depth=5, min_impurity_decrease=0.01,
                                       min_samples_leaf=2, min_samples_split=7,
                                       n_estimators=280, n_jobs=-1,
                                       random_state=42))])
2026-09-02 14:10:10,306:INFO:finalize_model() successfully completed......................................
2026-09-02 14:10:10,739:INFO:Initializing save_model()
2026-09-02 14:10:10,739:INFO:save_model(model=Pipeline(memory=Memory(location=None),
         steps=[('numerical_imputer',
                 TransformerWrapper(include=['age', 'Medu', 'Fedu',
                                             'traveltime', 'studytime',
                                             'failures', 'famrel', 'freetime',
                                             'goout', 'health', 'absences'],
                                    transformer=SimpleImputer())),
                ('categorical_imputer',
                 TransformerWrapper(include=['school', 'sex', 'address',
                                             'famsize', 'Pstatus', 'Mjob',
                                             'Fjob', 'reason', 'g...
                                             'guardian'],
                                    transformer=OneHotEncoder(cols=['Mjob',
                                                                    'Fjob',
                                                                    'reason',
                                                                    'guardian'],
                                                              handle_missing='return_nan',
                                                              use_cat_names=True))),
                ('normalize', TransformerWrapper(transformer=StandardScaler())),
                ('actual_estimator',
                 RandomForestRegressor(max_depth=5, min_impurity_decrease=0.01,
                                       min_samples_leaf=2, min_samples_split=7,
                                       n_estimators=280, n_jobs=-1,
                                       random_state=42))]), model_name=C:\Users\knish\PycharmProjects\AutoML-Smart-Prediction\models\best_model, prep_pipe_=Pipeline(memory=FastMemory(location=C:\Users\knish\AppData\Local\Temp\joblib),
         steps=[('numerical_imputer',
                 TransformerWrapper(include=['age', 'Medu', 'Fedu',
                                             'traveltime', 'studytime',
                                             'failures', 'famrel', 'freetime',
                                             'goout', 'health', 'absences'],
                                    transformer=SimpleImputer())),
                ('categorical_imputer',
                 TransformerWrapper(include=['school', 'sex', 'address',
                                             'fams...
dtype: int64},
                                                                        {'col': 'internet',
                                                                         'data_type': dtype('O'),
                                                                         'mapping': no     0
yes    1
NaN   -1
dtype: int64}]))),
                ('onehot_encoding',
                 TransformerWrapper(include=['Mjob', 'Fjob', 'reason',
                                             'guardian'],
                                    transformer=OneHotEncoder(cols=['Mjob',
                                                                    'Fjob',
                                                                    'reason',
                                                                    'guardian'],
                                                              handle_missing='return_nan',
                                                              use_cat_names=True))),
                ('normalize',
                 TransformerWrapper(transformer=StandardScaler()))]), verbose=True, use_case=MLUsecase.REGRESSION, kwargs={})
2026-09-02 14:10:10,739:INFO:Adding model into prep_pipe
2026-09-02 14:10:10,740:WARNING:Only Model saved as it was a pipeline.
2026-09-02 14:10:10,838:INFO:C:\Users\knish\PycharmProjects\AutoML-Smart-Prediction\models\best_model.pkl saved in current working directory
2026-09-02 14:10:11,039:INFO:Pipeline(memory=Memory(location=None),
         steps=[('numerical_imputer',
                 TransformerWrapper(include=['age', 'Medu', 'Fedu',
                                             'traveltime', 'studytime',
                                             'failures', 'famrel', 'freetime',
                                             'goout', 'health', 'absences'],
                                    transformer=SimpleImputer())),
                ('categorical_imputer',
                 TransformerWrapper(include=['school', 'sex', 'address',
                                             'famsize', 'Pstatus', 'Mjob',
                                             'Fjob', 'reason', 'g...
                                             'guardian'],
                                    transformer=OneHotEncoder(cols=['Mjob',
                                                                    'Fjob',
                                                                    'reason',
                                                                    'guardian'],
                                                              handle_missing='return_nan',
                                                              use_cat_names=True))),
                ('normalize', TransformerWrapper(transformer=StandardScaler())),
                ('actual_estimator',
                 RandomForestRegressor(max_depth=5, min_impurity_decrease=0.01,
                                       min_samples_leaf=2, min_samples_split=7,
                                       n_estimators=280, n_jobs=-1,
                                       random_state=42))])
2026-09-02 14:10:11,039:INFO:save_model() successfully completed......................................
2026-09-02 14:11:33,315:WARNING:
'cuml' is a soft dependency and not included in the pycaret installation. Please run: `pip install cuml` to install.
2026-09-02 14:11:33,315:WARNING:
'cuml' is a soft dependency and not included in the pycaret installation. Please run: `pip install cuml` to install.
2026-09-02 14:11:33,316:WARNING:
'cuml' is a soft dependency and not included in the pycaret installation. Please run: `pip install cuml` to install.
2026-09-02 14:11:33,316:WARNING:
'cuml' is a soft dependency and not included in the pycaret installation. Please run: `pip install cuml` to install.
2026-09-02 14:11:33,574:INFO:Initializing load_model()
2026-09-02 14:11:33,574:INFO:load_model(model_name=C:\Users\knish\PycharmProjects\AutoML-Smart-Prediction\models\best_model, platform=None, authentication=None, verbose=True)
2026-09-02 14:11:33,652:WARNING:C:\Users\knish\PycharmProjects\AutoML-Smart-Prediction\.venv\Lib\site-packages\_distutils_hack\__init__.py:30: UserWarning: Setuptools is replacing distutils. Support for replacing an already imported distutils is deprecated. In the future, this condition will fail. Register concerns at https://github.com/pypa/setuptools/issues/new?template=distutils-deprecation.yml
  warnings.warn(

2026-09-02 14:11:33,835:INFO:Initializing predict_model()
2026-09-02 14:11:33,835:INFO:predict_model(self=<pycaret.regression.oop.RegressionExperiment object at 0x000001555A9E5050>, estimator=Pipeline(memory=Memory(location=None),
         steps=[('numerical_imputer',
                 TransformerWrapper(include=['age', 'Medu', 'Fedu',
                                             'traveltime', 'studytime',
                                             'failures', 'famrel', 'freetime',
                                             'goout', 'health', 'absences'],
                                    transformer=SimpleImputer())),
                ('categorical_imputer',
                 TransformerWrapper(include=['school', 'sex', 'address',
                                             'famsize', 'Pstatus', 'Mjob',
                                             'Fjob', 'reason', 'g...
                                             'guardian'],
                                    transformer=OneHotEncoder(cols=['Mjob',
                                                                    'Fjob',
                                                                    'reason',
                                                                    'guardian'],
                                                              handle_missing='return_nan',
                                                              use_cat_names=True))),
                ('normalize', TransformerWrapper(transformer=StandardScaler())),
                ('actual_estimator',
                 RandomForestRegressor(max_depth=5, min_impurity_decrease=0.01,
                                       min_samples_leaf=2, min_samples_split=7,
                                       n_estimators=280, n_jobs=-1,
                                       random_state=42))]), probability_threshold=None, encoded_labels=False, raw_score=False, round=4, verbose=True, ml_usecase=None, preprocess=True, encode_labels=<function _SupervisedExperiment.predict_model.<locals>.encode_labels at 0x000001557EFA1440>)
2026-09-02 14:11:33,835:INFO:Checking exceptions
2026-09-02 14:11:33,835:INFO:Preloading libraries
2026-09-02 14:11:33,835:INFO:Set up data.
2026-09-02 14:11:33,844:INFO:Set up index.
2026-09-03 09:53:49,844:WARNING:
'cuml' is a soft dependency and not included in the pycaret installation. Please run: `pip install cuml` to install.
2026-09-03 09:53:49,845:WARNING:
'cuml' is a soft dependency and not included in the pycaret installation. Please run: `pip install cuml` to install.
2026-09-03 09:53:49,845:WARNING:
'cuml' is a soft dependency and not included in the pycaret installation. Please run: `pip install cuml` to install.
2026-09-03 09:53:49,845:WARNING:
'cuml' is a soft dependency and not included in the pycaret installation. Please run: `pip install cuml` to install.
2026-09-03 09:53:50,422:INFO:PyCaret RegressionExperiment
2026-09-03 09:53:50,422:INFO:Logging name: reg-default-name
2026-09-03 09:53:50,422:INFO:ML Usecase: MLUsecase.REGRESSION
2026-09-03 09:53:50,424:INFO:version 3.3.2
2026-09-03 09:53:50,424:INFO:Initializing setup()
2026-09-03 09:53:50,424:INFO:self.USI: 0d6b
2026-09-03 09:53:50,424:INFO:self._variable_keys: {'idx', 'X', 'target_param', 'X_train', 'pipeline', 'n_jobs_param', 'memory', 'log_plots_param', 'data', 'y', '_ml_usecase', 'y_test', 'html_param', 'transform_target_param', '_available_plots', 'logging_param', 'gpu_n_jobs_param', 'seed', 'gpu_param', 'fold_shuffle_param', 'exp_id', 'USI', 'fold_generator', 'y_train', 'X_test', 'exp_name_log', 'fold_groups_param'}
2026-09-03 09:53:50,424:INFO:Checking environment
2026-09-03 09:53:50,424:INFO:python_version: 3.11.0
2026-09-03 09:53:50,424:INFO:python_build: ('main', 'Oct 24 2022 18:26:48')
2026-09-03 09:53:50,424:INFO:machine: AMD64
2026-09-03 09:53:50,473:INFO:platform: Windows-10-10.0.26200-SP0
2026-09-03 09:53:50,474:INFO:Memory: svmem(total=12581920768, available=1117011968, percent=91.1, used=11464908800, free=1117011968)
2026-09-03 09:53:50,474:INFO:Physical Core: 10
2026-09-03 09:53:50,474:INFO:Logical Core: 12
2026-09-03 09:53:50,474:INFO:Checking libraries
2026-09-03 09:53:50,474:INFO:System:
2026-09-03 09:53:50,474:INFO:    python: 3.11.0 (main, Oct 24 2022, 18:26:48) [MSC v.1933 64 bit (AMD64)]
2026-09-03 09:53:50,474:INFO:executable: C:\Users\knish\PycharmProjects\AutoML-Smart-Prediction\.venv\Scripts\python.exe
2026-09-03 09:53:50,474:INFO:   machine: Windows-10-10.0.26200-SP0
2026-09-03 09:53:50,474:INFO:PyCaret required dependencies:
2026-09-03 09:53:50,477:WARNING:C:\Users\knish\PycharmProjects\AutoML-Smart-Prediction\.venv\Lib\site-packages\_distutils_hack\__init__.py:30: UserWarning: Setuptools is replacing distutils. Support for replacing an already imported distutils is deprecated. In the future, this condition will fail. Register concerns at https://github.com/pypa/setuptools/issues/new?template=distutils-deprecation.yml
  warnings.warn(

2026-09-03 09:53:50,589:INFO:                 pip: 26.0.1
2026-09-03 09:53:50,589:INFO:          setuptools: 82.0.0
2026-09-03 09:53:50,589:INFO:             pycaret: 3.3.2
2026-09-03 09:53:50,589:INFO:             IPython: 9.16.1
2026-09-03 09:53:50,589:INFO:          ipywidgets: 8.1.8
2026-09-03 09:53:50,589:INFO:                tqdm: 4.70.0
2026-09-03 09:53:50,589:INFO:               numpy: 1.26.4
2026-09-03 09:53:50,589:INFO:              pandas: 2.1.4
2026-09-03 09:53:50,589:INFO:              jinja2: 3.1.6
2026-09-03 09:53:50,589:INFO:               scipy: 1.11.4
2026-09-03 09:53:50,589:INFO:              joblib: 1.3.2
2026-09-03 09:53:50,589:INFO:             sklearn: 1.4.2
2026-09-03 09:53:50,590:INFO:                pyod: 3.4.0
2026-09-03 09:53:50,590:INFO:            imblearn: 0.14.2
2026-09-03 09:53:50,590:INFO:   category_encoders: 2.7.0
2026-09-03 09:53:50,590:INFO:            lightgbm: 4.7.0
2026-09-03 09:53:50,590:INFO:               numba: 0.67.0
2026-09-03 09:53:50,590:INFO:            requests: 2.34.2
2026-09-03 09:53:50,590:INFO:          matplotlib: 3.7.5
2026-09-03 09:53:50,590:INFO:          scikitplot: 0.3.7
2026-09-03 09:53:50,590:INFO:         yellowbrick: 1.5
2026-09-03 09:53:50,590:INFO:              plotly: 6.9.0
2026-09-03 09:53:50,590:INFO:    plotly-resampler: Not installed
2026-09-03 09:53:50,590:INFO:             kaleido: 1.3.0
2026-09-03 09:53:50,590:INFO:           schemdraw: 0.15
2026-09-03 09:53:50,590:INFO:         statsmodels: 0.14.6
2026-09-03 09:53:50,590:INFO:              sktime: 0.26.0
2026-09-03 09:53:50,590:INFO:               tbats: 1.1.3
2026-09-03 09:53:50,591:INFO:            pmdarima: 2.0.4
2026-09-03 09:53:50,591:INFO:              psutil: 7.2.2
2026-09-03 09:53:50,591:INFO:          markupsafe: 3.0.3
2026-09-03 09:53:50,591:INFO:             pickle5: Not installed
2026-09-03 09:53:50,591:INFO:         cloudpickle: 3.1.2
2026-09-03 09:53:50,591:INFO:         deprecation: 2.1.0
2026-09-03 09:53:50,591:INFO:              xxhash: 4.0.0
2026-09-03 09:53:50,591:INFO:           wurlitzer: Not installed
2026-09-03 09:53:50,591:INFO:PyCaret optional dependencies:
2026-09-03 09:53:51,951:INFO:                shap: Not installed
2026-09-03 09:53:51,951:INFO:           interpret: Not installed
2026-09-03 09:53:51,952:INFO:                umap: Not installed
2026-09-03 09:53:51,952:INFO:     ydata_profiling: Not installed
2026-09-03 09:53:51,952:INFO:  explainerdashboard: Not installed
2026-09-03 09:53:51,952:INFO:             autoviz: Not installed
2026-09-03 09:53:51,952:INFO:           fairlearn: Not installed
2026-09-03 09:53:51,952:INFO:          deepchecks: Not installed
2026-09-03 09:53:51,952:INFO:             xgboost: Not installed
2026-09-03 09:53:51,952:INFO:            catboost: Not installed
2026-09-03 09:53:51,952:INFO:              kmodes: Not installed
2026-09-03 09:53:51,952:INFO:             mlxtend: Not installed
2026-09-03 09:53:51,952:INFO:       statsforecast: Not installed
2026-09-03 09:53:51,952:INFO:        tune_sklearn: Not installed
2026-09-03 09:53:51,952:INFO:                 ray: Not installed
2026-09-03 09:53:51,952:INFO:            hyperopt: Not installed
2026-09-03 09:53:51,952:INFO:              optuna: Not installed
2026-09-03 09:53:51,952:INFO:               skopt: Not installed
2026-09-03 09:53:51,952:INFO:              mlflow: Not installed
2026-09-03 09:53:51,952:INFO:              gradio: Not installed
2026-09-03 09:53:51,952:INFO:             fastapi: 0.141.1
2026-09-03 09:53:51,952:INFO:             uvicorn: 0.52.3
2026-09-03 09:53:51,952:INFO:              m2cgen: Not installed
2026-09-03 09:53:51,952:INFO:           evidently: Not installed
2026-09-03 09:53:51,952:INFO:               fugue: Not installed
2026-09-03 09:53:51,952:INFO:           streamlit: 1.61.1
2026-09-03 09:53:51,952:INFO:             prophet: Not installed
2026-09-03 09:53:51,952:INFO:None
2026-09-03 09:53:51,952:INFO:Set up data.
2026-09-03 09:53:51,964:INFO:Set up folding strategy.
2026-09-03 09:53:51,965:INFO:Set up train/test split.
2026-09-03 09:53:52,003:INFO:Set up index.
2026-09-03 09:53:52,003:INFO:Assigning column types.
2026-09-03 09:53:52,011:INFO:Engine successfully changes for model 'lr' to 'sklearn'.
2026-09-03 09:53:52,011:INFO:Engine for model 'lasso' has not been set explicitly, hence returning None.
2026-09-03 09:53:52,018:INFO:Engine for model 'ridge' has not been set explicitly, hence returning None.
2026-09-03 09:53:52,022:INFO:Engine for model 'en' has not been set explicitly, hence returning None.
2026-09-03 09:53:52,106:INFO:Engine for model 'svm' has not been set explicitly, hence returning None.
2026-09-03 09:53:52,155:INFO:Engine for model 'knn' has not been set explicitly, hence returning None.
2026-09-03 09:53:52,156:WARNING:
'xgboost' is a soft dependency and not included in the pycaret installation. Please run: `pip install xgboost` to install.
Alternately, you can install this by running `pip install pycaret[models]`
2026-09-03 09:53:52,156:WARNING:
'catboost' is a soft dependency and not included in the pycaret installation. Please run: `pip install catboost` to install.
Alternately, you can install this by running `pip install pycaret[models]`
2026-09-03 09:53:52,156:INFO:Engine for model 'lasso' has not been set explicitly, hence returning None.
2026-09-03 09:53:52,161:INFO:Engine for model 'ridge' has not been set explicitly, hence returning None.
2026-09-03 09:53:52,166:INFO:Engine for model 'en' has not been set explicitly, hence returning None.
2026-09-03 09:53:52,247:INFO:Engine for model 'svm' has not been set explicitly, hence returning None.
2026-09-03 09:53:52,311:INFO:Engine for model 'knn' has not been set explicitly, hence returning None.
2026-09-03 09:53:52,312:WARNING:
'xgboost' is a soft dependency and not included in the pycaret installation. Please run: `pip install xgboost` to install.
Alternately, you can install this by running `pip install pycaret[models]`
2026-09-03 09:53:52,312:WARNING:
'catboost' is a soft dependency and not included in the pycaret installation. Please run: `pip install catboost` to install.
Alternately, you can install this by running `pip install pycaret[models]`
2026-09-03 09:53:52,313:INFO:Engine successfully changes for model 'lasso' to 'sklearn'.
2026-09-03 09:53:52,317:INFO:Engine for model 'ridge' has not been set explicitly, hence returning None.
2026-09-03 09:53:52,322:INFO:Engine for model 'en' has not been set explicitly, hence returning None.
2026-09-03 09:53:52,400:INFO:Engine for model 'svm' has not been set explicitly, hence returning None.
2026-09-03 09:53:52,447:INFO:Engine for model 'knn' has not been set explicitly, hence returning None.
2026-09-03 09:53:52,448:WARNING:
'xgboost' is a soft dependency and not included in the pycaret installation. Please run: `pip install xgboost` to install.
Alternately, you can install this by running `pip install pycaret[models]`
2026-09-03 09:53:52,448:WARNING:
'catboost' is a soft dependency and not included in the pycaret installation. Please run: `pip install catboost` to install.
Alternately, you can install this by running `pip install pycaret[models]`
2026-09-03 09:53:52,453:INFO:Engine for model 'ridge' has not been set explicitly, hence returning None.
2026-09-03 09:53:52,458:INFO:Engine for model 'en' has not been set explicitly, hence returning None.
2026-09-03 09:53:52,533:INFO:Engine for model 'svm' has not been set explicitly, hence returning None.
2026-09-03 09:53:52,582:INFO:Engine for model 'knn' has not been set explicitly, hence returning None.
2026-09-03 09:53:52,583:WARNING:
'xgboost' is a soft dependency and not included in the pycaret installation. Please run: `pip install xgboost` to install.
Alternately, you can install this by running `pip install pycaret[models]`
2026-09-03 09:53:52,584:WARNING:
'catboost' is a soft dependency and not included in the pycaret installation. Please run: `pip install catboost` to install.
Alternately, you can install this by running `pip install pycaret[models]`
2026-09-03 09:53:52,584:INFO:Engine successfully changes for model 'ridge' to 'sklearn'.
2026-09-03 09:53:52,601:INFO:Engine for model 'en' has not been set explicitly, hence returning None.
2026-09-03 09:53:52,671:INFO:Engine for model 'svm' has not been set explicitly, hence returning None.
2026-09-03 09:53:52,733:INFO:Engine for model 'knn' has not been set explicitly, hence returning None.
2026-09-03 09:53:52,733:WARNING:
'xgboost' is a soft dependency and not included in the pycaret installation. Please run: `pip install xgboost` to install.
Alternately, you can install this by running `pip install pycaret[models]`
2026-09-03 09:53:52,734:WARNING:
'catboost' is a soft dependency and not included in the pycaret installation. Please run: `pip install catboost` to install.
Alternately, you can install this by running `pip install pycaret[models]`
2026-09-03 09:53:52,744:INFO:Engine for model 'en' has not been set explicitly, hence returning None.
2026-09-03 09:53:52,827:INFO:Engine for model 'svm' has not been set explicitly, hence returning None.
2026-09-03 09:53:52,877:INFO:Engine for model 'knn' has not been set explicitly, hence returning None.
2026-09-03 09:53:52,877:WARNING:
'xgboost' is a soft dependency and not included in the pycaret installation. Please run: `pip install xgboost` to install.
Alternately, you can install this by running `pip install pycaret[models]`
2026-09-03 09:53:52,878:WARNING:
'catboost' is a soft dependency and not included in the pycaret installation. Please run: `pip install catboost` to install.
Alternately, you can install this by running `pip install pycaret[models]`
2026-09-03 09:53:52,878:INFO:Engine successfully changes for model 'en' to 'sklearn'.
2026-09-03 09:53:52,955:INFO:Engine for model 'svm' has not been set explicitly, hence returning None.
2026-09-03 09:53:53,012:INFO:Engine for model 'knn' has not been set explicitly, hence returning None.
2026-09-03 09:53:53,013:WARNING:
'xgboost' is a soft dependency and not included in the pycaret installation. Please run: `pip install xgboost` to install.
Alternately, you can install this by running `pip install pycaret[models]`
2026-09-03 09:53:53,013:WARNING:
'catboost' is a soft dependency and not included in the pycaret installation. Please run: `pip install catboost` to install.
Alternately, you can install this by running `pip install pycaret[models]`
2026-09-03 09:53:53,093:INFO:Engine for model 'svm' has not been set explicitly, hence returning None.
2026-09-03 09:53:53,161:INFO:Engine for model 'knn' has not been set explicitly, hence returning None.
2026-09-03 09:53:53,162:WARNING:
'xgboost' is a soft dependency and not included in the pycaret installation. Please run: `pip install xgboost` to install.
Alternately, you can install this by running `pip install pycaret[models]`
2026-09-03 09:53:53,163:WARNING:
'catboost' is a soft dependency and not included in the pycaret installation. Please run: `pip install catboost` to install.
Alternately, you can install this by running `pip install pycaret[models]`
2026-09-03 09:53:53,163:INFO:Engine successfully changes for model 'knn' to 'sklearn'.
2026-09-03 09:53:53,246:INFO:Engine for model 'svm' has not been set explicitly, hence returning None.
2026-09-03 09:53:53,295:WARNING:
'xgboost' is a soft dependency and not included in the pycaret installation. Please run: `pip install xgboost` to install.
Alternately, you can install this by running `pip install pycaret[models]`
2026-09-03 09:53:53,295:WARNING:
'catboost' is a soft dependency and not included in the pycaret installation. Please run: `pip install catboost` to install.
Alternately, you can install this by running `pip install pycaret[models]`
2026-09-03 09:53:53,378:INFO:Engine for model 'svm' has not been set explicitly, hence returning None.
2026-09-03 09:53:53,441:WARNING:
'xgboost' is a soft dependency and not included in the pycaret installation. Please run: `pip install xgboost` to install.
Alternately, you can install this by running `pip install pycaret[models]`
2026-09-03 09:53:53,441:WARNING:
'catboost' is a soft dependency and not included in the pycaret installation. Please run: `pip install catboost` to install.
Alternately, you can install this by running `pip install pycaret[models]`
2026-09-03 09:53:53,442:INFO:Engine successfully changes for model 'svm' to 'sklearn'.
2026-09-03 09:53:53,578:WARNING:
'xgboost' is a soft dependency and not included in the pycaret installation. Please run: `pip install xgboost` to install.
Alternately, you can install this by running `pip install pycaret[models]`
2026-09-03 09:53:53,578:WARNING:
'catboost' is a soft dependency and not included in the pycaret installation. Please run: `pip install catboost` to install.
Alternately, you can install this by running `pip install pycaret[models]`
2026-09-03 09:53:53,736:WARNING:
'xgboost' is a soft dependency and not included in the pycaret installation. Please run: `pip install xgboost` to install.
Alternately, you can install this by running `pip install pycaret[models]`
2026-09-03 09:53:53,736:WARNING:
'catboost' is a soft dependency and not included in the pycaret installation. Please run: `pip install catboost` to install.
Alternately, you can install this by running `pip install pycaret[models]`
2026-09-03 09:53:53,751:INFO:Preparing preprocessing pipeline...
2026-09-03 09:53:53,752:INFO:Set up simple imputation.
2026-09-03 09:53:53,762:INFO:Set up encoding of ordinal features.
2026-09-03 09:53:53,779:INFO:Set up encoding of categorical features.
2026-09-03 09:53:53,779:INFO:Set up feature normalization.
2026-09-03 09:53:54,053:INFO:Finished creating preprocessing pipeline.
2026-09-03 09:53:54,187:INFO:Pipeline: Pipeline(memory=FastMemory(location=C:\Users\knish\AppData\Local\Temp\joblib),
         steps=[('numerical_imputer',
                 TransformerWrapper(include=['age', 'Medu', 'Fedu',
                                             'traveltime', 'studytime',
                                             'failures', 'famrel', 'freetime',
                                             'goout', 'health', 'absences'],
                                    transformer=SimpleImputer())),
                ('categorical_imputer',
                 TransformerWrapper(include=['school', 'sex', 'address',
                                             'fams...
dtype: int64},
                                                                        {'col': 'internet',
                                                                         'data_type': dtype('O'),
                                                                         'mapping': no     0
yes    1
NaN   -1
dtype: int64}]))),
                ('onehot_encoding',
                 TransformerWrapper(include=['Mjob', 'Fjob', 'reason',
                                             'guardian'],
                                    transformer=OneHotEncoder(cols=['Mjob',
                                                                    'Fjob',
                                                                    'reason',
                                                                    'guardian'],
                                                              handle_missing='return_nan',
                                                              use_cat_names=True))),
                ('normalize',
                 TransformerWrapper(transformer=StandardScaler()))])
2026-09-03 09:53:54,188:INFO:Creating final display dataframe.
2026-09-03 09:53:54,374:INFO:Setup _display_container:                     Description             Value
0                    Session id                42
1                        Target                G3
2                   Target type        Regression
3           Original data shape         (316, 28)
4        Transformed data shape         (316, 41)
5   Transformed train set shape         (221, 41)
6    Transformed test set shape          (95, 41)
7              Numeric features                11
8          Categorical features                16
9                    Preprocess              True
10              Imputation type            simple
11           Numeric imputation              mean
12       Categorical imputation              mode
13     Maximum one-hot encoding                25
14              Encoding method              None
15                    Normalize              True
16             Normalize method            zscore
17               Fold Generator             KFold
18                  Fold Number                10
19                     CPU Jobs                -1
20                      Use GPU             False
21               Log Experiment             False
22              Experiment Name  reg-default-name
23                          USI              0d6b
2026-09-03 09:53:54,535:WARNING:
'xgboost' is a soft dependency and not included in the pycaret installation. Please run: `pip install xgboost` to install.
Alternately, you can install this by running `pip install pycaret[models]`
2026-09-03 09:53:54,535:WARNING:
'catboost' is a soft dependency and not included in the pycaret installation. Please run: `pip install catboost` to install.
Alternately, you can install this by running `pip install pycaret[models]`
2026-09-03 09:53:54,715:WARNING:
'xgboost' is a soft dependency and not included in the pycaret installation. Please run: `pip install xgboost` to install.
Alternately, you can install this by running `pip install pycaret[models]`
2026-09-03 09:53:54,716:WARNING:
'catboost' is a soft dependency and not included in the pycaret installation. Please run: `pip install catboost` to install.
Alternately, you can install this by running `pip install pycaret[models]`
2026-09-03 09:53:54,716:INFO:setup() successfully completed in 4.31s...............
2026-09-03 09:53:54,716:INFO:Initializing compare_models()
2026-09-03 09:53:54,717:INFO:compare_models(self=<pycaret.regression.oop.RegressionExperiment object at 0x00000205DF41FD90>, include=None, exclude=None, fold=None, round=4, cross_validation=True, sort=RMSE, n_select=1, budget_time=None, turbo=True, errors=ignore, fit_kwargs=None, groups=None, experiment_custom_tags=None, probability_threshold=None, verbose=True, parallel=None, caller_params={'self': <pycaret.regression.oop.RegressionExperiment object at 0x00000205DF41FD90>, 'include': None, 'exclude': None, 'fold': None, 'round': 4, 'cross_validation': True, 'sort': 'RMSE', 'n_select': 1, 'budget_time': None, 'turbo': True, 'errors': 'ignore', 'fit_kwargs': None, 'groups': None, 'experiment_custom_tags': None, 'engine': None, 'verbose': True, 'parallel': None, '__class__': <class 'pycaret.regression.oop.RegressionExperiment'>})
2026-09-03 09:53:54,717:INFO:Checking exceptions
2026-09-03 09:53:54,719:INFO:Preparing display monitor
2026-09-03 09:53:54,723:INFO:Initializing Linear Regression
2026-09-03 09:53:54,723:INFO:Total runtime is 0.0 minutes
2026-09-03 09:53:54,723:INFO:SubProcess create_model() called ==================================
2026-09-03 09:53:54,723:INFO:Initializing create_model()
2026-09-03 09:53:54,723:INFO:create_model(self=<pycaret.regression.oop.RegressionExperiment object at 0x00000205DF41FD90>, estimator=lr, fold=KFold(n_splits=10, random_state=None, shuffle=False), round=4, cross_validation=True, predict=True, fit_kwargs={}, groups=None, refit=False, probability_threshold=None, experiment_custom_tags=None, verbose=False, system=False, add_to_model_list=True, metrics=None, display=<pycaret.internal.display.display.CommonDisplay object at 0x00000205E15E3F10>, model_only=True, return_train_score=False, error_score=0.0, kwargs={})
2026-09-03 09:53:54,723:INFO:Checking exceptions
2026-09-03 09:53:54,723:INFO:Importing libraries
2026-09-03 09:53:54,723:INFO:Copying training dataset
2026-09-03 09:53:54,729:INFO:Defining folds
2026-09-03 09:53:54,729:INFO:Declaring metric variables
2026-09-03 09:53:54,729:INFO:Importing untrained model
2026-09-03 09:53:54,730:INFO:Linear Regression Imported successfully
2026-09-03 09:53:54,731:INFO:Starting cross validation
2026-09-03 09:53:54,773:INFO:Cross validating with KFold(n_splits=10, random_state=None, shuffle=False), n_jobs=-1
2026-09-03 09:54:02,080:WARNING:C:\Users\knish\PycharmProjects\AutoML-Smart-Prediction\.venv\Lib\site-packages\_distutils_hack\__init__.py:30: UserWarning: Setuptools is replacing distutils. Support for replacing an already imported distutils is deprecated. In the future, this condition will fail. Register concerns at https://github.com/pypa/setuptools/issues/new?template=distutils-deprecation.yml
  warnings.warn(

2026-09-03 09:54:02,080:WARNING:C:\Users\knish\PycharmProjects\AutoML-Smart-Prediction\.venv\Lib\site-packages\_distutils_hack\__init__.py:30: UserWarning: Setuptools is replacing distutils. Support for replacing an already imported distutils is deprecated. In the future, this condition will fail. Register concerns at https://github.com/pypa/setuptools/issues/new?template=distutils-deprecation.yml
  warnings.warn(

2026-09-03 09:54:02,084:WARNING:C:\Users\knish\PycharmProjects\AutoML-Smart-Prediction\.venv\Lib\site-packages\_distutils_hack\__init__.py:30: UserWarning: Setuptools is replacing distutils. Support for replacing an already imported distutils is deprecated. In the future, this condition will fail. Register concerns at https://github.com/pypa/setuptools/issues/new?template=distutils-deprecation.yml
  warnings.warn(

2026-09-03 09:54:02,084:WARNING:C:\Users\knish\PycharmProjects\AutoML-Smart-Prediction\.venv\Lib\site-packages\_distutils_hack\__init__.py:30: UserWarning: Setuptools is replacing distutils. Support for replacing an already imported distutils is deprecated. In the future, this condition will fail. Register concerns at https://github.com/pypa/setuptools/issues/new?template=distutils-deprecation.yml
  warnings.warn(

2026-09-03 09:54:02,084:WARNING:C:\Users\knish\PycharmProjects\AutoML-Smart-Prediction\.venv\Lib\site-packages\_distutils_hack\__init__.py:30: UserWarning: Setuptools is replacing distutils. Support for replacing an already imported distutils is deprecated. In the future, this condition will fail. Register concerns at https://github.com/pypa/setuptools/issues/new?template=distutils-deprecation.yml
  warnings.warn(

2026-09-03 09:54:02,084:WARNING:C:\Users\knish\PycharmProjects\AutoML-Smart-Prediction\.venv\Lib\site-packages\_distutils_hack\__init__.py:30: UserWarning: Setuptools is replacing distutils. Support for replacing an already imported distutils is deprecated. In the future, this condition will fail. Register concerns at https://github.com/pypa/setuptools/issues/new?template=distutils-deprecation.yml
  warnings.warn(

2026-09-03 09:54:02,084:WARNING:C:\Users\knish\PycharmProjects\AutoML-Smart-Prediction\.venv\Lib\site-packages\_distutils_hack\__init__.py:30: UserWarning: Setuptools is replacing distutils. Support for replacing an already imported distutils is deprecated. In the future, this condition will fail. Register concerns at https://github.com/pypa/setuptools/issues/new?template=distutils-deprecation.yml
  warnings.warn(

2026-09-03 09:54:02,085:WARNING:C:\Users\knish\PycharmProjects\AutoML-Smart-Prediction\.venv\Lib\site-packages\_distutils_hack\__init__.py:30: UserWarning: Setuptools is replacing distutils. Support for replacing an already imported distutils is deprecated. In the future, this condition will fail. Register concerns at https://github.com/pypa/setuptools/issues/new?template=distutils-deprecation.yml
  warnings.warn(

2026-09-03 09:54:02,085:WARNING:C:\Users\knish\PycharmProjects\AutoML-Smart-Prediction\.venv\Lib\site-packages\_distutils_hack\__init__.py:30: UserWarning: Setuptools is replacing distutils. Support for replacing an already imported distutils is deprecated. In the future, this condition will fail. Register concerns at https://github.com/pypa/setuptools/issues/new?template=distutils-deprecation.yml
  warnings.warn(

2026-09-03 09:54:02,086:WARNING:C:\Users\knish\PycharmProjects\AutoML-Smart-Prediction\.venv\Lib\site-packages\_distutils_hack\__init__.py:30: UserWarning: Setuptools is replacing distutils. Support for replacing an already imported distutils is deprecated. In the future, this condition will fail. Register concerns at https://github.com/pypa/setuptools/issues/new?template=distutils-deprecation.yml
  warnings.warn(

2026-09-03 09:54:02,918:INFO:Calculating mean and std
2026-09-03 09:54:02,922:INFO:Creating metrics dataframe
2026-09-03 09:54:02,931:INFO:Uploading results into container
2026-09-03 09:54:02,932:INFO:Uploading model into container now
2026-09-03 09:54:02,933:INFO:_master_model_container: 1
2026-09-03 09:54:02,934:INFO:_display_container: 2
2026-09-03 09:54:02,934:INFO:LinearRegression(n_jobs=-1)
2026-09-03 09:54:02,935:INFO:create_model() successfully completed......................................
2026-09-03 09:54:03,091:INFO:SubProcess create_model() end ==================================
2026-09-03 09:54:03,092:INFO:Creating metrics dataframe
2026-09-03 09:54:03,096:INFO:Initializing Lasso Regression
2026-09-03 09:54:03,096:INFO:Total runtime is 0.13955389261245726 minutes
2026-09-03 09:54:03,096:INFO:SubProcess create_model() called ==================================
2026-09-03 09:54:03,096:INFO:Initializing create_model()
2026-09-03 09:54:03,096:INFO:create_model(self=<pycaret.regression.oop.RegressionExperiment object at 0x00000205DF41FD90>, estimator=lasso, fold=KFold(n_splits=10, random_state=None, shuffle=False), round=4, cross_validation=True, predict=True, fit_kwargs={}, groups=None, refit=False, probability_threshold=None, experiment_custom_tags=None, verbose=False, system=False, add_to_model_list=True, metrics=None, display=<pycaret.internal.display.display.CommonDisplay object at 0x00000205E15E3F10>, model_only=True, return_train_score=False, error_score=0.0, kwargs={})
2026-09-03 09:54:03,096:INFO:Checking exceptions
2026-09-03 09:54:03,096:INFO:Importing libraries
2026-09-03 09:54:03,096:INFO:Copying training dataset
2026-09-03 09:54:03,102:INFO:Defining folds
2026-09-03 09:54:03,102:INFO:Declaring metric variables
2026-09-03 09:54:03,103:INFO:Importing untrained model
2026-09-03 09:54:03,103:INFO:Lasso Regression Imported successfully
2026-09-03 09:54:03,104:INFO:Starting cross validation
2026-09-03 09:54:03,108:INFO:Cross validating with KFold(n_splits=10, random_state=None, shuffle=False), n_jobs=-1
2026-09-03 09:54:07,585:WARNING:C:\Users\knish\PycharmProjects\AutoML-Smart-Prediction\.venv\Lib\site-packages\_distutils_hack\__init__.py:30: UserWarning: Setuptools is replacing distutils. Support for replacing an already imported distutils is deprecated. In the future, this condition will fail. Register concerns at https://github.com/pypa/setuptools/issues/new?template=distutils-deprecation.yml
  warnings.warn(

2026-09-03 09:54:07,585:WARNING:C:\Users\knish\PycharmProjects\AutoML-Smart-Prediction\.venv\Lib\site-packages\_distutils_hack\__init__.py:30: UserWarning: Setuptools is replacing distutils. Support for replacing an already imported distutils is deprecated. In the future, this condition will fail. Register concerns at https://github.com/pypa/setuptools/issues/new?template=distutils-deprecation.yml
  warnings.warn(

2026-09-03 09:54:08,053:INFO:Calculating mean and std
2026-09-03 09:54:08,054:INFO:Creating metrics dataframe
2026-09-03 09:54:08,058:INFO:Uploading results into container
2026-09-03 09:54:08,059:INFO:Uploading model into container now
2026-09-03 09:54:08,060:INFO:_master_model_container: 2
2026-09-03 09:54:08,060:INFO:_display_container: 2
2026-09-03 09:54:08,061:INFO:Lasso(random_state=42)
2026-09-03 09:54:08,061:INFO:create_model() successfully completed......................................
2026-09-03 09:54:08,185:INFO:SubProcess create_model() end ==================================
2026-09-03 09:54:08,185:INFO:Creating metrics dataframe
2026-09-03 09:54:08,232:INFO:Initializing Ridge Regression
2026-09-03 09:54:08,232:INFO:Total runtime is 0.22515722115834552 minutes
2026-09-03 09:54:08,232:INFO:SubProcess create_model() called ==================================
2026-09-03 09:54:08,233:INFO:Initializing create_model()
2026-09-03 09:54:08,233:INFO:create_model(self=<pycaret.regression.oop.RegressionExperiment object at 0x00000205DF41FD90>, estimator=ridge, fold=KFold(n_splits=10, random_state=None, shuffle=False), round=4, cross_validation=True, predict=True, fit_kwargs={}, groups=None, refit=False, probability_threshold=None, experiment_custom_tags=None, verbose=False, system=False, add_to_model_list=True, metrics=None, display=<pycaret.internal.display.display.CommonDisplay object at 0x00000205E15E3F10>, model_only=True, return_train_score=False, error_score=0.0, kwargs={})
2026-09-03 09:54:08,233:INFO:Checking exceptions
2026-09-03 09:54:08,233:INFO:Importing libraries
2026-09-03 09:54:08,233:INFO:Copying training dataset
2026-09-03 09:54:08,244:INFO:Defining folds
2026-09-03 09:54:08,244:INFO:Declaring metric variables
2026-09-03 09:54:08,244:INFO:Importing untrained model
2026-09-03 09:54:08,245:INFO:Ridge Regression Imported successfully
2026-09-03 09:54:08,245:INFO:Starting cross validation
2026-09-03 09:54:08,253:INFO:Cross validating with KFold(n_splits=10, random_state=None, shuffle=False), n_jobs=-1
2026-09-03 09:54:08,808:INFO:Calculating mean and std
2026-09-03 09:54:08,810:INFO:Creating metrics dataframe
2026-09-03 09:54:08,811:INFO:Uploading results into container
2026-09-03 09:54:08,812:INFO:Uploading model into container now
2026-09-03 09:54:08,812:INFO:_master_model_container: 3
2026-09-03 09:54:08,812:INFO:_display_container: 2
2026-09-03 09:54:08,812:INFO:Ridge(random_state=42)
2026-09-03 09:54:08,812:INFO:create_model() successfully completed......................................
2026-09-03 09:54:08,905:INFO:SubProcess create_model() end ==================================
2026-09-03 09:54:08,905:INFO:Creating metrics dataframe
2026-09-03 09:54:08,909:INFO:Initializing Elastic Net
2026-09-03 09:54:08,909:INFO:Total runtime is 0.23642919460932413 minutes
2026-09-03 09:54:08,909:INFO:SubProcess create_model() called ==================================
2026-09-03 09:54:08,909:INFO:Initializing create_model()
2026-09-03 09:54:08,909:INFO:create_model(self=<pycaret.regression.oop.RegressionExperiment object at 0x00000205DF41FD90>, estimator=en, fold=KFold(n_splits=10, random_state=None, shuffle=False), round=4, cross_validation=True, predict=True, fit_kwargs={}, groups=None, refit=False, probability_threshold=None, experiment_custom_tags=None, verbose=False, system=False, add_to_model_list=True, metrics=None, display=<pycaret.internal.display.display.CommonDisplay object at 0x00000205E15E3F10>, model_only=True, return_train_score=False, error_score=0.0, kwargs={})
2026-09-03 09:54:08,909:INFO:Checking exceptions
2026-09-03 09:54:08,909:INFO:Importing libraries
2026-09-03 09:54:08,910:INFO:Copying training dataset
2026-09-03 09:54:08,915:INFO:Defining folds
2026-09-03 09:54:08,915:INFO:Declaring metric variables
2026-09-03 09:54:08,915:INFO:Importing untrained model
2026-09-03 09:54:08,917:INFO:Elastic Net Imported successfully
2026-09-03 09:54:08,917:INFO:Starting cross validation
2026-09-03 09:54:08,919:INFO:Cross validating with KFold(n_splits=10, random_state=None, shuffle=False), n_jobs=-1
2026-09-03 09:54:09,397:INFO:Calculating mean and std
2026-09-03 09:54:09,397:INFO:Creating metrics dataframe
2026-09-03 09:54:09,400:INFO:Uploading results into container
2026-09-03 09:54:09,401:INFO:Uploading model into container now
2026-09-03 09:54:09,401:INFO:_master_model_container: 4
2026-09-03 09:54:09,401:INFO:_display_container: 2
2026-09-03 09:54:09,401:INFO:ElasticNet(random_state=42)
2026-09-03 09:54:09,401:INFO:create_model() successfully completed......................................
2026-09-03 09:54:09,488:INFO:SubProcess create_model() end ==================================
2026-09-03 09:54:09,488:INFO:Creating metrics dataframe
2026-09-03 09:54:09,494:INFO:Initializing Least Angle Regression
2026-09-03 09:54:09,494:INFO:Total runtime is 0.24618040323257445 minutes
2026-09-03 09:54:09,494:INFO:SubProcess create_model() called ==================================
2026-09-03 09:54:09,495:INFO:Initializing create_model()
2026-09-03 09:54:09,495:INFO:create_model(self=<pycaret.regression.oop.RegressionExperiment object at 0x00000205DF41FD90>, estimator=lar, fold=KFold(n_splits=10, random_state=None, shuffle=False), round=4, cross_validation=True, predict=True, fit_kwargs={}, groups=None, refit=False, probability_threshold=None, experiment_custom_tags=None, verbose=False, system=False, add_to_model_list=True, metrics=None, display=<pycaret.internal.display.display.CommonDisplay object at 0x00000205E15E3F10>, model_only=True, return_train_score=False, error_score=0.0, kwargs={})
2026-09-03 09:54:09,495:INFO:Checking exceptions
2026-09-03 09:54:09,495:INFO:Importing libraries
2026-09-03 09:54:09,495:INFO:Copying training dataset
2026-09-03 09:54:09,504:INFO:Defining folds
2026-09-03 09:54:09,504:INFO:Declaring metric variables
2026-09-03 09:54:09,506:INFO:Importing untrained model
2026-09-03 09:54:09,506:INFO:Least Angle Regression Imported successfully
2026-09-03 09:54:09,506:INFO:Starting cross validation
2026-09-03 09:54:09,510:INFO:Cross validating with KFold(n_splits=10, random_state=None, shuffle=False), n_jobs=-1
2026-09-03 09:54:10,045:INFO:Calculating mean and std
2026-09-03 09:54:10,047:INFO:Creating metrics dataframe
2026-09-03 09:54:10,049:INFO:Uploading results into container
2026-09-03 09:54:10,049:INFO:Uploading model into container now
2026-09-03 09:54:10,050:INFO:_master_model_container: 5
2026-09-03 09:54:10,050:INFO:_display_container: 2
2026-09-03 09:54:10,050:INFO:Lars(random_state=42)
2026-09-03 09:54:10,050:INFO:create_model() successfully completed......................................
2026-09-03 09:54:10,135:INFO:SubProcess create_model() end ==================================
2026-09-03 09:54:10,135:INFO:Creating metrics dataframe
2026-09-03 09:54:10,138:INFO:Initializing Lasso Least Angle Regression
2026-09-03 09:54:10,138:INFO:Total runtime is 0.2569190462430318 minutes
2026-09-03 09:54:10,138:INFO:SubProcess create_model() called ==================================
2026-09-03 09:54:10,138:INFO:Initializing create_model()
2026-09-03 09:54:10,138:INFO:create_model(self=<pycaret.regression.oop.RegressionExperiment object at 0x00000205DF41FD90>, estimator=llar, fold=KFold(n_splits=10, random_state=None, shuffle=False), round=4, cross_validation=True, predict=True, fit_kwargs={}, groups=None, refit=False, probability_threshold=None, experiment_custom_tags=None, verbose=False, system=False, add_to_model_list=True, metrics=None, display=<pycaret.internal.display.display.CommonDisplay object at 0x00000205E15E3F10>, model_only=True, return_train_score=False, error_score=0.0, kwargs={})
2026-09-03 09:54:10,138:INFO:Checking exceptions
2026-09-03 09:54:10,138:INFO:Importing libraries
2026-09-03 09:54:10,138:INFO:Copying training dataset
2026-09-03 09:54:10,145:INFO:Defining folds
2026-09-03 09:54:10,145:INFO:Declaring metric variables
2026-09-03 09:54:10,146:INFO:Importing untrained model
2026-09-03 09:54:10,147:INFO:Lasso Least Angle Regression Imported successfully
2026-09-03 09:54:10,148:INFO:Starting cross validation
2026-09-03 09:54:10,151:INFO:Cross validating with KFold(n_splits=10, random_state=None, shuffle=False), n_jobs=-1
2026-09-03 09:54:10,686:INFO:Calculating mean and std
2026-09-03 09:54:10,686:INFO:Creating metrics dataframe
2026-09-03 09:54:10,688:INFO:Uploading results into container
2026-09-03 09:54:10,688:INFO:Uploading model into container now
2026-09-03 09:54:10,689:INFO:_master_model_container: 6
2026-09-03 09:54:10,689:INFO:_display_container: 2
2026-09-03 09:54:10,689:INFO:LassoLars(random_state=42)
2026-09-03 09:54:10,689:INFO:create_model() successfully completed......................................
2026-09-03 09:54:10,777:INFO:SubProcess create_model() end ==================================
2026-09-03 09:54:10,777:INFO:Creating metrics dataframe
2026-09-03 09:54:10,781:INFO:Initializing Orthogonal Matching Pursuit
2026-09-03 09:54:10,781:INFO:Total runtime is 0.26763661702473956 minutes
2026-09-03 09:54:10,781:INFO:SubProcess create_model() called ==================================
2026-09-03 09:54:10,781:INFO:Initializing create_model()
2026-09-03 09:54:10,782:INFO:create_model(self=<pycaret.regression.oop.RegressionExperiment object at 0x00000205DF41FD90>, estimator=omp, fold=KFold(n_splits=10, random_state=None, shuffle=False), round=4, cross_validation=True, predict=True, fit_kwargs={}, groups=None, refit=False, probability_threshold=None, experiment_custom_tags=None, verbose=False, system=False, add_to_model_list=True, metrics=None, display=<pycaret.internal.display.display.CommonDisplay object at 0x00000205E15E3F10>, model_only=True, return_train_score=False, error_score=0.0, kwargs={})
2026-09-03 09:54:10,782:INFO:Checking exceptions
2026-09-03 09:54:10,782:INFO:Importing libraries
2026-09-03 09:54:10,782:INFO:Copying training dataset
2026-09-03 09:54:10,788:INFO:Defining folds
2026-09-03 09:54:10,788:INFO:Declaring metric variables
2026-09-03 09:54:10,788:INFO:Importing untrained model
2026-09-03 09:54:10,788:INFO:Orthogonal Matching Pursuit Imported successfully
2026-09-03 09:54:10,789:INFO:Starting cross validation
2026-09-03 09:54:10,791:INFO:Cross validating with KFold(n_splits=10, random_state=None, shuffle=False), n_jobs=-1
2026-09-03 09:54:11,349:INFO:Calculating mean and std
2026-09-03 09:54:11,349:INFO:Creating metrics dataframe
2026-09-03 09:54:11,351:INFO:Uploading results into container
2026-09-03 09:54:11,352:INFO:Uploading model into container now
2026-09-03 09:54:11,352:INFO:_master_model_container: 7
2026-09-03 09:54:11,352:INFO:_display_container: 2
2026-09-03 09:54:11,352:INFO:OrthogonalMatchingPursuit()
2026-09-03 09:54:11,352:INFO:create_model() successfully completed......................................
2026-09-03 09:54:11,443:INFO:SubProcess create_model() end ==================================
2026-09-03 09:54:11,443:INFO:Creating metrics dataframe
2026-09-03 09:54:11,450:INFO:Initializing Bayesian Ridge
2026-09-03 09:54:11,450:INFO:Total runtime is 0.27878957986831665 minutes
2026-09-03 09:54:11,450:INFO:SubProcess create_model() called ==================================
2026-09-03 09:54:11,451:INFO:Initializing create_model()
2026-09-03 09:54:11,451:INFO:create_model(self=<pycaret.regression.oop.RegressionExperiment object at 0x00000205DF41FD90>, estimator=br, fold=KFold(n_splits=10, random_state=None, shuffle=False), round=4, cross_validation=True, predict=True, fit_kwargs={}, groups=None, refit=False, probability_threshold=None, experiment_custom_tags=None, verbose=False, system=False, add_to_model_list=True, metrics=None, display=<pycaret.internal.display.display.CommonDisplay object at 0x00000205E15E3F10>, model_only=True, return_train_score=False, error_score=0.0, kwargs={})
2026-09-03 09:54:11,451:INFO:Checking exceptions
2026-09-03 09:54:11,451:INFO:Importing libraries
2026-09-03 09:54:11,451:INFO:Copying training dataset
2026-09-03 09:54:11,459:INFO:Defining folds
2026-09-03 09:54:11,459:INFO:Declaring metric variables
2026-09-03 09:54:11,459:INFO:Importing untrained model
2026-09-03 09:54:11,460:INFO:Bayesian Ridge Imported successfully
2026-09-03 09:54:11,460:INFO:Starting cross validation
2026-09-03 09:54:11,463:INFO:Cross validating with KFold(n_splits=10, random_state=None, shuffle=False), n_jobs=-1
2026-09-03 09:54:11,971:INFO:Calculating mean and std
2026-09-03 09:54:11,972:INFO:Creating metrics dataframe
2026-09-03 09:54:11,974:INFO:Uploading results into container
2026-09-03 09:54:11,974:INFO:Uploading model into container now
2026-09-03 09:54:11,974:INFO:_master_model_container: 8
2026-09-03 09:54:11,975:INFO:_display_container: 2
2026-09-03 09:54:11,975:INFO:BayesianRidge()
2026-09-03 09:54:11,975:INFO:create_model() successfully completed......................................
2026-09-03 09:54:12,067:INFO:SubProcess create_model() end ==================================
2026-09-03 09:54:12,067:INFO:Creating metrics dataframe
2026-09-03 09:54:12,073:INFO:Initializing Passive Aggressive Regressor
2026-09-03 09:54:12,073:INFO:Total runtime is 0.28916277885437014 minutes
2026-09-03 09:54:12,073:INFO:SubProcess create_model() called ==================================
2026-09-03 09:54:12,074:INFO:Initializing create_model()
2026-09-03 09:54:12,074:INFO:create_model(self=<pycaret.regression.oop.RegressionExperiment object at 0x00000205DF41FD90>, estimator=par, fold=KFold(n_splits=10, random_state=None, shuffle=False), round=4, cross_validation=True, predict=True, fit_kwargs={}, groups=None, refit=False, probability_threshold=None, experiment_custom_tags=None, verbose=False, system=False, add_to_model_list=True, metrics=None, display=<pycaret.internal.display.display.CommonDisplay object at 0x00000205E15E3F10>, model_only=True, return_train_score=False, error_score=0.0, kwargs={})
2026-09-03 09:54:12,074:INFO:Checking exceptions
2026-09-03 09:54:12,074:INFO:Importing libraries
2026-09-03 09:54:12,074:INFO:Copying training dataset
2026-09-03 09:54:12,083:INFO:Defining folds
2026-09-03 09:54:12,083:INFO:Declaring metric variables
2026-09-03 09:54:12,084:INFO:Importing untrained model
2026-09-03 09:54:12,084:INFO:Passive Aggressive Regressor Imported successfully
2026-09-03 09:54:12,085:INFO:Starting cross validation
2026-09-03 09:54:12,092:INFO:Cross validating with KFold(n_splits=10, random_state=None, shuffle=False), n_jobs=-1
2026-09-03 09:54:12,570:INFO:Calculating mean and std
2026-09-03 09:54:12,629:INFO:Creating metrics dataframe
2026-09-03 09:54:12,633:INFO:Uploading results into container
2026-09-03 09:54:12,634:INFO:Uploading model into container now
2026-09-03 09:54:12,635:INFO:_master_model_container: 9
2026-09-03 09:54:12,635:INFO:_display_container: 2
2026-09-03 09:54:12,635:INFO:PassiveAggressiveRegressor(random_state=42)
2026-09-03 09:54:12,636:INFO:create_model() successfully completed......................................
2026-09-03 09:54:12,751:INFO:SubProcess create_model() end ==================================
2026-09-03 09:54:12,751:INFO:Creating metrics dataframe
2026-09-03 09:54:12,758:INFO:Initializing Huber Regressor
2026-09-03 09:54:12,759:INFO:Total runtime is 0.30059944391250615 minutes
2026-09-03 09:54:12,759:INFO:SubProcess create_model() called ==================================
2026-09-03 09:54:12,762:INFO:Initializing create_model()
2026-09-03 09:54:12,762:INFO:create_model(self=<pycaret.regression.oop.RegressionExperiment object at 0x00000205DF41FD90>, estimator=huber, fold=KFold(n_splits=10, random_state=None, shuffle=False), round=4, cross_validation=True, predict=True, fit_kwargs={}, groups=None, refit=False, probability_threshold=None, experiment_custom_tags=None, verbose=False, system=False, add_to_model_list=True, metrics=None, display=<pycaret.internal.display.display.CommonDisplay object at 0x00000205E15E3F10>, model_only=True, return_train_score=False, error_score=0.0, kwargs={})
2026-09-03 09:54:12,762:INFO:Checking exceptions
2026-09-03 09:54:12,762:INFO:Importing libraries
2026-09-03 09:54:12,763:INFO:Copying training dataset
2026-09-03 09:54:12,771:INFO:Defining folds
2026-09-03 09:54:12,771:INFO:Declaring metric variables
2026-09-03 09:54:12,772:INFO:Importing untrained model
2026-09-03 09:54:12,772:INFO:Huber Regressor Imported successfully
2026-09-03 09:54:12,773:INFO:Starting cross validation
2026-09-03 09:54:12,776:INFO:Cross validating with KFold(n_splits=10, random_state=None, shuffle=False), n_jobs=-1
2026-09-03 09:54:13,373:INFO:Calculating mean and std
2026-09-03 09:54:13,374:INFO:Creating metrics dataframe
2026-09-03 09:54:13,375:INFO:Uploading results into container
2026-09-03 09:54:13,376:INFO:Uploading model into container now
2026-09-03 09:54:13,376:INFO:_master_model_container: 10
2026-09-03 09:54:13,376:INFO:_display_container: 2
2026-09-03 09:54:13,376:INFO:HuberRegressor()
2026-09-03 09:54:13,376:INFO:create_model() successfully completed......................................
2026-09-03 09:54:13,464:INFO:SubProcess create_model() end ==================================
2026-09-03 09:54:13,465:INFO:Creating metrics dataframe
2026-09-03 09:54:13,469:INFO:Initializing K Neighbors Regressor
2026-09-03 09:54:13,469:INFO:Total runtime is 0.3124354759852092 minutes
2026-09-03 09:54:13,469:INFO:SubProcess create_model() called ==================================
2026-09-03 09:54:13,470:INFO:Initializing create_model()
2026-09-03 09:54:13,470:INFO:create_model(self=<pycaret.regression.oop.RegressionExperiment object at 0x00000205DF41FD90>, estimator=knn, fold=KFold(n_splits=10, random_state=None, shuffle=False), round=4, cross_validation=True, predict=True, fit_kwargs={}, groups=None, refit=False, probability_threshold=None, experiment_custom_tags=None, verbose=False, system=False, add_to_model_list=True, metrics=None, display=<pycaret.internal.display.display.CommonDisplay object at 0x00000205E15E3F10>, model_only=True, return_train_score=False, error_score=0.0, kwargs={})
2026-09-03 09:54:13,470:INFO:Checking exceptions
2026-09-03 09:54:13,470:INFO:Importing libraries
2026-09-03 09:54:13,470:INFO:Copying training dataset
2026-09-03 09:54:13,478:INFO:Defining folds
2026-09-03 09:54:13,478:INFO:Declaring metric variables
2026-09-03 09:54:13,478:INFO:Importing untrained model
2026-09-03 09:54:13,479:INFO:K Neighbors Regressor Imported successfully
2026-09-03 09:54:13,479:INFO:Starting cross validation
2026-09-03 09:54:13,483:INFO:Cross validating with KFold(n_splits=10, random_state=None, shuffle=False), n_jobs=-1
2026-09-03 09:54:13,998:INFO:Calculating mean and std
2026-09-03 09:54:14,000:INFO:Creating metrics dataframe
2026-09-03 09:54:14,002:INFO:Uploading results into container
2026-09-03 09:54:14,002:INFO:Uploading model into container now
2026-09-03 09:54:14,003:INFO:_master_model_container: 11
2026-09-03 09:54:14,003:INFO:_display_container: 2
2026-09-03 09:54:14,003:INFO:KNeighborsRegressor(n_jobs=-1)
2026-09-03 09:54:14,003:INFO:create_model() successfully completed......................................
2026-09-03 09:54:14,081:INFO:SubProcess create_model() end ==================================
2026-09-03 09:54:14,081:INFO:Creating metrics dataframe
2026-09-03 09:54:14,085:INFO:Initializing Decision Tree Regressor
2026-09-03 09:54:14,085:INFO:Total runtime is 0.3227072954177857 minutes
2026-09-03 09:54:14,085:INFO:SubProcess create_model() called ==================================
2026-09-03 09:54:14,086:INFO:Initializing create_model()
2026-09-03 09:54:14,086:INFO:create_model(self=<pycaret.regression.oop.RegressionExperiment object at 0x00000205DF41FD90>, estimator=dt, fold=KFold(n_splits=10, random_state=None, shuffle=False), round=4, cross_validation=True, predict=True, fit_kwargs={}, groups=None, refit=False, probability_threshold=None, experiment_custom_tags=None, verbose=False, system=False, add_to_model_list=True, metrics=None, display=<pycaret.internal.display.display.CommonDisplay object at 0x00000205E15E3F10>, model_only=True, return_train_score=False, error_score=0.0, kwargs={})
2026-09-03 09:54:14,086:INFO:Checking exceptions
2026-09-03 09:54:14,086:INFO:Importing libraries
2026-09-03 09:54:14,086:INFO:Copying training dataset
2026-09-03 09:54:14,094:INFO:Defining folds
2026-09-03 09:54:14,094:INFO:Declaring metric variables
2026-09-03 09:54:14,095:INFO:Importing untrained model
2026-09-03 09:54:14,095:INFO:Decision Tree Regressor Imported successfully
2026-09-03 09:54:14,095:INFO:Starting cross validation
2026-09-03 09:54:14,099:INFO:Cross validating with KFold(n_splits=10, random_state=None, shuffle=False), n_jobs=-1
2026-09-03 09:54:14,614:INFO:Calculating mean and std
2026-09-03 09:54:14,614:INFO:Creating metrics dataframe
2026-09-03 09:54:14,617:INFO:Uploading results into container
2026-09-03 09:54:14,617:INFO:Uploading model into container now
2026-09-03 09:54:14,618:INFO:_master_model_container: 12
2026-09-03 09:54:14,618:INFO:_display_container: 2
2026-09-03 09:54:14,618:INFO:DecisionTreeRegressor(random_state=42)
2026-09-03 09:54:14,618:INFO:create_model() successfully completed......................................
2026-09-03 09:54:14,704:INFO:SubProcess create_model() end ==================================
2026-09-03 09:54:14,705:INFO:Creating metrics dataframe
2026-09-03 09:54:14,709:INFO:Initializing Random Forest Regressor
2026-09-03 09:54:14,709:INFO:Total runtime is 0.3331100940704346 minutes
2026-09-03 09:54:14,709:INFO:SubProcess create_model() called ==================================
2026-09-03 09:54:14,709:INFO:Initializing create_model()
2026-09-03 09:54:14,709:INFO:create_model(self=<pycaret.regression.oop.RegressionExperiment object at 0x00000205DF41FD90>, estimator=rf, fold=KFold(n_splits=10, random_state=None, shuffle=False), round=4, cross_validation=True, predict=True, fit_kwargs={}, groups=None, refit=False, probability_threshold=None, experiment_custom_tags=None, verbose=False, system=False, add_to_model_list=True, metrics=None, display=<pycaret.internal.display.display.CommonDisplay object at 0x00000205E15E3F10>, model_only=True, return_train_score=False, error_score=0.0, kwargs={})
2026-09-03 09:54:14,709:INFO:Checking exceptions
2026-09-03 09:54:14,711:INFO:Importing libraries
2026-09-03 09:54:14,711:INFO:Copying training dataset
2026-09-03 09:54:14,715:INFO:Defining folds
2026-09-03 09:54:14,715:INFO:Declaring metric variables
2026-09-03 09:54:14,715:INFO:Importing untrained model
2026-09-03 09:54:14,716:INFO:Random Forest Regressor Imported successfully
2026-09-03 09:54:14,716:INFO:Starting cross validation
2026-09-03 09:54:14,718:INFO:Cross validating with KFold(n_splits=10, random_state=None, shuffle=False), n_jobs=-1
2026-09-03 09:54:15,704:INFO:Calculating mean and std
2026-09-03 09:54:15,704:INFO:Creating metrics dataframe
2026-09-03 09:54:15,706:INFO:Uploading results into container
2026-09-03 09:54:15,707:INFO:Uploading model into container now
2026-09-03 09:54:15,708:INFO:_master_model_container: 13
2026-09-03 09:54:15,708:INFO:_display_container: 2
2026-09-03 09:54:15,708:INFO:RandomForestRegressor(n_jobs=-1, random_state=42)
2026-09-03 09:54:15,708:INFO:create_model() successfully completed......................................
2026-09-03 09:54:15,794:INFO:SubProcess create_model() end ==================================
2026-09-03 09:54:15,794:INFO:Creating metrics dataframe
2026-09-03 09:54:15,800:INFO:Initializing Extra Trees Regressor
2026-09-03 09:54:15,800:INFO:Total runtime is 0.3512880484263103 minutes
2026-09-03 09:54:15,800:INFO:SubProcess create_model() called ==================================
2026-09-03 09:54:15,801:INFO:Initializing create_model()
2026-09-03 09:54:15,801:INFO:create_model(self=<pycaret.regression.oop.RegressionExperiment object at 0x00000205DF41FD90>, estimator=et, fold=KFold(n_splits=10, random_state=None, shuffle=False), round=4, cross_validation=True, predict=True, fit_kwargs={}, groups=None, refit=False, probability_threshold=None, experiment_custom_tags=None, verbose=False, system=False, add_to_model_list=True, metrics=None, display=<pycaret.internal.display.display.CommonDisplay object at 0x00000205E15E3F10>, model_only=True, return_train_score=False, error_score=0.0, kwargs={})
2026-09-03 09:54:15,801:INFO:Checking exceptions
2026-09-03 09:54:15,802:INFO:Importing libraries
2026-09-03 09:54:15,802:INFO:Copying training dataset
2026-09-03 09:54:15,809:INFO:Defining folds
2026-09-03 09:54:15,810:INFO:Declaring metric variables
2026-09-03 09:54:15,810:INFO:Importing untrained model
2026-09-03 09:54:15,811:INFO:Extra Trees Regressor Imported successfully
2026-09-03 09:54:15,811:INFO:Starting cross validation
2026-09-03 09:54:15,817:INFO:Cross validating with KFold(n_splits=10, random_state=None, shuffle=False), n_jobs=-1
2026-09-03 09:54:16,767:INFO:Calculating mean and std
2026-09-03 09:54:16,767:INFO:Creating metrics dataframe
2026-09-03 09:54:16,769:INFO:Uploading results into container
2026-09-03 09:54:16,769:INFO:Uploading model into container now
2026-09-03 09:54:16,770:INFO:_master_model_container: 14
2026-09-03 09:54:16,770:INFO:_display_container: 2
2026-09-03 09:54:16,770:INFO:ExtraTreesRegressor(n_jobs=-1, random_state=42)
2026-09-03 09:54:16,770:INFO:create_model() successfully completed......................................
2026-09-03 09:54:16,872:INFO:SubProcess create_model() end ==================================
2026-09-03 09:54:16,873:INFO:Creating metrics dataframe
2026-09-03 09:54:16,879:INFO:Initializing AdaBoost Regressor
2026-09-03 09:54:16,879:INFO:Total runtime is 0.3692679206530254 minutes
2026-09-03 09:54:16,879:INFO:SubProcess create_model() called ==================================
2026-09-03 09:54:16,880:INFO:Initializing create_model()
2026-09-03 09:54:16,880:INFO:create_model(self=<pycaret.regression.oop.RegressionExperiment object at 0x00000205DF41FD90>, estimator=ada, fold=KFold(n_splits=10, random_state=None, shuffle=False), round=4, cross_validation=True, predict=True, fit_kwargs={}, groups=None, refit=False, probability_threshold=None, experiment_custom_tags=None, verbose=False, system=False, add_to_model_list=True, metrics=None, display=<pycaret.internal.display.display.CommonDisplay object at 0x00000205E15E3F10>, model_only=True, return_train_score=False, error_score=0.0, kwargs={})
2026-09-03 09:54:16,880:INFO:Checking exceptions
2026-09-03 09:54:16,881:INFO:Importing libraries
2026-09-03 09:54:16,881:INFO:Copying training dataset
2026-09-03 09:54:16,888:INFO:Defining folds
2026-09-03 09:54:16,888:INFO:Declaring metric variables
2026-09-03 09:54:16,888:INFO:Importing untrained model
2026-09-03 09:54:16,889:INFO:AdaBoost Regressor Imported successfully
2026-09-03 09:54:16,889:INFO:Starting cross validation
2026-09-03 09:54:16,892:INFO:Cross validating with KFold(n_splits=10, random_state=None, shuffle=False), n_jobs=-1
2026-09-03 09:54:17,614:INFO:Calculating mean and std
2026-09-03 09:54:17,614:INFO:Creating metrics dataframe
2026-09-03 09:54:17,616:INFO:Uploading results into container
2026-09-03 09:54:17,617:INFO:Uploading model into container now
2026-09-03 09:54:17,617:INFO:_master_model_container: 15
2026-09-03 09:54:17,617:INFO:_display_container: 2
2026-09-03 09:54:17,617:INFO:AdaBoostRegressor(random_state=42)
2026-09-03 09:54:17,617:INFO:create_model() successfully completed......................................
2026-09-03 09:54:17,717:INFO:SubProcess create_model() end ==================================
2026-09-03 09:54:17,717:INFO:Creating metrics dataframe
2026-09-03 09:54:17,721:INFO:Initializing Gradient Boosting Regressor
2026-09-03 09:54:17,722:INFO:Total runtime is 0.3833128571510316 minutes
2026-09-03 09:54:17,722:INFO:SubProcess create_model() called ==================================
2026-09-03 09:54:17,722:INFO:Initializing create_model()
2026-09-03 09:54:17,722:INFO:create_model(self=<pycaret.regression.oop.RegressionExperiment object at 0x00000205DF41FD90>, estimator=gbr, fold=KFold(n_splits=10, random_state=None, shuffle=False), round=4, cross_validation=True, predict=True, fit_kwargs={}, groups=None, refit=False, probability_threshold=None, experiment_custom_tags=None, verbose=False, system=False, add_to_model_list=True, metrics=None, display=<pycaret.internal.display.display.CommonDisplay object at 0x00000205E15E3F10>, model_only=True, return_train_score=False, error_score=0.0, kwargs={})
2026-09-03 09:54:17,722:INFO:Checking exceptions
2026-09-03 09:54:17,723:INFO:Importing libraries
2026-09-03 09:54:17,723:INFO:Copying training dataset
2026-09-03 09:54:17,730:INFO:Defining folds
2026-09-03 09:54:17,730:INFO:Declaring metric variables
2026-09-03 09:54:17,730:INFO:Importing untrained model
2026-09-03 09:54:17,731:INFO:Gradient Boosting Regressor Imported successfully
2026-09-03 09:54:17,731:INFO:Starting cross validation
2026-09-03 09:54:17,734:INFO:Cross validating with KFold(n_splits=10, random_state=None, shuffle=False), n_jobs=-1
2026-09-03 09:54:18,392:INFO:Calculating mean and std
2026-09-03 09:54:18,393:INFO:Creating metrics dataframe
2026-09-03 09:54:18,394:INFO:Uploading results into container
2026-09-03 09:54:18,395:INFO:Uploading model into container now
2026-09-03 09:54:18,395:INFO:_master_model_container: 16
2026-09-03 09:54:18,395:INFO:_display_container: 2
2026-09-03 09:54:18,396:INFO:GradientBoostingRegressor(random_state=42)
2026-09-03 09:54:18,396:INFO:create_model() successfully completed......................................
2026-09-03 09:54:18,488:INFO:SubProcess create_model() end ==================================
2026-09-03 09:54:18,488:INFO:Creating metrics dataframe
2026-09-03 09:54:18,491:INFO:Initializing Light Gradient Boosting Machine
2026-09-03 09:54:18,492:INFO:Total runtime is 0.3961463848749797 minutes
2026-09-03 09:54:18,492:INFO:SubProcess create_model() called ==================================
2026-09-03 09:54:18,492:INFO:Initializing create_model()
2026-09-03 09:54:18,493:INFO:create_model(self=<pycaret.regression.oop.RegressionExperiment object at 0x00000205DF41FD90>, estimator=lightgbm, fold=KFold(n_splits=10, random_state=None, shuffle=False), round=4, cross_validation=True, predict=True, fit_kwargs={}, groups=None, refit=False, probability_threshold=None, experiment_custom_tags=None, verbose=False, system=False, add_to_model_list=True, metrics=None, display=<pycaret.internal.display.display.CommonDisplay object at 0x00000205E15E3F10>, model_only=True, return_train_score=False, error_score=0.0, kwargs={})
2026-09-03 09:54:18,493:INFO:Checking exceptions
2026-09-03 09:54:18,493:INFO:Importing libraries
2026-09-03 09:54:18,493:INFO:Copying training dataset
2026-09-03 09:54:18,499:INFO:Defining folds
2026-09-03 09:54:18,499:INFO:Declaring metric variables
2026-09-03 09:54:18,499:INFO:Importing untrained model
2026-09-03 09:54:18,500:INFO:Light Gradient Boosting Machine Imported successfully
2026-09-03 09:54:18,500:INFO:Starting cross validation
2026-09-03 09:54:18,503:INFO:Cross validating with KFold(n_splits=10, random_state=None, shuffle=False), n_jobs=-1
2026-09-03 09:54:19,055:WARNING:create_model() for lightgbm raised an exception or returned all 0.0, trying without fit_kwargs:
2026-09-03 09:54:19,087:WARNING:Traceback (most recent call last):
  File "C:\Users\knish\PycharmProjects\AutoML-Smart-Prediction\.venv\Lib\site-packages\pycaret\internal\pycaret_experiment\supervised_experiment.py", line 794, in compare_models
    model, model_fit_time = self._create_model(**create_model_args)
                            ^^^^^^^^^^^^^^^^^^^^^^^^^^^^^^^^^^^^^^^
  File "C:\Users\knish\PycharmProjects\AutoML-Smart-Prediction\.venv\Lib\site-packages\pycaret\internal\pycaret_experiment\supervised_experiment.py", line 1533, in _create_model
    model, model_fit_time, model_results, _ = self._create_model_with_cv(
                                              ^^^^^^^^^^^^^^^^^^^^^^^^^^^
  File "C:\Users\knish\PycharmProjects\AutoML-Smart-Prediction\.venv\Lib\site-packages\pycaret\internal\pycaret_experiment\supervised_experiment.py", line 1126, in _create_model_with_cv
    scores = cross_validate(
             ^^^^^^^^^^^^^^^
  File "C:\Users\knish\PycharmProjects\AutoML-Smart-Prediction\.venv\Lib\site-packages\sklearn\utils\_param_validation.py", line 213, in wrapper
    return func(*args, **kwargs)
           ^^^^^^^^^^^^^^^^^^^^^
  File "C:\Users\knish\PycharmProjects\AutoML-Smart-Prediction\.venv\Lib\site-packages\sklearn\model_selection\_validation.py", line 450, in cross_validate
    _warn_or_raise_about_fit_failures(results, error_score)
  File "C:\Users\knish\PycharmProjects\AutoML-Smart-Prediction\.venv\Lib\site-packages\sklearn\model_selection\_validation.py", line 536, in _warn_or_raise_about_fit_failures
    raise ValueError(all_fits_failed_message)
ValueError: 
All the 10 fits failed.
It is very likely that your model is misconfigured.
You can try to debug the error by setting error_score='raise'.

Below are more details about the failures:
--------------------------------------------------------------------------------
10 fits failed with the following error:
Traceback (most recent call last):
  File "C:\Users\knish\PycharmProjects\AutoML-Smart-Prediction\.venv\Lib\site-packages\sklearn\model_selection\_validation.py", line 895, in _fit_and_score
    estimator.fit(X_train, y_train, **fit_params)
  File "C:\Users\knish\PycharmProjects\AutoML-Smart-Prediction\.venv\Lib\site-packages\pycaret\internal\pipeline.py", line 278, in fit
    fitted_estimator = self._memory_fit(
                       ^^^^^^^^^^^^^^^^^
  File "C:\Users\knish\PycharmProjects\AutoML-Smart-Prediction\.venv\Lib\site-packages\joblib\memory.py", line 353, in __call__
    return self.func(*args, **kwargs)
           ^^^^^^^^^^^^^^^^^^^^^^^^^^
  File "C:\Users\knish\PycharmProjects\AutoML-Smart-Prediction\.venv\Lib\site-packages\pycaret\internal\pipeline.py", line 69, in _fit_one
    transformer.fit(*args)
  File "C:\Users\knish\PycharmProjects\AutoML-Smart-Prediction\.venv\Lib\site-packages\lightgbm\sklearn.py", line 1536, in fit
    super().fit(
  File "C:\Users\knish\PycharmProjects\AutoML-Smart-Prediction\.venv\Lib\site-packages\lightgbm\sklearn.py", line 1171, in fit
    self._Booster = train(
                    ^^^^^^
  File "C:\Users\knish\PycharmProjects\AutoML-Smart-Prediction\.venv\Lib\site-packages\lightgbm\engine.py", line 296, in train
    booster = Booster(params=params, train_set=train_set)
              ^^^^^^^^^^^^^^^^^^^^^^^^^^^^^^^^^^^^^^^^^^^
  File "C:\Users\knish\PycharmProjects\AutoML-Smart-Prediction\.venv\Lib\site-packages\lightgbm\basic.py", line 3758, in __init__
    train_set.construct()
  File "C:\Users\knish\PycharmProjects\AutoML-Smart-Prediction\.venv\Lib\site-packages\lightgbm\basic.py", line 2574, in construct
    self._lazy_init(
  File "C:\Users\knish\PycharmProjects\AutoML-Smart-Prediction\.venv\Lib\site-packages\lightgbm\basic.py", line 2189, in _lazy_init
    self.set_label(label)
  File "C:\Users\knish\PycharmProjects\AutoML-Smart-Prediction\.venv\Lib\site-packages\lightgbm\basic.py", line 3097, in set_label
    self.set_field("label", label_array)
  File "C:\Users\knish\PycharmProjects\AutoML-Smart-Prediction\.venv\Lib\site-packages\lightgbm\basic.py", line 2860, in set_field
    _LIB.LGBM_DatasetSetField(
OSError: exception: access violation reading 0x0000000000000000


2026-09-03 09:54:19,088:INFO:Initializing create_model()
2026-09-03 09:54:19,088:INFO:create_model(self=<pycaret.regression.oop.RegressionExperiment object at 0x00000205DF41FD90>, estimator=lightgbm, fold=KFold(n_splits=10, random_state=None, shuffle=False), round=4, cross_validation=True, predict=True, fit_kwargs={}, groups=None, refit=False, probability_threshold=None, experiment_custom_tags=None, verbose=False, system=False, add_to_model_list=True, metrics=None, display=<pycaret.internal.display.display.CommonDisplay object at 0x00000205E15E3F10>, model_only=True, return_train_score=False, error_score=0.0, kwargs={})
2026-09-03 09:54:19,088:INFO:Checking exceptions
2026-09-03 09:54:19,088:INFO:Importing libraries
2026-09-03 09:54:19,088:INFO:Copying training dataset
2026-09-03 09:54:19,096:INFO:Defining folds
2026-09-03 09:54:19,096:INFO:Declaring metric variables
2026-09-03 09:54:19,096:INFO:Importing untrained model
2026-09-03 09:54:19,097:INFO:Light Gradient Boosting Machine Imported successfully
2026-09-03 09:54:19,097:INFO:Starting cross validation
2026-09-03 09:54:19,100:INFO:Cross validating with KFold(n_splits=10, random_state=None, shuffle=False), n_jobs=-1
2026-09-03 09:54:19,492:ERROR:create_model() for lightgbm raised an exception or returned all 0.0:
2026-09-03 09:54:19,495:ERROR:Traceback (most recent call last):
  File "C:\Users\knish\PycharmProjects\AutoML-Smart-Prediction\.venv\Lib\site-packages\pycaret\internal\pycaret_experiment\supervised_experiment.py", line 794, in compare_models
    model, model_fit_time = self._create_model(**create_model_args)
                            ^^^^^^^^^^^^^^^^^^^^^^^^^^^^^^^^^^^^^^^
  File "C:\Users\knish\PycharmProjects\AutoML-Smart-Prediction\.venv\Lib\site-packages\pycaret\internal\pycaret_experiment\supervised_experiment.py", line 1533, in _create_model
    model, model_fit_time, model_results, _ = self._create_model_with_cv(
                                              ^^^^^^^^^^^^^^^^^^^^^^^^^^^
  File "C:\Users\knish\PycharmProjects\AutoML-Smart-Prediction\.venv\Lib\site-packages\pycaret\internal\pycaret_experiment\supervised_experiment.py", line 1126, in _create_model_with_cv
    scores = cross_validate(
             ^^^^^^^^^^^^^^^
  File "C:\Users\knish\PycharmProjects\AutoML-Smart-Prediction\.venv\Lib\site-packages\sklearn\utils\_param_validation.py", line 213, in wrapper
    return func(*args, **kwargs)
           ^^^^^^^^^^^^^^^^^^^^^
  File "C:\Users\knish\PycharmProjects\AutoML-Smart-Prediction\.venv\Lib\site-packages\sklearn\model_selection\_validation.py", line 450, in cross_validate
    _warn_or_raise_about_fit_failures(results, error_score)
  File "C:\Users\knish\PycharmProjects\AutoML-Smart-Prediction\.venv\Lib\site-packages\sklearn\model_selection\_validation.py", line 536, in _warn_or_raise_about_fit_failures
    raise ValueError(all_fits_failed_message)
ValueError: 
All the 10 fits failed.
It is very likely that your model is misconfigured.
You can try to debug the error by setting error_score='raise'.

Below are more details about the failures:
--------------------------------------------------------------------------------
10 fits failed with the following error:
Traceback (most recent call last):
  File "C:\Users\knish\PycharmProjects\AutoML-Smart-Prediction\.venv\Lib\site-packages\sklearn\model_selection\_validation.py", line 895, in _fit_and_score
    estimator.fit(X_train, y_train, **fit_params)
  File "C:\Users\knish\PycharmProjects\AutoML-Smart-Prediction\.venv\Lib\site-packages\pycaret\internal\pipeline.py", line 278, in fit
    fitted_estimator = self._memory_fit(
                       ^^^^^^^^^^^^^^^^^
  File "C:\Users\knish\PycharmProjects\AutoML-Smart-Prediction\.venv\Lib\site-packages\joblib\memory.py", line 353, in __call__
    return self.func(*args, **kwargs)
           ^^^^^^^^^^^^^^^^^^^^^^^^^^
  File "C:\Users\knish\PycharmProjects\AutoML-Smart-Prediction\.venv\Lib\site-packages\pycaret\internal\pipeline.py", line 69, in _fit_one
    transformer.fit(*args)
  File "C:\Users\knish\PycharmProjects\AutoML-Smart-Prediction\.venv\Lib\site-packages\lightgbm\sklearn.py", line 1536, in fit
    super().fit(
  File "C:\Users\knish\PycharmProjects\AutoML-Smart-Prediction\.venv\Lib\site-packages\lightgbm\sklearn.py", line 1171, in fit
    self._Booster = train(
                    ^^^^^^
  File "C:\Users\knish\PycharmProjects\AutoML-Smart-Prediction\.venv\Lib\site-packages\lightgbm\engine.py", line 296, in train
    booster = Booster(params=params, train_set=train_set)
              ^^^^^^^^^^^^^^^^^^^^^^^^^^^^^^^^^^^^^^^^^^^
  File "C:\Users\knish\PycharmProjects\AutoML-Smart-Prediction\.venv\Lib\site-packages\lightgbm\basic.py", line 3758, in __init__
    train_set.construct()
  File "C:\Users\knish\PycharmProjects\AutoML-Smart-Prediction\.venv\Lib\site-packages\lightgbm\basic.py", line 2574, in construct
    self._lazy_init(
  File "C:\Users\knish\PycharmProjects\AutoML-Smart-Prediction\.venv\Lib\site-packages\lightgbm\basic.py", line 2189, in _lazy_init
    self.set_label(label)
  File "C:\Users\knish\PycharmProjects\AutoML-Smart-Prediction\.venv\Lib\site-packages\lightgbm\basic.py", line 3097, in set_label
    self.set_field("label", label_array)
  File "C:\Users\knish\PycharmProjects\AutoML-Smart-Prediction\.venv\Lib\site-packages\lightgbm\basic.py", line 2860, in set_field
    _LIB.LGBM_DatasetSetField(
OSError: exception: access violation reading 0x0000000000000000


During handling of the above exception, another exception occurred:

Traceback (most recent call last):
  File "C:\Users\knish\PycharmProjects\AutoML-Smart-Prediction\.venv\Lib\site-packages\pycaret\internal\pycaret_experiment\supervised_experiment.py", line 815, in compare_models
    model, model_fit_time = self._create_model(**create_model_args)
                            ^^^^^^^^^^^^^^^^^^^^^^^^^^^^^^^^^^^^^^^
  File "C:\Users\knish\PycharmProjects\AutoML-Smart-Prediction\.venv\Lib\site-packages\pycaret\internal\pycaret_experiment\supervised_experiment.py", line 1533, in _create_model
    model, model_fit_time, model_results, _ = self._create_model_with_cv(
                                              ^^^^^^^^^^^^^^^^^^^^^^^^^^^
  File "C:\Users\knish\PycharmProjects\AutoML-Smart-Prediction\.venv\Lib\site-packages\pycaret\internal\pycaret_experiment\supervised_experiment.py", line 1126, in _create_model_with_cv
    scores = cross_validate(
             ^^^^^^^^^^^^^^^
  File "C:\Users\knish\PycharmProjects\AutoML-Smart-Prediction\.venv\Lib\site-packages\sklearn\utils\_param_validation.py", line 213, in wrapper
    return func(*args, **kwargs)
           ^^^^^^^^^^^^^^^^^^^^^
  File "C:\Users\knish\PycharmProjects\AutoML-Smart-Prediction\.venv\Lib\site-packages\sklearn\model_selection\_validation.py", line 450, in cross_validate
    _warn_or_raise_about_fit_failures(results, error_score)
  File "C:\Users\knish\PycharmProjects\AutoML-Smart-Prediction\.venv\Lib\site-packages\sklearn\model_selection\_validation.py", line 536, in _warn_or_raise_about_fit_failures
    raise ValueError(all_fits_failed_message)
ValueError: 
All the 10 fits failed.
It is very likely that your model is misconfigured.
You can try to debug the error by setting error_score='raise'.

Below are more details about the failures:
--------------------------------------------------------------------------------
10 fits failed with the following error:
Traceback (most recent call last):
  File "C:\Users\knish\PycharmProjects\AutoML-Smart-Prediction\.venv\Lib\site-packages\sklearn\model_selection\_validation.py", line 895, in _fit_and_score
    estimator.fit(X_train, y_train, **fit_params)
  File "C:\Users\knish\PycharmProjects\AutoML-Smart-Prediction\.venv\Lib\site-packages\pycaret\internal\pipeline.py", line 278, in fit
    fitted_estimator = self._memory_fit(
                       ^^^^^^^^^^^^^^^^^
  File "C:\Users\knish\PycharmProjects\AutoML-Smart-Prediction\.venv\Lib\site-packages\joblib\memory.py", line 353, in __call__
    return self.func(*args, **kwargs)
           ^^^^^^^^^^^^^^^^^^^^^^^^^^
  File "C:\Users\knish\PycharmProjects\AutoML-Smart-Prediction\.venv\Lib\site-packages\pycaret\internal\pipeline.py", line 69, in _fit_one
    transformer.fit(*args)
  File "C:\Users\knish\PycharmProjects\AutoML-Smart-Prediction\.venv\Lib\site-packages\lightgbm\sklearn.py", line 1536, in fit
    super().fit(
  File "C:\Users\knish\PycharmProjects\AutoML-Smart-Prediction\.venv\Lib\site-packages\lightgbm\sklearn.py", line 1171, in fit
    self._Booster = train(
                    ^^^^^^
  File "C:\Users\knish\PycharmProjects\AutoML-Smart-Prediction\.venv\Lib\site-packages\lightgbm\engine.py", line 296, in train
    booster = Booster(params=params, train_set=train_set)
              ^^^^^^^^^^^^^^^^^^^^^^^^^^^^^^^^^^^^^^^^^^^
  File "C:\Users\knish\PycharmProjects\AutoML-Smart-Prediction\.venv\Lib\site-packages\lightgbm\basic.py", line 3758, in __init__
    train_set.construct()
  File "C:\Users\knish\PycharmProjects\AutoML-Smart-Prediction\.venv\Lib\site-packages\lightgbm\basic.py", line 2574, in construct
    self._lazy_init(
  File "C:\Users\knish\PycharmProjects\AutoML-Smart-Prediction\.venv\Lib\site-packages\lightgbm\basic.py", line 2189, in _lazy_init
    self.set_label(label)
  File "C:\Users\knish\PycharmProjects\AutoML-Smart-Prediction\.venv\Lib\site-packages\lightgbm\basic.py", line 3097, in set_label
    self.set_field("label", label_array)
  File "C:\Users\knish\PycharmProjects\AutoML-Smart-Prediction\.venv\Lib\site-packages\lightgbm\basic.py", line 2860, in set_field
    _LIB.LGBM_DatasetSetField(
OSError: exception: access violation reading 0x0000000000000000


2026-09-03 09:54:19,496:INFO:Initializing Dummy Regressor
2026-09-03 09:54:19,496:INFO:Total runtime is 0.41288874546686816 minutes
2026-09-03 09:54:19,496:INFO:SubProcess create_model() called ==================================
2026-09-03 09:54:19,496:INFO:Initializing create_model()
2026-09-03 09:54:19,497:INFO:create_model(self=<pycaret.regression.oop.RegressionExperiment object at 0x00000205DF41FD90>, estimator=dummy, fold=KFold(n_splits=10, random_state=None, shuffle=False), round=4, cross_validation=True, predict=True, fit_kwargs={}, groups=None, refit=False, probability_threshold=None, experiment_custom_tags=None, verbose=False, system=False, add_to_model_list=True, metrics=None, display=<pycaret.internal.display.display.CommonDisplay object at 0x00000205E15E3F10>, model_only=True, return_train_score=False, error_score=0.0, kwargs={})
2026-09-03 09:54:19,497:INFO:Checking exceptions
2026-09-03 09:54:19,497:INFO:Importing libraries
2026-09-03 09:54:19,497:INFO:Copying training dataset
2026-09-03 09:54:19,505:INFO:Defining folds
2026-09-03 09:54:19,505:INFO:Declaring metric variables
2026-09-03 09:54:19,505:INFO:Importing untrained model
2026-09-03 09:54:19,505:INFO:Dummy Regressor Imported successfully
2026-09-03 09:54:19,506:INFO:Starting cross validation
2026-09-03 09:54:19,509:INFO:Cross validating with KFold(n_splits=10, random_state=None, shuffle=False), n_jobs=-1
2026-09-03 09:54:19,990:INFO:Calculating mean and std
2026-09-03 09:54:19,991:INFO:Creating metrics dataframe
2026-09-03 09:54:19,993:INFO:Uploading results into container
2026-09-03 09:54:19,993:INFO:Uploading model into container now
2026-09-03 09:54:19,994:INFO:_master_model_container: 17
2026-09-03 09:54:19,994:INFO:_display_container: 2
2026-09-03 09:54:19,994:INFO:DummyRegressor()
2026-09-03 09:54:19,994:INFO:create_model() successfully completed......................................
2026-09-03 09:54:20,096:INFO:SubProcess create_model() end ==================================
2026-09-03 09:54:20,096:INFO:Creating metrics dataframe
2026-09-03 09:54:20,100:WARNING:C:\Users\knish\PycharmProjects\AutoML-Smart-Prediction\.venv\Lib\site-packages\pycaret\internal\pycaret_experiment\supervised_experiment.py:339: FutureWarning: Styler.applymap has been deprecated. Use Styler.map instead.
  .applymap(highlight_cols, subset=["TT (Sec)"])

2026-09-03 09:54:20,103:INFO:Initializing create_model()
2026-09-03 09:54:20,103:INFO:create_model(self=<pycaret.regression.oop.RegressionExperiment object at 0x00000205DF41FD90>, estimator=RandomForestRegressor(n_jobs=-1, random_state=42), fold=KFold(n_splits=10, random_state=None, shuffle=False), round=4, cross_validation=False, predict=False, fit_kwargs={}, groups=None, refit=True, probability_threshold=None, experiment_custom_tags=None, verbose=False, system=False, add_to_model_list=True, metrics=None, display=None, model_only=True, return_train_score=False, error_score=0.0, kwargs={})
2026-09-03 09:54:20,103:INFO:Checking exceptions
2026-09-03 09:54:20,105:INFO:Importing libraries
2026-09-03 09:54:20,105:INFO:Copying training dataset
2026-09-03 09:54:20,113:INFO:Defining folds
2026-09-03 09:54:20,113:INFO:Declaring metric variables
2026-09-03 09:54:20,114:INFO:Importing untrained model
2026-09-03 09:54:20,114:INFO:Declaring custom model
2026-09-03 09:54:20,114:INFO:Random Forest Regressor Imported successfully
2026-09-03 09:54:20,117:INFO:Cross validation set to False
2026-09-03 09:54:20,117:INFO:Fitting Model
2026-09-03 09:54:20,433:INFO:RandomForestRegressor(n_jobs=-1, random_state=42)
2026-09-03 09:54:20,434:INFO:create_model() successfully completed......................................
2026-09-03 09:54:20,538:INFO:_master_model_container: 17
2026-09-03 09:54:20,538:INFO:_display_container: 2
2026-09-03 09:54:20,539:INFO:RandomForestRegressor(n_jobs=-1, random_state=42)
2026-09-03 09:54:20,539:INFO:compare_models() successfully completed......................................
2026-09-03 09:54:20,540:INFO:Initializing tune_model()
2026-09-03 09:54:20,540:INFO:tune_model(self=<pycaret.regression.oop.RegressionExperiment object at 0x00000205DF41FD90>, estimator=RandomForestRegressor(n_jobs=-1, random_state=42), fold=None, round=4, n_iter=10, custom_grid=None, optimize=RMSE, custom_scorer=None, search_library=scikit-learn, search_algorithm=None, early_stopping=False, early_stopping_max_iters=10, choose_better=True, fit_kwargs=None, groups=None, return_tuner=False, verbose=True, tuner_verbose=True, return_train_score=False, kwargs={})
2026-09-03 09:54:20,540:INFO:Checking exceptions
2026-09-03 09:54:20,543:INFO:Copying training dataset
2026-09-03 09:54:20,549:INFO:Checking base model
2026-09-03 09:54:20,549:INFO:Base model : Random Forest Regressor
2026-09-03 09:54:20,549:INFO:Declaring metric variables
2026-09-03 09:54:20,550:INFO:Defining Hyperparameters
2026-09-03 09:54:20,639:INFO:Tuning with n_jobs=-1
2026-09-03 09:54:20,639:INFO:Initializing RandomizedSearchCV
2026-09-03 09:54:29,365:INFO:best_params: {'actual_estimator__n_estimators': 280, 'actual_estimator__min_samples_split': 7, 'actual_estimator__min_samples_leaf': 2, 'actual_estimator__min_impurity_decrease': 0.01, 'actual_estimator__max_features': 1.0, 'actual_estimator__max_depth': 5, 'actual_estimator__criterion': 'squared_error', 'actual_estimator__bootstrap': True}
2026-09-03 09:54:29,365:INFO:Hyperparameter search completed
2026-09-03 09:54:29,366:INFO:SubProcess create_model() called ==================================
2026-09-03 09:54:29,366:INFO:Initializing create_model()
2026-09-03 09:54:29,366:INFO:create_model(self=<pycaret.regression.oop.RegressionExperiment object at 0x00000205DF41FD90>, estimator=RandomForestRegressor(n_jobs=-1, random_state=42), fold=KFold(n_splits=10, random_state=None, shuffle=False), round=4, cross_validation=True, predict=True, fit_kwargs={}, groups=None, refit=True, probability_threshold=None, experiment_custom_tags=None, verbose=True, system=False, add_to_model_list=True, metrics=None, display=<pycaret.internal.display.display.CommonDisplay object at 0x00000205E12FE410>, model_only=True, return_train_score=False, error_score=0.0, kwargs={'n_estimators': 280, 'min_samples_split': 7, 'min_samples_leaf': 2, 'min_impurity_decrease': 0.01, 'max_features': 1.0, 'max_depth': 5, 'criterion': 'squared_error', 'bootstrap': True})
2026-09-03 09:54:29,366:INFO:Checking exceptions
2026-09-03 09:54:29,366:INFO:Importing libraries
2026-09-03 09:54:29,366:INFO:Copying training dataset
2026-09-03 09:54:29,373:INFO:Defining folds
2026-09-03 09:54:29,373:INFO:Declaring metric variables
2026-09-03 09:54:29,373:INFO:Importing untrained model
2026-09-03 09:54:29,373:INFO:Declaring custom model
2026-09-03 09:54:29,374:INFO:Random Forest Regressor Imported successfully
2026-09-03 09:54:29,374:INFO:Starting cross validation
2026-09-03 09:54:29,377:INFO:Cross validating with KFold(n_splits=10, random_state=None, shuffle=False), n_jobs=-1
2026-09-03 09:54:30,799:INFO:Calculating mean and std
2026-09-03 09:54:30,800:INFO:Creating metrics dataframe
2026-09-03 09:54:30,802:INFO:Finalizing model
2026-09-03 09:54:31,326:INFO:Uploading results into container
2026-09-03 09:54:31,327:INFO:Uploading model into container now
2026-09-03 09:54:31,328:INFO:_master_model_container: 18
2026-09-03 09:54:31,328:INFO:_display_container: 3
2026-09-03 09:54:31,329:INFO:RandomForestRegressor(max_depth=5, min_impurity_decrease=0.01,
                      min_samples_leaf=2, min_samples_split=7, n_estimators=280,
                      n_jobs=-1, random_state=42)
2026-09-03 09:54:31,329:INFO:create_model() successfully completed......................................
2026-09-03 09:54:31,426:INFO:SubProcess create_model() end ==================================
2026-09-03 09:54:31,426:INFO:choose_better activated
2026-09-03 09:54:31,427:INFO:SubProcess create_model() called ==================================
2026-09-03 09:54:31,427:INFO:Initializing create_model()
2026-09-03 09:54:31,427:INFO:create_model(self=<pycaret.regression.oop.RegressionExperiment object at 0x00000205DF41FD90>, estimator=RandomForestRegressor(n_jobs=-1, random_state=42), fold=KFold(n_splits=10, random_state=None, shuffle=False), round=4, cross_validation=True, predict=True, fit_kwargs={}, groups=None, refit=True, probability_threshold=None, experiment_custom_tags=None, verbose=False, system=False, add_to_model_list=True, metrics=None, display=None, model_only=True, return_train_score=False, error_score=0.0, kwargs={})
2026-09-03 09:54:31,427:INFO:Checking exceptions
2026-09-03 09:54:31,431:INFO:Importing libraries
2026-09-03 09:54:31,431:INFO:Copying training dataset
2026-09-03 09:54:31,441:INFO:Defining folds
2026-09-03 09:54:31,441:INFO:Declaring metric variables
2026-09-03 09:54:31,441:INFO:Importing untrained model
2026-09-03 09:54:31,441:INFO:Declaring custom model
2026-09-03 09:54:31,442:INFO:Random Forest Regressor Imported successfully
2026-09-03 09:54:31,442:INFO:Starting cross validation
2026-09-03 09:54:31,444:INFO:Cross validating with KFold(n_splits=10, random_state=None, shuffle=False), n_jobs=-1
2026-09-03 09:54:32,480:INFO:Calculating mean and std
2026-09-03 09:54:32,480:INFO:Creating metrics dataframe
2026-09-03 09:54:32,482:INFO:Finalizing model
2026-09-03 09:54:32,788:INFO:Uploading results into container
2026-09-03 09:54:32,789:INFO:Uploading model into container now
2026-09-03 09:54:32,789:INFO:_master_model_container: 19
2026-09-03 09:54:32,790:INFO:_display_container: 4
2026-09-03 09:54:32,790:INFO:RandomForestRegressor(n_jobs=-1, random_state=42)
2026-09-03 09:54:32,790:INFO:create_model() successfully completed......................................
2026-09-03 09:54:32,884:INFO:SubProcess create_model() end ==================================
2026-09-03 09:54:32,886:INFO:RandomForestRegressor(n_jobs=-1, random_state=42) result for RMSE is 4.0039
2026-09-03 09:54:32,886:INFO:RandomForestRegressor(max_depth=5, min_impurity_decrease=0.01,
                      min_samples_leaf=2, min_samples_split=7, n_estimators=280,
                      n_jobs=-1, random_state=42) result for RMSE is 3.9695
2026-09-03 09:54:32,887:INFO:RandomForestRegressor(max_depth=5, min_impurity_decrease=0.01,
                      min_samples_leaf=2, min_samples_split=7, n_estimators=280,
                      n_jobs=-1, random_state=42) is best model
2026-09-03 09:54:32,887:INFO:choose_better completed
2026-09-03 09:54:32,894:INFO:_master_model_container: 19
2026-09-03 09:54:32,894:INFO:_display_container: 3
2026-09-03 09:54:32,895:INFO:RandomForestRegressor(max_depth=5, min_impurity_decrease=0.01,
                      min_samples_leaf=2, min_samples_split=7, n_estimators=280,
                      n_jobs=-1, random_state=42)
2026-09-03 09:54:32,895:INFO:tune_model() successfully completed......................................
2026-09-03 09:54:32,995:INFO:Initializing predict_model()
2026-09-03 09:54:32,996:INFO:predict_model(self=<pycaret.regression.oop.RegressionExperiment object at 0x00000205DF41FD90>, estimator=RandomForestRegressor(max_depth=5, min_impurity_decrease=0.01,
                      min_samples_leaf=2, min_samples_split=7, n_estimators=280,
                      n_jobs=-1, random_state=42), probability_threshold=None, encoded_labels=False, raw_score=False, round=4, verbose=True, ml_usecase=None, preprocess=True, encode_labels=<function _SupervisedExperiment.predict_model.<locals>.encode_labels at 0x00000205DF5049A0>)
2026-09-03 09:54:32,996:INFO:Checking exceptions
2026-09-03 09:54:32,996:INFO:Preloading libraries
2026-09-03 09:54:32,996:INFO:Set up data.
2026-09-03 09:54:33,006:INFO:Set up index.
2026-09-03 09:54:33,111:WARNING:C:\Users\knish\PycharmProjects\AutoML-Smart-Prediction\.venv\Lib\site-packages\sklearn\metrics\_regression.py:483: FutureWarning: 'squared' is deprecated in version 1.4 and will be removed in 1.6. To calculate the root mean squared error, use the function'root_mean_squared_error'.
  warnings.warn(

2026-09-03 09:54:33,267:INFO:Initializing finalize_model()
2026-09-03 09:54:33,267:INFO:finalize_model(self=<pycaret.regression.oop.RegressionExperiment object at 0x00000205DF41FD90>, estimator=RandomForestRegressor(max_depth=5, min_impurity_decrease=0.01,
                      min_samples_leaf=2, min_samples_split=7, n_estimators=280,
                      n_jobs=-1, random_state=42), fit_kwargs=None, groups=None, model_only=False, experiment_custom_tags=None)
2026-09-03 09:54:33,268:INFO:Finalizing RandomForestRegressor(max_depth=5, min_impurity_decrease=0.01,
                      min_samples_leaf=2, min_samples_split=7, n_estimators=280,
                      n_jobs=-1, random_state=42)
2026-09-03 09:54:33,271:INFO:Initializing create_model()
2026-09-03 09:54:33,271:INFO:create_model(self=<pycaret.regression.oop.RegressionExperiment object at 0x00000205DF41FD90>, estimator=RandomForestRegressor(max_depth=5, min_impurity_decrease=0.01,
                      min_samples_leaf=2, min_samples_split=7, n_estimators=280,
                      n_jobs=-1, random_state=42), fold=None, round=4, cross_validation=False, predict=False, fit_kwargs={}, groups=None, refit=True, probability_threshold=None, experiment_custom_tags=None, verbose=False, system=False, add_to_model_list=False, metrics=None, display=None, model_only=False, return_train_score=False, error_score=0.0, kwargs={})
2026-09-03 09:54:33,271:INFO:Checking exceptions
2026-09-03 09:54:33,272:INFO:Importing libraries
2026-09-03 09:54:33,272:INFO:Copying training dataset
2026-09-03 09:54:33,273:INFO:Defining folds
2026-09-03 09:54:33,273:INFO:Declaring metric variables
2026-09-03 09:54:33,273:INFO:Importing untrained model
2026-09-03 09:54:33,273:INFO:Declaring custom model
2026-09-03 09:54:33,273:INFO:Random Forest Regressor Imported successfully
2026-09-03 09:54:33,277:INFO:Cross validation set to False
2026-09-03 09:54:33,277:INFO:Fitting Model
2026-09-03 09:54:34,026:INFO:Pipeline(memory=Memory(location=None),
         steps=[('numerical_imputer',
                 TransformerWrapper(include=['age', 'Medu', 'Fedu',
                                             'traveltime', 'studytime',
                                             'failures', 'famrel', 'freetime',
                                             'goout', 'health', 'absences'],
                                    transformer=SimpleImputer())),
                ('categorical_imputer',
                 TransformerWrapper(include=['school', 'sex', 'address',
                                             'famsize', 'Pstatus', 'Mjob',
                                             'Fjob', 'reason', 'g...
                                             'guardian'],
                                    transformer=OneHotEncoder(cols=['Mjob',
                                                                    'Fjob',
                                                                    'reason',
                                                                    'guardian'],
                                                              handle_missing='return_nan',
                                                              use_cat_names=True))),
                ('normalize', TransformerWrapper(transformer=StandardScaler())),
                ('actual_estimator',
                 RandomForestRegressor(max_depth=5, min_impurity_decrease=0.01,
                                       min_samples_leaf=2, min_samples_split=7,
                                       n_estimators=280, n_jobs=-1,
                                       random_state=42))])
2026-09-03 09:54:34,026:INFO:create_model() successfully completed......................................
2026-09-03 09:54:34,111:INFO:_master_model_container: 19
2026-09-03 09:54:34,112:INFO:_display_container: 4
2026-09-03 09:54:34,257:INFO:Pipeline(memory=Memory(location=None),
         steps=[('numerical_imputer',
                 TransformerWrapper(include=['age', 'Medu', 'Fedu',
                                             'traveltime', 'studytime',
                                             'failures', 'famrel', 'freetime',
                                             'goout', 'health', 'absences'],
                                    transformer=SimpleImputer())),
                ('categorical_imputer',
                 TransformerWrapper(include=['school', 'sex', 'address',
                                             'famsize', 'Pstatus', 'Mjob',
                                             'Fjob', 'reason', 'g...
                                             'guardian'],
                                    transformer=OneHotEncoder(cols=['Mjob',
                                                                    'Fjob',
                                                                    'reason',
                                                                    'guardian'],
                                                              handle_missing='return_nan',
                                                              use_cat_names=True))),
                ('normalize', TransformerWrapper(transformer=StandardScaler())),
                ('actual_estimator',
                 RandomForestRegressor(max_depth=5, min_impurity_decrease=0.01,
                                       min_samples_leaf=2, min_samples_split=7,
                                       n_estimators=280, n_jobs=-1,
                                       random_state=42))])
2026-09-03 09:54:34,258:INFO:finalize_model() successfully completed......................................
2026-09-03 09:54:34,608:INFO:Initializing save_model()
2026-09-03 09:54:34,608:INFO:save_model(model=Pipeline(memory=Memory(location=None),
         steps=[('numerical_imputer',
                 TransformerWrapper(include=['age', 'Medu', 'Fedu',
                                             'traveltime', 'studytime',
                                             'failures', 'famrel', 'freetime',
                                             'goout', 'health', 'absences'],
                                    transformer=SimpleImputer())),
                ('categorical_imputer',
                 TransformerWrapper(include=['school', 'sex', 'address',
                                             'famsize', 'Pstatus', 'Mjob',
                                             'Fjob', 'reason', 'g...
                                             'guardian'],
                                    transformer=OneHotEncoder(cols=['Mjob',
                                                                    'Fjob',
                                                                    'reason',
                                                                    'guardian'],
                                                              handle_missing='return_nan',
                                                              use_cat_names=True))),
                ('normalize', TransformerWrapper(transformer=StandardScaler())),
                ('actual_estimator',
                 RandomForestRegressor(max_depth=5, min_impurity_decrease=0.01,
                                       min_samples_leaf=2, min_samples_split=7,
                                       n_estimators=280, n_jobs=-1,
                                       random_state=42))]), model_name=C:\Users\knish\PycharmProjects\AutoML-Smart-Prediction\models\best_model, prep_pipe_=Pipeline(memory=FastMemory(location=C:\Users\knish\AppData\Local\Temp\joblib),
         steps=[('numerical_imputer',
                 TransformerWrapper(include=['age', 'Medu', 'Fedu',
                                             'traveltime', 'studytime',
                                             'failures', 'famrel', 'freetime',
                                             'goout', 'health', 'absences'],
                                    transformer=SimpleImputer())),
                ('categorical_imputer',
                 TransformerWrapper(include=['school', 'sex', 'address',
                                             'fams...
dtype: int64},
                                                                        {'col': 'internet',
                                                                         'data_type': dtype('O'),
                                                                         'mapping': no     0
yes    1
NaN   -1
dtype: int64}]))),
                ('onehot_encoding',
                 TransformerWrapper(include=['Mjob', 'Fjob', 'reason',
                                             'guardian'],
                                    transformer=OneHotEncoder(cols=['Mjob',
                                                                    'Fjob',
                                                                    'reason',
                                                                    'guardian'],
                                                              handle_missing='return_nan',
                                                              use_cat_names=True))),
                ('normalize',
                 TransformerWrapper(transformer=StandardScaler()))]), verbose=True, use_case=MLUsecase.REGRESSION, kwargs={})
2026-09-03 09:54:34,608:INFO:Adding model into prep_pipe
2026-09-03 09:54:34,608:WARNING:Only Model saved as it was a pipeline.
2026-09-03 09:54:34,701:INFO:C:\Users\knish\PycharmProjects\AutoML-Smart-Prediction\models\best_model.pkl saved in current working directory
2026-09-03 09:54:34,837:INFO:Pipeline(memory=Memory(location=None),
         steps=[('numerical_imputer',
                 TransformerWrapper(include=['age', 'Medu', 'Fedu',
                                             'traveltime', 'studytime',
                                             'failures', 'famrel', 'freetime',
                                             'goout', 'health', 'absences'],
                                    transformer=SimpleImputer())),
                ('categorical_imputer',
                 TransformerWrapper(include=['school', 'sex', 'address',
                                             'famsize', 'Pstatus', 'Mjob',
                                             'Fjob', 'reason', 'g...
                                             'guardian'],
                                    transformer=OneHotEncoder(cols=['Mjob',
                                                                    'Fjob',
                                                                    'reason',
                                                                    'guardian'],
                                                              handle_missing='return_nan',
                                                              use_cat_names=True))),
                ('normalize', TransformerWrapper(transformer=StandardScaler())),
                ('actual_estimator',
                 RandomForestRegressor(max_depth=5, min_impurity_decrease=0.01,
                                       min_samples_leaf=2, min_samples_split=7,
                                       n_estimators=280, n_jobs=-1,
                                       random_state=42))])
2026-09-03 09:54:34,837:INFO:save_model() successfully completed......................................
